-- INSERT INTO member (login_id, login_pw, nickname, profile_image_url, intro, user_level, email, deleted_yn)
-- VALUES ('user001', 'pw001', '닉네임001', NULL, '안녕하세요, 유저001입니다.', 2, 'user001@example.com', 'N');
--
-- INSERT INTO member (login_id, login_pw, nickname, profile_image_url, intro, user_level, email, deleted_yn)
-- VALUES ('user002', 'pw002', '닉네임002', NULL, '안녕하세요, 유저002입니다.', 3, 'user002@example.com', 'N');
--
-- INSERT INTO member (login_id, login_pw, nickname, profile_image_url, intro, user_level, email, deleted_yn)
-- VALUES ('user003', 'pw003', '닉네임003', 'https://example.com/profile/user003.png', '안녕하세요, 유저003입니다.', 1, 'user003@example.com', 'N');
--
-- INSERT INTO member (login_id, login_pw, nickname, profile_image_url, intro, user_level, email, deleted_yn)
-- VALUES ('user004', 'pw004', '닉네임004', NULL, '안녕하세요, 유저004입니다.', 2, 'user004@example.com', 'N');
--
-- INSERT INTO member (login_id, login_pw, nickname, profile_image_url, intro, user_level, email, deleted_yn)
-- VALUES ('user005', 'pw005', '닉네임005', NULL, '안녕하세요, 유저005입니다.', 3, 'user005@example.com', 'N');
--
-- INSERT INTO member (login_id, login_pw, nickname, profile_image_url, intro, user_level, email, deleted_yn)
-- VALUES ('user006', 'pw006', '닉네임006', 'https://example.com/profile/user006.png', '안녕하세요, 유저006입니다.', 1, 'user006@example.com', 'N');
--
-- INSERT INTO member (login_id, login_pw, nickname, profile_image_url, intro, user_level, email, deleted_yn)
-- VALUES ('user007', 'pw007', '닉네임007', NULL, '안녕하세요, 유저007입니다.', 2, 'user007@example.com', 'N');
--
-- INSERT INTO member (login_id, login_pw, nickname, profile_image_url, intro, user_level, email, deleted_yn)
-- VALUES ('user008', 'pw008', '닉네임008', NULL, '안녕하세요, 유저008입니다.', 3, 'user008@example.com', 'N');
--
-- INSERT INTO member (login_id, login_pw, nickname, profile_image_url, intro, user_level, email, deleted_yn)
-- VALUES ('user009', 'pw009', '닉네임009', 'https://example.com/profile/user009.png', '안녕하세요, 유저009입니다.', 1, 'user009@example.com', 'N');
--
-- INSERT INTO member (login_id, login_pw, nickname, profile_image_url, intro, user_level, email, deleted_yn)
-- VALUES ('user010', 'pw010', '닉네임010', NULL, '안녕하세요, 유저010입니다.', 2, 'user010@example.com', 'N');
--
-- INSERT INTO member (login_id, login_pw, nickname, profile_image_url, intro, user_level, email, deleted_yn)
-- VALUES ('user011', 'pw011', '닉네임011', NULL, '안녕하세요, 유저011입니다.', 3, 'user011@example.com', 'N');
--
-- INSERT INTO member (login_id, login_pw, nickname, profile_image_url, intro, user_level, email, deleted_yn)
-- VALUES ('user012', 'pw012', '닉네임012', 'https://example.com/profile/user012.png', '안녕하세요, 유저012입니다.', 1, 'user012@example.com', 'N');
--
-- INSERT INTO member (login_id, login_pw, nickname, profile_image_url, intro, user_level, email, deleted_yn)
-- VALUES ('user013', 'pw013', '닉네임013', NULL, '안녕하세요, 유저013입니다.', 2, 'user013@example.com', 'N');
--
-- INSERT INTO member (login_id, login_pw, nickname, profile_image_url, intro, user_level, email, deleted_yn)
-- VALUES ('user014', 'pw014', '닉네임014', NULL, '안녕하세요, 유저014입니다.', 3, 'user014@example.com', 'N');
--
-- INSERT INTO member (login_id, login_pw, nickname, profile_image_url, intro, user_level, email, deleted_yn)
-- VALUES ('user015', 'pw015', '닉네임015', 'https://example.com/profile/user015.png', '안녕하세요, 유저015입니다.', 1, 'user015@example.com', 'N');
--
-- INSERT INTO member (login_id, login_pw, nickname, profile_image_url, intro, user_level, email, deleted_yn)
-- VALUES ('user016', 'pw016', '닉네임016', NULL, '안녕하세요, 유저016입니다.', 2, 'user016@example.com', 'N');
--
-- INSERT INTO member (login_id, login_pw, nickname, profile_image_url, intro, user_level, email, deleted_yn)
-- VALUES ('user017', 'pw017', '닉네임017', NULL, '안녕하세요, 유저017입니다.', 3, 'user017@example.com', 'N');
--
-- INSERT INTO member (login_id, login_pw, nickname, profile_image_url, intro, user_level, email, deleted_yn)
-- VALUES ('user018', 'pw018', '닉네임018', 'https://example.com/profile/user018.png', '안녕하세요, 유저018입니다.', 1, 'user018@example.com', 'N');
--
-- INSERT INTO member (login_id, login_pw, nickname, profile_image_url, intro, user_level, email, deleted_yn)
-- VALUES ('user019', 'pw019', '닉네임019', NULL, '안녕하세요, 유저019입니다.', 2, 'user019@example.com', 'N');
--
-- INSERT INTO member (login_id, login_pw, nickname, profile_image_url, intro, user_level, email, deleted_yn)
-- VALUES ('user020', 'pw020', '닉네임020', NULL, '안녕하세요, 유저020입니다.', 3, 'user020@example.com', 'Y');
--
-- INSERT INTO member (login_id, login_pw, nickname, profile_image_url, intro, user_level, email, deleted_yn)
-- VALUES ('user021', 'pw021', '닉네임021', 'https://example.com/profile/user021.png', '안녕하세요, 유저021입니다.', 1, 'user021@example.com', 'N');
--
-- INSERT INTO member (login_id, login_pw, nickname, profile_image_url, intro, user_level, email, deleted_yn)
-- VALUES ('user022', 'pw022', '닉네임022', NULL, '안녕하세요, 유저022입니다.', 2, 'user022@example.com', 'N');
--
-- INSERT INTO member (login_id, login_pw, nickname, profile_image_url, intro, user_level, email, deleted_yn)
-- VALUES ('user023', 'pw023', '닉네임023', NULL, '안녕하세요, 유저023입니다.', 3, 'user023@example.com', 'N');
--
-- INSERT INTO member (login_id, login_pw, nickname, profile_image_url, intro, user_level, email, deleted_yn)
-- VALUES ('user024', 'pw024', '닉네임024', 'https://example.com/profile/user024.png', '안녕하세요, 유저024입니다.', 1, 'user024@example.com', 'N');
--
-- INSERT INTO member (login_id, login_pw, nickname, profile_image_url, intro, user_level, email, deleted_yn)
-- VALUES ('user025', 'pw025', '닉네임025', NULL, '안녕하세요, 유저025입니다.', 2, 'user025@example.com', 'N');
--
-- INSERT INTO member (login_id, login_pw, nickname, profile_image_url, intro, user_level, email, deleted_yn)
-- VALUES ('user026', 'pw026', '닉네임026', NULL, '안녕하세요, 유저026입니다.', 3, 'user026@example.com', 'N');
--
-- INSERT INTO member (login_id, login_pw, nickname, profile_image_url, intro, user_level, email, deleted_yn)
-- VALUES ('user027', 'pw027', '닉네임027', 'https://example.com/profile/user027.png', '안녕하세요, 유저027입니다.', 1, 'user027@example.com', 'N');
--
-- INSERT INTO member (login_id, login_pw, nickname, profile_image_url, intro, user_level, email, deleted_yn)
-- VALUES ('user028', 'pw028', '닉네임028', NULL, '안녕하세요, 유저028입니다.', 2, 'user028@example.com', 'N');
--
-- INSERT INTO member (login_id, login_pw, nickname, profile_image_url, intro, user_level, email, deleted_yn)
-- VALUES ('user029', 'pw029', '닉네임029', NULL, '안녕하세요, 유저029입니다.', 3, 'user029@example.com', 'N');
--
-- INSERT INTO member (login_id, login_pw, nickname, profile_image_url, intro, user_level, email, deleted_yn)
-- VALUES ('user030', 'pw030', '닉네임030', 'https://example.com/profile/user030.png', '안녕하세요, 유저030입니다.', 1, 'user030@example.com', 'N');
--
-- INSERT INTO member (login_id, login_pw, nickname, profile_image_url, intro, user_level, email, deleted_yn)
-- VALUES ('user031', 'pw031', '닉네임031', NULL, '안녕하세요, 유저031입니다.', 2, 'user031@example.com', 'N');
--
-- INSERT INTO member (login_id, login_pw, nickname, profile_image_url, intro, user_level, email, deleted_yn)
-- VALUES ('user032', 'pw032', '닉네임032', NULL, '안녕하세요, 유저032입니다.', 3, 'user032@example.com', 'N');
--
-- INSERT INTO member (login_id, login_pw, nickname, profile_image_url, intro, user_level, email, deleted_yn)
-- VALUES ('user033', 'pw033', '닉네임033', 'https://example.com/profile/user033.png', '안녕하세요, 유저033입니다.', 1, 'user033@example.com', 'N');
--
-- INSERT INTO member (login_id, login_pw, nickname, profile_image_url, intro, user_level, email, deleted_yn)
-- VALUES ('user034', 'pw034', '닉네임034', NULL, '안녕하세요, 유저034입니다.', 2, 'user034@example.com', 'N');
--
-- INSERT INTO member (login_id, login_pw, nickname, profile_image_url, intro, user_level, email, deleted_yn)
-- VALUES ('user035', 'pw035', '닉네임035', NULL, '안녕하세요, 유저035입니다.', 3, 'user035@example.com', 'N');
--
-- INSERT INTO member (login_id, login_pw, nickname, profile_image_url, intro, user_level, email, deleted_yn)
-- VALUES ('user036', 'pw036', '닉네임036', 'https://example.com/profile/user036.png', '안녕하세요, 유저036입니다.', 1, 'user036@example.com', 'N');
--
-- INSERT INTO member (login_id, login_pw, nickname, profile_image_url, intro, user_level, email, deleted_yn)
-- VALUES ('user037', 'pw037', '닉네임037', NULL, '안녕하세요, 유저037입니다.', 2, 'user037@example.com', 'N');
--
-- INSERT INTO member (login_id, login_pw, nickname, profile_image_url, intro, user_level, email, deleted_yn)
-- VALUES ('user038', 'pw038', '닉네임038', NULL, '안녕하세요, 유저038입니다.', 3, 'user038@example.com', 'N');
--
-- INSERT INTO member (login_id, login_pw, nickname, profile_image_url, intro, user_level, email, deleted_yn)
-- VALUES ('user039', 'pw039', '닉네임039', 'https://example.com/profile/user039.png', '안녕하세요, 유저039입니다.', 1, 'user039@example.com', 'N');
--
-- INSERT INTO member (login_id, login_pw, nickname, profile_image_url, intro, user_level, email, deleted_yn)
-- VALUES ('user040', 'pw040', '닉네임040', NULL, '안녕하세요, 유저040입니다.', 2, 'user040@example.com', 'Y');
--
-- INSERT INTO member (login_id, login_pw, nickname, profile_image_url, intro, user_level, email, deleted_yn)
-- VALUES ('user041', 'pw041', '닉네임041', NULL, '안녕하세요, 유저041입니다.', 3, 'user041@example.com', 'N');
--
-- INSERT INTO member (login_id, login_pw, nickname, profile_image_url, intro, user_level, email, deleted_yn)
-- VALUES ('user042', 'pw042', '닉네임042', 'https://example.com/profile/user042.png', '안녕하세요, 유저042입니다.', 1, 'user042@example.com', 'N');
--
-- INSERT INTO member (login_id, login_pw, nickname, profile_image_url, intro, user_level, email, deleted_yn)
-- VALUES ('user043', 'pw043', '닉네임043', NULL, '안녕하세요, 유저043입니다.', 2, 'user043@example.com', 'N');
--
-- INSERT INTO member (login_id, login_pw, nickname, profile_image_url, intro, user_level, email, deleted_yn)
-- VALUES ('user044', 'pw044', '닉네임044', NULL, '안녕하세요, 유저044입니다.', 3, 'user044@example.com', 'N');
--
-- INSERT INTO member (login_id, login_pw, nickname, profile_image_url, intro, user_level, email, deleted_yn)
-- VALUES ('user045', 'pw045', '닉네임045', 'https://example.com/profile/user045.png', '안녕하세요, 유저045입니다.', 1, 'user045@example.com', 'N');
--
-- INSERT INTO member (login_id, login_pw, nickname, profile_image_url, intro, user_level, email, deleted_yn)
-- VALUES ('user046', 'pw046', '닉네임046', NULL, '안녕하세요, 유저046입니다.', 2, 'user046@example.com', 'N');
--
-- INSERT INTO member (login_id, login_pw, nickname, profile_image_url, intro, user_level, email, deleted_yn)
-- VALUES ('user047', 'pw047', '닉네임047', NULL, '안녕하세요, 유저047입니다.', 3, 'user047@example.com', 'N');
--
-- INSERT INTO member (login_id, login_pw, nickname, profile_image_url, intro, user_level, email, deleted_yn)
-- VALUES ('user048', 'pw048', '닉네임048', 'https://example.com/profile/user048.png', '안녕하세요, 유저048입니다.', 1, 'user048@example.com', 'N');
--
-- INSERT INTO member (login_id, login_pw, nickname, profile_image_url, intro, user_level, email, deleted_yn)
-- VALUES ('user049', 'pw049', '닉네임049', NULL, '안녕하세요, 유저049입니다.', 2, 'user049@example.com', 'N');
--
-- INSERT INTO member (login_id, login_pw, nickname, profile_image_url, intro, user_level, email, deleted_yn)
-- VALUES ('user050', 'pw050', '닉네임050', NULL, '안녕하세요, 유저050입니다.', 3, 'user050@example.com', 'N');
--
-- INSERT INTO member (login_id, login_pw, nickname, profile_image_url, intro, user_level, email, deleted_yn)
-- VALUES ('user051', 'pw051', '닉네임051', 'https://example.com/profile/user051.png', '안녕하세요, 유저051입니다.', 1, 'user051@example.com', 'N');
--
-- INSERT INTO member (login_id, login_pw, nickname, profile_image_url, intro, user_level, email, deleted_yn)
-- VALUES ('user052', 'pw052', '닉네임052', NULL, '안녕하세요, 유저052입니다.', 2, 'user052@example.com', 'N');
--
-- INSERT INTO member (login_id, login_pw, nickname, profile_image_url, intro, user_level, email, deleted_yn)
-- VALUES ('user053', 'pw053', '닉네임053', NULL, '안녕하세요, 유저053입니다.', 3, 'user053@example.com', 'N');
--
-- INSERT INTO member (login_id, login_pw, nickname, profile_image_url, intro, user_level, email, deleted_yn)
-- VALUES ('user054', 'pw054', '닉네임054', 'https://example.com/profile/user054.png', '안녕하세요, 유저054입니다.', 1, 'user054@example.com', 'N');
--
-- INSERT INTO member (login_id, login_pw, nickname, profile_image_url, intro, user_level, email, deleted_yn)
-- VALUES ('user055', 'pw055', '닉네임055', NULL, '안녕하세요, 유저055입니다.', 2, 'user055@example.com', 'N');
--
-- INSERT INTO member (login_id, login_pw, nickname, profile_image_url, intro, user_level, email, deleted_yn)
-- VALUES ('user056', 'pw056', '닉네임056', NULL, '안녕하세요, 유저056입니다.', 3, 'user056@example.com', 'N');
--
-- INSERT INTO member (login_id, login_pw, nickname, profile_image_url, intro, user_level, email, deleted_yn)
-- VALUES ('user057', 'pw057', '닉네임057', 'https://example.com/profile/user057.png', '안녕하세요, 유저057입니다.', 1, 'user057@example.com', 'N');
--
-- INSERT INTO member (login_id, login_pw, nickname, profile_image_url, intro, user_level, email, deleted_yn)
-- VALUES ('user058', 'pw058', '닉네임058', NULL, '안녕하세요, 유저058입니다.', 2, 'user058@example.com', 'N');
--
-- INSERT INTO member (login_id, login_pw, nickname, profile_image_url, intro, user_level, email, deleted_yn)
-- VALUES ('user059', 'pw059', '닉네임059', NULL, '안녕하세요, 유저059입니다.', 3, 'user059@example.com', 'N');
--
-- INSERT INTO member (login_id, login_pw, nickname, profile_image_url, intro, user_level, email, deleted_yn)
-- VALUES ('user060', 'pw060', '닉네임060', 'https://example.com/profile/user060.png', '안녕하세요, 유저060입니다.', 1, 'user060@example.com', 'Y');
--
-- INSERT INTO member (login_id, login_pw, nickname, profile_image_url, intro, user_level, email, deleted_yn)
-- VALUES ('user061', 'pw061', '닉네임061', NULL, '안녕하세요, 유저061입니다.', 2, 'user061@example.com', 'N');
--
-- INSERT INTO member (login_id, login_pw, nickname, profile_image_url, intro, user_level, email, deleted_yn)
-- VALUES ('user062', 'pw062', '닉네임062', NULL, '안녕하세요, 유저062입니다.', 3, 'user062@example.com', 'N');
--
-- INSERT INTO member (login_id, login_pw, nickname, profile_image_url, intro, user_level, email, deleted_yn)
-- VALUES ('user063', 'pw063', '닉네임063', 'https://example.com/profile/user063.png', '안녕하세요, 유저063입니다.', 1, 'user063@example.com', 'N');
--
-- INSERT INTO member (login_id, login_pw, nickname, profile_image_url, intro, user_level, email, deleted_yn)
-- VALUES ('user064', 'pw064', '닉네임064', NULL, '안녕하세요, 유저064입니다.', 2, 'user064@example.com', 'N');
--
-- INSERT INTO member (login_id, login_pw, nickname, profile_image_url, intro, user_level, email, deleted_yn)
-- VALUES ('user065', 'pw065', '닉네임065', NULL, '안녕하세요, 유저065입니다.', 3, 'user065@example.com', 'N');
--
-- INSERT INTO member (login_id, login_pw, nickname, profile_image_url, intro, user_level, email, deleted_yn)
-- VALUES ('user066', 'pw066', '닉네임066', 'https://example.com/profile/user066.png', '안녕하세요, 유저066입니다.', 1, 'user066@example.com', 'N');
--
-- INSERT INTO member (login_id, login_pw, nickname, profile_image_url, intro, user_level, email, deleted_yn)
-- VALUES ('user067', 'pw067', '닉네임067', NULL, '안녕하세요, 유저067입니다.', 2, 'user067@example.com', 'N');
--
-- INSERT INTO member (login_id, login_pw, nickname, profile_image_url, intro, user_level, email, deleted_yn)
-- VALUES ('user068', 'pw068', '닉네임068', NULL, '안녕하세요, 유저068입니다.', 3, 'user068@example.com', 'N');
--
-- INSERT INTO member (login_id, login_pw, nickname, profile_image_url, intro, user_level, email, deleted_yn)
-- VALUES ('user069', 'pw069', '닉네임069', 'https://example.com/profile/user069.png', '안녕하세요, 유저069입니다.', 1, 'user069@example.com', 'N');
--
-- INSERT INTO member (login_id, login_pw, nickname, profile_image_url, intro, user_level, email, deleted_yn)
-- VALUES ('user070', 'pw070', '닉네임070', NULL, '안녕하세요, 유저070입니다.', 2, 'user070@example.com', 'N');
--
-- INSERT INTO member (login_id, login_pw, nickname, profile_image_url, intro, user_level, email, deleted_yn)
-- VALUES ('user071', 'pw071', '닉네임071', NULL, '안녕하세요, 유저071입니다.', 3, 'user071@example.com', 'N');
--
-- INSERT INTO member (login_id, login_pw, nickname, profile_image_url, intro, user_level, email, deleted_yn)
-- VALUES ('user072', 'pw072', '닉네임072', 'https://example.com/profile/user072.png', '안녕하세요, 유저072입니다.', 1, 'user072@example.com', 'N');
--
-- INSERT INTO member (login_id, login_pw, nickname, profile_image_url, intro, user_level, email, deleted_yn)
-- VALUES ('user073', 'pw073', '닉네임073', NULL, '안녕하세요, 유저073입니다.', 2, 'user073@example.com', 'N');
--
-- INSERT INTO member (login_id, login_pw, nickname, profile_image_url, intro, user_level, email, deleted_yn)
-- VALUES ('user074', 'pw074', '닉네임074', NULL, '안녕하세요, 유저074입니다.', 3, 'user074@example.com', 'N');
--
-- INSERT INTO member (login_id, login_pw, nickname, profile_image_url, intro, user_level, email, deleted_yn)
-- VALUES ('user075', 'pw075', '닉네임075', 'https://example.com/profile/user075.png', '안녕하세요, 유저075입니다.', 1, 'user075@example.com', 'N');
--
-- INSERT INTO member (login_id, login_pw, nickname, profile_image_url, intro, user_level, email, deleted_yn)
-- VALUES ('user076', 'pw076', '닉네임076', NULL, '안녕하세요, 유저076입니다.', 2, 'user076@example.com', 'N');
--
-- INSERT INTO member (login_id, login_pw, nickname, profile_image_url, intro, user_level, email, deleted_yn)
-- VALUES ('user077', 'pw077', '닉네임077', NULL, '안녕하세요, 유저077입니다.', 3, 'user077@example.com', 'N');
--
-- INSERT INTO member (login_id, login_pw, nickname, profile_image_url, intro, user_level, email, deleted_yn)
-- VALUES ('user078', 'pw078', '닉네임078', 'https://example.com/profile/user078.png', '안녕하세요, 유저078입니다.', 1, 'user078@example.com', 'N');
--
-- INSERT INTO member (login_id, login_pw, nickname, profile_image_url, intro, user_level, email, deleted_yn)
-- VALUES ('user079', 'pw079', '닉네임079', NULL, '안녕하세요, 유저079입니다.', 2, 'user079@example.com', 'N');
--
-- INSERT INTO member (login_id, login_pw, nickname, profile_image_url, intro, user_level, email, deleted_yn)
-- VALUES ('user080', 'pw080', '닉네임080', NULL, '안녕하세요, 유저080입니다.', 3, 'user080@example.com', 'Y');
--
-- INSERT INTO member (login_id, login_pw, nickname, profile_image_url, intro, user_level, email, deleted_yn)
-- VALUES ('user081', 'pw081', '닉네임081', 'https://example.com/profile/user081.png', '안녕하세요, 유저081입니다.', 1, 'user081@example.com', 'N');
--
-- INSERT INTO member (login_id, login_pw, nickname, profile_image_url, intro, user_level, email, deleted_yn)
-- VALUES ('user082', 'pw082', '닉네임082', NULL, '안녕하세요, 유저082입니다.', 2, 'user082@example.com', 'N');
--
-- INSERT INTO member (login_id, login_pw, nickname, profile_image_url, intro, user_level, email, deleted_yn)
-- VALUES ('user083', 'pw083', '닉네임083', NULL, '안녕하세요, 유저083입니다.', 3, 'user083@example.com', 'N');
--
-- INSERT INTO member (login_id, login_pw, nickname, profile_image_url, intro, user_level, email, deleted_yn)
-- VALUES ('user084', 'pw084', '닉네임084', 'https://example.com/profile/user084.png', '안녕하세요, 유저084입니다.', 1, 'user084@example.com', 'N');
--
-- INSERT INTO member (login_id, login_pw, nickname, profile_image_url, intro, user_level, email, deleted_yn)
-- VALUES ('user085', 'pw085', '닉네임085', NULL, '안녕하세요, 유저085입니다.', 2, 'user085@example.com', 'N');
--
-- INSERT INTO member (login_id, login_pw, nickname, profile_image_url, intro, user_level, email, deleted_yn)
-- VALUES ('user086', 'pw086', '닉네임086', NULL, '안녕하세요, 유저086입니다.', 3, 'user086@example.com', 'N');
--
-- INSERT INTO member (login_id, login_pw, nickname, profile_image_url, intro, user_level, email, deleted_yn)
-- VALUES ('user087', 'pw087', '닉네임087', 'https://example.com/profile/user087.png', '안녕하세요, 유저087입니다.', 1, 'user087@example.com', 'N');
--
-- INSERT INTO member (login_id, login_pw, nickname, profile_image_url, intro, user_level, email, deleted_yn)
-- VALUES ('user088', 'pw088', '닉네임088', NULL, '안녕하세요, 유저088입니다.', 2, 'user088@example.com', 'N');
--
-- INSERT INTO member (login_id, login_pw, nickname, profile_image_url, intro, user_level, email, deleted_yn)
-- VALUES ('user089', 'pw089', '닉네임089', NULL, '안녕하세요, 유저089입니다.', 3, 'user089@example.com', 'N');
--
-- INSERT INTO member (login_id, login_pw, nickname, profile_image_url, intro, user_level, email, deleted_yn)
-- VALUES ('user090', 'pw090', '닉네임090', 'https://example.com/profile/user090.png', '안녕하세요, 유저090입니다.', 1, 'user090@example.com', 'N');
--
-- INSERT INTO member (login_id, login_pw, nickname, profile_image_url, intro, user_level, email, deleted_yn)
-- VALUES ('user091', 'pw091', '닉네임091', NULL, '안녕하세요, 유저091입니다.', 2, 'user091@example.com', 'N');
--
-- INSERT INTO member (login_id, login_pw, nickname, profile_image_url, intro, user_level, email, deleted_yn)
-- VALUES ('user092', 'pw092', '닉네임092', NULL, '안녕하세요, 유저092입니다.', 3, 'user092@example.com', 'N');
--
-- INSERT INTO member (login_id, login_pw, nickname, profile_image_url, intro, user_level, email, deleted_yn)
-- VALUES ('user093', 'pw093', '닉네임093', 'https://example.com/profile/user093.png', '안녕하세요, 유저093입니다.', 1, 'user093@example.com', 'N');
--
-- INSERT INTO member (login_id, login_pw, nickname, profile_image_url, intro, user_level, email, deleted_yn)
-- VALUES ('user094', 'pw094', '닉네임094', NULL, '안녕하세요, 유저094입니다.', 2, 'user094@example.com', 'N');
--
-- INSERT INTO member (login_id, login_pw, nickname, profile_image_url, intro, user_level, email, deleted_yn)
-- VALUES ('user095', 'pw095', '닉네임095', NULL, '안녕하세요, 유저095입니다.', 3, 'user095@example.com', 'N');
--
-- INSERT INTO member (login_id, login_pw, nickname, profile_image_url, intro, user_level, email, deleted_yn)
-- VALUES ('user096', 'pw096', '닉네임096', 'https://example.com/profile/user096.png', '안녕하세요, 유저096입니다.', 1, 'user096@example.com', 'N');
--
-- INSERT INTO member (login_id, login_pw, nickname, profile_image_url, intro, user_level, email, deleted_yn)
-- VALUES ('user097', 'pw097', '닉네임097', NULL, '안녕하세요, 유저097입니다.', 2, 'user097@example.com', 'N');
--
-- INSERT INTO member (login_id, login_pw, nickname, profile_image_url, intro, user_level, email, deleted_yn)
-- VALUES ('user098', 'pw098', '닉네임098', NULL, '안녕하세요, 유저098입니다.', 3, 'user098@example.com', 'N');
--
-- INSERT INTO member (login_id, login_pw, nickname, profile_image_url, intro, user_level, email, deleted_yn)
-- VALUES ('user099', 'pw099', '닉네임099', 'https://example.com/profile/user099.png', '안녕하세요, 유저099입니다.', 1, 'user099@example.com', 'N');
--
-- INSERT INTO member (login_id, login_pw, nickname, profile_image_url, intro, user_level, email, deleted_yn)
-- VALUES ('user100', 'pw100', '닉네임100', NULL, '안녕하세요, 유저100입니다.', 2, 'user100@example.com', 'Y');
-- commit ;



INSERT INTO store (name, one_line_desc, address, region_name, latitude, longitude, avg_rating, bookmark_count, phone)
VALUES ('굿즈샵001', '홍대 인기 애니메이션 굿즈샵 1호점', '서울 홍대 어딘가 1번지', '홍대', 37.556000, 126.923000, 3.00, 5, '010-1001-2001');

INSERT INTO store (name, one_line_desc, address, region_name, latitude, longitude, avg_rating, bookmark_count, phone)
VALUES ('굿즈샵002', '강남 인기 애니메이션 굿즈샵 2호점', '서울 강남 어딘가 2번지', '강남', 37.498000, 127.028000, 3.10, 10, '010-1002-2002');

INSERT INTO store (name, one_line_desc, address, region_name, latitude, longitude, avg_rating, bookmark_count, phone)
VALUES ('굿즈샵003', '건대 인기 애니메이션 굿즈샵 3호점', '서울 건대 어딘가 3번지', '건대', 37.540000, 127.070000, 3.20, 15, '010-1003-2003');

INSERT INTO store (name, one_line_desc, address, region_name, latitude, longitude, avg_rating, bookmark_count, phone)
VALUES ('굿즈샵004', '명동 인기 애니메이션 굿즈샵 4호점', '서울 명동 어딘가 4번지', '명동', 37.563000, 126.982000, 3.30, 20, '010-1004-2004');

INSERT INTO store (name, one_line_desc, address, region_name, latitude, longitude, avg_rating, bookmark_count, phone)
VALUES ('굿즈샵005', '신촌 인기 애니메이션 굿즈샵 5호점', '서울 신촌 어딘가 5번지', '신촌', 37.559000, 126.942000, 3.40, 25, '010-1005-2005');

INSERT INTO store (name, one_line_desc, address, region_name, latitude, longitude, avg_rating, bookmark_count, phone)
VALUES ('굿즈샵006', '종로 인기 애니메이션 굿즈샵 6호점', '서울 종로 어딘가 6번지', '종로', 37.571000, 126.979000, 3.50, 30, '010-1006-2006');

INSERT INTO store (name, one_line_desc, address, region_name, latitude, longitude, avg_rating, bookmark_count, phone)
VALUES ('굿즈샵007', '잠실 인기 애니메이션 굿즈샵 7호점', '서울 잠실 어딘가 7번지', '잠실', 37.513000, 127.102000, 3.60, 35, '010-1007-2007');

INSERT INTO store (name, one_line_desc, address, region_name, latitude, longitude, avg_rating, bookmark_count, phone)
VALUES ('굿즈샵008', '일산 인기 애니메이션 굿즈샵 8호점', '경기 일산 어딘가 8번지', '일산', 37.675000, 126.777000, 3.70, 40, '010-1008-2008');

INSERT INTO store (name, one_line_desc, address, region_name, latitude, longitude, avg_rating, bookmark_count, phone)
VALUES ('굿즈샵009', '수원 인기 애니메이션 굿즈샵 9호점', '경기 수원 어딘가 9번지', '수원', 37.265000, 127.000000, 3.80, 45, '010-1009-2009');

INSERT INTO store (name, one_line_desc, address, region_name, latitude, longitude, avg_rating, bookmark_count, phone)
VALUES ('굿즈샵010', '부산 인기 애니메이션 굿즈샵 10호점', '부산 부산 어딘가 10번지', '부산', 35.159000, 129.060000, 3.90, 50, '010-1010-2010');

INSERT INTO store (name, one_line_desc, address, region_name, latitude, longitude, avg_rating, bookmark_count, phone)
VALUES ('굿즈샵011', '홍대 인기 애니메이션 굿즈샵 11호점', '서울 홍대 어딘가 11번지', '홍대', 37.556000, 126.923000, 4.00, 55, '010-1011-2011');

INSERT INTO store (name, one_line_desc, address, region_name, latitude, longitude, avg_rating, bookmark_count, phone)
VALUES ('굿즈샵012', '강남 인기 애니메이션 굿즈샵 12호점', '서울 강남 어딘가 12번지', '강남', 37.498000, 127.028000, 4.10, 60, '010-1012-2012');

INSERT INTO store (name, one_line_desc, address, region_name, latitude, longitude, avg_rating, bookmark_count, phone)
VALUES ('굿즈샵013', '건대 인기 애니메이션 굿즈샵 13호점', '서울 건대 어딘가 13번지', '건대', 37.540000, 127.070000, 4.20, 65, '010-1013-2013');

INSERT INTO store (name, one_line_desc, address, region_name, latitude, longitude, avg_rating, bookmark_count, phone)
VALUES ('굿즈샵014', '명동 인기 애니메이션 굿즈샵 14호점', '서울 명동 어딘가 14번지', '명동', 37.563000, 126.982000, 4.30, 70, '010-1014-2014');

INSERT INTO store (name, one_line_desc, address, region_name, latitude, longitude, avg_rating, bookmark_count, phone)
VALUES ('굿즈샵015', '신촌 인기 애니메이션 굿즈샵 15호점', '서울 신촌 어딘가 15번지', '신촌', 37.559000, 126.942000, 4.40, 75, '010-1015-2015');

INSERT INTO store (name, one_line_desc, address, region_name, latitude, longitude, avg_rating, bookmark_count, phone)
VALUES ('굿즈샵016', '종로 인기 애니메이션 굿즈샵 16호점', '서울 종로 어딘가 16번지', '종로', 37.571000, 126.979000, 4.50, 80, '010-1016-2016');

INSERT INTO store (name, one_line_desc, address, region_name, latitude, longitude, avg_rating, bookmark_count, phone)
VALUES ('굿즈샵017', '잠실 인기 애니메이션 굿즈샵 17호점', '서울 잠실 어딘가 17번지', '잠실', 37.513000, 127.102000, 4.60, 85, '010-1017-2017');

INSERT INTO store (name, one_line_desc, address, region_name, latitude, longitude, avg_rating, bookmark_count, phone)
VALUES ('굿즈샵018', '일산 인기 애니메이션 굿즈샵 18호점', '경기 일산 어딘가 18번지', '일산', 37.675000, 126.777000, 4.70, 90, '010-1018-2018');

INSERT INTO store (name, one_line_desc, address, region_name, latitude, longitude, avg_rating, bookmark_count, phone)
VALUES ('굿즈샵019', '수원 인기 애니메이션 굿즈샵 19호점', '경기 수원 어딘가 19번지', '수원', 37.265000, 127.000000, 4.80, 95, '010-1019-2019');

INSERT INTO store (name, one_line_desc, address, region_name, latitude, longitude, avg_rating, bookmark_count, phone)
VALUES ('굿즈샵020', '부산 인기 애니메이션 굿즈샵 20호점', '부산 부산 어딘가 20번지', '부산', 35.159000, 129.060000, 4.90, 100, '010-1020-2020');

INSERT INTO store (name, one_line_desc, address, region_name, latitude, longitude, avg_rating, bookmark_count, phone)
VALUES ('굿즈샵021', '홍대 인기 애니메이션 굿즈샵 21호점', '서울 홍대 어딘가 21번지', '홍대', 37.556000, 126.923000, 3.00, 105, '010-1021-2021');

INSERT INTO store (name, one_line_desc, address, region_name, latitude, longitude, avg_rating, bookmark_count, phone)
VALUES ('굿즈샵022', '강남 인기 애니메이션 굿즈샵 22호점', '서울 강남 어딘가 22번지', '강남', 37.498000, 127.028000, 3.10, 110, '010-1022-2022');

INSERT INTO store (name, one_line_desc, address, region_name, latitude, longitude, avg_rating, bookmark_count, phone)
VALUES ('굿즈샵023', '건대 인기 애니메이션 굿즈샵 23호점', '서울 건대 어딘가 23번지', '건대', 37.540000, 127.070000, 3.20, 115, '010-1023-2023');

INSERT INTO store (name, one_line_desc, address, region_name, latitude, longitude, avg_rating, bookmark_count, phone)
VALUES ('굿즈샵024', '명동 인기 애니메이션 굿즈샵 24호점', '서울 명동 어딘가 24번지', '명동', 37.563000, 126.982000, 3.30, 120, '010-1024-2024');

INSERT INTO store (name, one_line_desc, address, region_name, latitude, longitude, avg_rating, bookmark_count, phone)
VALUES ('굿즈샵025', '신촌 인기 애니메이션 굿즈샵 25호점', '서울 신촌 어딘가 25번지', '신촌', 37.559000, 126.942000, 3.40, 125, '010-1025-2025');

INSERT INTO store (name, one_line_desc, address, region_name, latitude, longitude, avg_rating, bookmark_count, phone)
VALUES ('굿즈샵026', '종로 인기 애니메이션 굿즈샵 26호점', '서울 종로 어딘가 26번지', '종로', 37.571000, 126.979000, 3.50, 130, '010-1026-2026');

INSERT INTO store (name, one_line_desc, address, region_name, latitude, longitude, avg_rating, bookmark_count, phone)
VALUES ('굿즈샵027', '잠실 인기 애니메이션 굿즈샵 27호점', '서울 잠실 어딘가 27번지', '잠실', 37.513000, 127.102000, 3.60, 135, '010-1027-2027');

INSERT INTO store (name, one_line_desc, address, region_name, latitude, longitude, avg_rating, bookmark_count, phone)
VALUES ('굿즈샵028', '일산 인기 애니메이션 굿즈샵 28호점', '경기 일산 어딘가 28번지', '일산', 37.675000, 126.777000, 3.70, 140, '010-1028-2028');

INSERT INTO store (name, one_line_desc, address, region_name, latitude, longitude, avg_rating, bookmark_count, phone)
VALUES ('굿즈샵029', '수원 인기 애니메이션 굿즈샵 29호점', '경기 수원 어딘가 29번지', '수원', 37.265000, 127.000000, 3.80, 145, '010-1029-2029');

INSERT INTO store (name, one_line_desc, address, region_name, latitude, longitude, avg_rating, bookmark_count, phone)
VALUES ('굿즈샵030', '부산 인기 애니메이션 굿즈샵 30호점', '부산 부산 어딘가 30번지', '부산', 35.159000, 129.060000, 3.90, 150, '010-1030-2030');

INSERT INTO store (name, one_line_desc, address, region_name, latitude, longitude, avg_rating, bookmark_count, phone)
VALUES ('굿즈샵031', '홍대 인기 애니메이션 굿즈샵 31호점', '서울 홍대 어딘가 31번지', '홍대', 37.556000, 126.923000, 4.00, 155, '010-1031-2031');

INSERT INTO store (name, one_line_desc, address, region_name, latitude, longitude, avg_rating, bookmark_count, phone)
VALUES ('굿즈샵032', '강남 인기 애니메이션 굿즈샵 32호점', '서울 강남 어딘가 32번지', '강남', 37.498000, 127.028000, 4.10, 160, '010-1032-2032');

INSERT INTO store (name, one_line_desc, address, region_name, latitude, longitude, avg_rating, bookmark_count, phone)
VALUES ('굿즈샵033', '건대 인기 애니메이션 굿즈샵 33호점', '서울 건대 어딘가 33번지', '건대', 37.540000, 127.070000, 4.20, 165, '010-1033-2033');

INSERT INTO store (name, one_line_desc, address, region_name, latitude, longitude, avg_rating, bookmark_count, phone)
VALUES ('굿즈샵034', '명동 인기 애니메이션 굿즈샵 34호점', '서울 명동 어딘가 34번지', '명동', 37.563000, 126.982000, 4.30, 170, '010-1034-2034');

INSERT INTO store (name, one_line_desc, address, region_name, latitude, longitude, avg_rating, bookmark_count, phone)
VALUES ('굿즈샵035', '신촌 인기 애니메이션 굿즈샵 35호점', '서울 신촌 어딘가 35번지', '신촌', 37.559000, 126.942000, 4.40, 175, '010-1035-2035');

INSERT INTO store (name, one_line_desc, address, region_name, latitude, longitude, avg_rating, bookmark_count, phone)
VALUES ('굿즈샵036', '종로 인기 애니메이션 굿즈샵 36호점', '서울 종로 어딘가 36번지', '종로', 37.571000, 126.979000, 4.50, 180, '010-1036-2036');

INSERT INTO store (name, one_line_desc, address, region_name, latitude, longitude, avg_rating, bookmark_count, phone)
VALUES ('굿즈샵037', '잠실 인기 애니메이션 굿즈샵 37호점', '서울 잠실 어딘가 37번지', '잠실', 37.513000, 127.102000, 4.60, 185, '010-1037-2037');

INSERT INTO store (name, one_line_desc, address, region_name, latitude, longitude, avg_rating, bookmark_count, phone)
VALUES ('굿즈샵038', '일산 인기 애니메이션 굿즈샵 38호점', '경기 일산 어딘가 38번지', '일산', 37.675000, 126.777000, 4.70, 190, '010-1038-2038');

INSERT INTO store (name, one_line_desc, address, region_name, latitude, longitude, avg_rating, bookmark_count, phone)
VALUES ('굿즈샵039', '수원 인기 애니메이션 굿즈샵 39호점', '경기 수원 어딘가 39번지', '수원', 37.265000, 127.000000, 4.80, 195, '010-1039-2039');

INSERT INTO store (name, one_line_desc, address, region_name, latitude, longitude, avg_rating, bookmark_count, phone)
VALUES ('굿즈샵040', '부산 인기 애니메이션 굿즈샵 40호점', '부산 부산 어딘가 40번지', '부산', 35.159000, 129.060000, 4.90, 200, '010-1040-2040');

-- 41 ~ 80
INSERT INTO store (name, one_line_desc, address, region_name, latitude, longitude, avg_rating, bookmark_count, phone)
VALUES ('굿즈샵041', '홍대 인기 애니메이션 굿즈샵 41호점', '서울 홍대 어딘가 41번지', '홍대', 37.556000, 126.923000, 3.00, 205, '010-1041-2041');

INSERT INTO store (name, one_line_desc, address, region_name, latitude, longitude, avg_rating, bookmark_count, phone)
VALUES ('굿즈샵042', '강남 인기 애니메이션 굿즈샵 42호점', '서울 강남 어딘가 42번지', '강남', 37.498000, 127.028000, 3.10, 210, '010-1042-2042');

INSERT INTO store (name, one_line_desc, address, region_name, latitude, longitude, avg_rating, bookmark_count, phone)
VALUES ('굿즈샵043', '건대 인기 애니메이션 굿즈샵 43호점', '서울 건대 어딘가 43번지', '건대', 37.540000, 127.070000, 3.20, 215, '010-1043-2043');

INSERT INTO store (name, one_line_desc, address, region_name, latitude, longitude, avg_rating, bookmark_count, phone)
VALUES ('굿즈샵044', '명동 인기 애니메이션 굿즈샵 44호점', '서울 명동 어딘가 44번지', '명동', 37.563000, 126.982000, 3.30, 220, '010-1044-2044');

INSERT INTO store (name, one_line_desc, address, region_name, latitude, longitude, avg_rating, bookmark_count, phone)
VALUES ('굿즈샵045', '신촌 인기 애니메이션 굿즈샵 45호점', '서울 신촌 어딘가 45번지', '신촌', 37.559000, 126.942000, 3.40, 225, '010-1045-2045');

INSERT INTO store (name, one_line_desc, address, region_name, latitude, longitude, avg_rating, bookmark_count, phone)
VALUES ('굿즈샵046', '종로 인기 애니메이션 굿즈샵 46호점', '서울 종로 어딘가 46번지', '종로', 37.571000, 126.979000, 3.50, 230, '010-1046-2046');

INSERT INTO store (name, one_line_desc, address, region_name, latitude, longitude, avg_rating, bookmark_count, phone)
VALUES ('굿즈샵047', '잠실 인기 애니메이션 굿즈샵 47호점', '서울 잠실 어딘가 47번지', '잠실', 37.513000, 127.102000, 3.60, 235, '010-1047-2047');

INSERT INTO store (name, one_line_desc, address, region_name, latitude, longitude, avg_rating, bookmark_count, phone)
VALUES ('굿즈샵048', '일산 인기 애니메이션 굿즈샵 48호점', '경기 일산 어딘가 48번지', '일산', 37.675000, 126.777000, 3.70, 240, '010-1048-2048');

INSERT INTO store (name, one_line_desc, address, region_name, latitude, longitude, avg_rating, bookmark_count, phone)
VALUES ('굿즈샵049', '수원 인기 애니메이션 굿즈샵 49호점', '경기 수원 어딘가 49번지', '수원', 37.265000, 127.000000, 3.80, 245, '010-1049-2049');

INSERT INTO store (name, one_line_desc, address, region_name, latitude, longitude, avg_rating, bookmark_count, phone)
VALUES ('굿즈샵050', '부산 인기 애니메이션 굿즈샵 50호점', '부산 부산 어딘가 50번지', '부산', 35.159000, 129.060000, 3.90, 250, '010-1050-2050');

INSERT INTO store (name, one_line_desc, address, region_name, latitude, longitude, avg_rating, bookmark_count, phone)
VALUES ('굿즈샵051', '홍대 인기 애니메이션 굿즈샵 51호점', '서울 홍대 어딘가 51번지', '홍대', 37.556000, 126.923000, 4.00, 255, '010-1051-2051');

INSERT INTO store (name, one_line_desc, address, region_name, latitude, longitude, avg_rating, bookmark_count, phone)
VALUES ('굿즈샵052', '강남 인기 애니메이션 굿즈샵 52호점', '서울 강남 어딘가 52번지', '강남', 37.498000, 127.028000, 4.10, 260, '010-1052-2052');

INSERT INTO store (name, one_line_desc, address, region_name, latitude, longitude, avg_rating, bookmark_count, phone)
VALUES ('굿즈샵053', '건대 인기 애니메이션 굿즈샵 53호점', '서울 건대 어딘가 53번지', '건대', 37.540000, 127.070000, 4.20, 265, '010-1053-2053');

INSERT INTO store (name, one_line_desc, address, region_name, latitude, longitude, avg_rating, bookmark_count, phone)
VALUES ('굿즈샵054', '명동 인기 애니메이션 굿즈샵 54호점', '서울 명동 어딘가 54번지', '명동', 37.563000, 126.982000, 4.30, 270, '010-1054-2054');

INSERT INTO store (name, one_line_desc, address, region_name, latitude, longitude, avg_rating, bookmark_count, phone)
VALUES ('굿즈샵055', '신촌 인기 애니메이션 굿즈샵 55호점', '서울 신촌 어딘가 55번지', '신촌', 37.559000, 126.942000, 4.40, 275, '010-1055-2055');

INSERT INTO store (name, one_line_desc, address, region_name, latitude, longitude, avg_rating, bookmark_count, phone)
VALUES ('굿즈샵056', '종로 인기 애니메이션 굿즈샵 56호점', '서울 종로 어딘가 56번지', '종로', 37.571000, 126.979000, 4.50, 280, '010-1056-2056');

INSERT INTO store (name, one_line_desc, address, region_name, latitude, longitude, avg_rating, bookmark_count, phone)
VALUES ('굿즈샵057', '잠실 인기 애니메이션 굿즈샵 57호점', '서울 잠실 어딘가 57번지', '잠실', 37.513000, 127.102000, 4.60, 285, '010-1057-2057');

INSERT INTO store (name, one_line_desc, address, region_name, latitude, longitude, avg_rating, bookmark_count, phone)
VALUES ('굿즈샵058', '일산 인기 애니메이션 굿즈샵 58호점', '경기 일산 어딘가 58번지', '일산', 37.675000, 126.777000, 4.70, 290, '010-1058-2058');

INSERT INTO store (name, one_line_desc, address, region_name, latitude, longitude, avg_rating, bookmark_count, phone)
VALUES ('굿즈샵059', '수원 인기 애니메이션 굿즈샵 59호점', '경기 수원 어딘가 59번지', '수원', 37.265000, 127.000000, 4.80, 295, '010-1059-2059');

INSERT INTO store (name, one_line_desc, address, region_name, latitude, longitude, avg_rating, bookmark_count, phone)
VALUES ('굿즈샵060', '부산 인기 애니메이션 굿즈샵 60호점', '부산 부산 어딘가 60번지', '부산', 35.159000, 129.060000, 4.90, 300, '010-1060-2060');

INSERT INTO store (name, one_line_desc, address, region_name, latitude, longitude, avg_rating, bookmark_count, phone)
VALUES ('굿즈샵061', '홍대 인기 애니메이션 굿즈샵 61호점', '서울 홍대 어딘가 61번지', '홍대', 37.556000, 126.923000, 3.00, 305, '010-1061-2061');

INSERT INTO store (name, one_line_desc, address, region_name, latitude, longitude, avg_rating, bookmark_count, phone)
VALUES ('굿즈샵062', '강남 인기 애니메이션 굿즈샵 62호점', '서울 강남 어딘가 62번지', '강남', 37.498000, 127.028000, 3.10, 310, '010-1062-2062');

INSERT INTO store (name, one_line_desc, address, region_name, latitude, longitude, avg_rating, bookmark_count, phone)
VALUES ('굿즈샵063', '건대 인기 애니메이션 굿즈샵 63호점', '서울 건대 어딘가 63번지', '건대', 37.540000, 127.070000, 3.20, 315, '010-1063-2063');

INSERT INTO store (name, one_line_desc, address, region_name, latitude, longitude, avg_rating, bookmark_count, phone)
VALUES ('굿즈샵064', '명동 인기 애니메이션 굿즈샵 64호점', '서울 명동 어딘가 64번지', '명동', 37.563000, 126.982000, 3.30, 320, '010-1064-2064');

INSERT INTO store (name, one_line_desc, address, region_name, latitude, longitude, avg_rating, bookmark_count, phone)
VALUES ('굿즈샵065', '신촌 인기 애니메이션 굿즈샵 65호점', '서울 신촌 어딘가 65번지', '신촌', 37.559000, 126.942000, 3.40, 325, '010-1065-2065');

INSERT INTO store (name, one_line_desc, address, region_name, latitude, longitude, avg_rating, bookmark_count, phone)
VALUES ('굿즈샵066', '종로 인기 애니메이션 굿즈샵 66호점', '서울 종로 어딘가 66번지', '종로', 37.571000, 126.979000, 3.50, 330, '010-1066-2066');

INSERT INTO store (name, one_line_desc, address, region_name, latitude, longitude, avg_rating, bookmark_count, phone)
VALUES ('굿즈샵067', '잠실 인기 애니메이션 굿즈샵 67호점', '서울 잠실 어딘가 67번지', '잠실', 37.513000, 127.102000, 3.60, 335, '010-1067-2067');

INSERT INTO store (name, one_line_desc, address, region_name, latitude, longitude, avg_rating, bookmark_count, phone)
VALUES ('굿즈샵068', '일산 인기 애니메이션 굿즈샵 68호점', '경기 일산 어딘가 68번지', '일산', 37.675000, 126.777000, 3.70, 340, '010-1068-2068');

INSERT INTO store (name, one_line_desc, address, region_name, latitude, longitude, avg_rating, bookmark_count, phone)
VALUES ('굿즈샵069', '수원 인기 애니메이션 굿즈샵 69호점', '경기 수원 어딘가 69번지', '수원', 37.265000, 127.000000, 3.80, 345, '010-1069-2069');

INSERT INTO store (name, one_line_desc, address, region_name, latitude, longitude, avg_rating, bookmark_count, phone)
VALUES ('굿즈샵070', '부산 인기 애니메이션 굿즈샵 70호점', '부산 부산 어딘가 70번지', '부산', 35.159000, 129.060000, 3.90, 350, '010-1070-2070');

INSERT INTO store (name, one_line_desc, address, region_name, latitude, longitude, avg_rating, bookmark_count, phone)
VALUES ('굿즈샵071', '홍대 인기 애니메이션 굿즈샵 71호점', '서울 홍대 어딘가 71번지', '홍대', 37.556000, 126.923000, 4.00, 355, '010-1071-2071');

INSERT INTO store (name, one_line_desc, address, region_name, latitude, longitude, avg_rating, bookmark_count, phone)
VALUES ('굿즈샵072', '강남 인기 애니메이션 굿즈샵 72호점', '서울 강남 어딘가 72번지', '강남', 37.498000, 127.028000, 4.10, 360, '010-1072-2072');

INSERT INTO store (name, one_line_desc, address, region_name, latitude, longitude, avg_rating, bookmark_count, phone)
VALUES ('굿즈샵073', '건대 인기 애니메이션 굿즈샵 73호점', '서울 건대 어딘가 73번지', '건대', 37.540000, 127.070000, 4.20, 365, '010-1073-2073');

INSERT INTO store (name, one_line_desc, address, region_name, latitude, longitude, avg_rating, bookmark_count, phone)
VALUES ('굿즈샵074', '명동 인기 애니메이션 굿즈샵 74호점', '서울 명동 어딘가 74번지', '명동', 37.563000, 126.982000, 4.30, 370, '010-1074-2074');

INSERT INTO store (name, one_line_desc, address, region_name, latitude, longitude, avg_rating, bookmark_count, phone)
VALUES ('굿즈샵075', '신촌 인기 애니메이션 굿즈샵 75호점', '서울 신촌 어딘가 75번지', '신촌', 37.559000, 126.942000, 4.40, 375, '010-1075-2075');

INSERT INTO store (name, one_line_desc, address, region_name, latitude, longitude, avg_rating, bookmark_count, phone)
VALUES ('굿즈샵076', '종로 인기 애니메이션 굿즈샵 76호점', '서울 종로 어딘가 76번지', '종로', 37.571000, 126.979000, 4.50, 380, '010-1076-2076');

INSERT INTO store (name, one_line_desc, address, region_name, latitude, longitude, avg_rating, bookmark_count, phone)
VALUES ('굿즈샵077', '잠실 인기 애니메이션 굿즈샵 77호점', '서울 잠실 어딘가 77번지', '잠실', 37.513000, 127.102000, 4.60, 385, '010-1077-2077');

INSERT INTO store (name, one_line_desc, address, region_name, latitude, longitude, avg_rating, bookmark_count, phone)
VALUES ('굿즈샵078', '일산 인기 애니메이션 굿즈샵 78호점', '경기 일산 어딘가 78번지', '일산', 37.675000, 126.777000, 4.70, 390, '010-1078-2078');

INSERT INTO store (name, one_line_desc, address, region_name, latitude, longitude, avg_rating, bookmark_count, phone)
VALUES ('굿즈샵079', '수원 인기 애니메이션 굿즈샵 79호점', '경기 수원 어딘가 79번지', '수원', 37.265000, 127.000000, 4.80, 395, '010-1079-2079');

INSERT INTO store (name, one_line_desc, address, region_name, latitude, longitude, avg_rating, bookmark_count, phone)
VALUES ('굿즈샵080', '부산 인기 애니메이션 굿즈샵 80호점', '부산 부산 어딘가 80번지', '부산', 35.159000, 129.060000, 4.90, 400, '010-1080-2080');

-- 81 ~ 100
INSERT INTO store (name, one_line_desc, address, region_name, latitude, longitude, avg_rating, bookmark_count, phone)
VALUES ('굿즈샵081', '홍대 인기 애니메이션 굿즈샵 81호점', '서울 홍대 어딘가 81번지', '홍대', 37.556000, 126.923000, 3.00, 405, '010-1081-2081');

INSERT INTO store (name, one_line_desc, address, region_name, latitude, longitude, avg_rating, bookmark_count, phone)
VALUES ('굿즈샵082', '강남 인기 애니메이션 굿즈샵 82호점', '서울 강남 어딘가 82번지', '강남', 37.498000, 127.028000, 3.10, 410, '010-1082-2082');

INSERT INTO store (name, one_line_desc, address, region_name, latitude, longitude, avg_rating, bookmark_count, phone)
VALUES ('굿즈샵083', '건대 인기 애니메이션 굿즈샵 83호점', '서울 건대 어딘가 83번지', '건대', 37.540000, 127.070000, 3.20, 415, '010-1083-2083');

INSERT INTO store (name, one_line_desc, address, region_name, latitude, longitude, avg_rating, bookmark_count, phone)
VALUES ('굿즈샵084', '명동 인기 애니메이션 굿즈샵 84호점', '서울 명동 어딘가 84번지', '명동', 37.563000, 126.982000, 3.30, 420, '010-1084-2084');

INSERT INTO store (name, one_line_desc, address, region_name, latitude, longitude, avg_rating, bookmark_count, phone)
VALUES ('굿즈샵085', '신촌 인기 애니메이션 굿즈샵 85호점', '서울 신촌 어딘가 85번지', '신촌', 37.559000, 126.942000, 3.40, 425, '010-1085-2085');

INSERT INTO store (name, one_line_desc, address, region_name, latitude, longitude, avg_rating, bookmark_count, phone)
VALUES ('굿즈샵086', '종로 인기 애니메이션 굿즈샵 86호점', '서울 종로 어딘가 86번지', '종로', 37.571000, 126.979000, 3.50, 430, '010-1086-2086');

INSERT INTO store (name, one_line_desc, address, region_name, latitude, longitude, avg_rating, bookmark_count, phone)
VALUES ('굿즈샵087', '잠실 인기 애니메이션 굿즈샵 87호점', '서울 잠실 어딘가 87번지', '잠실', 37.513000, 127.102000, 3.60, 435, '010-1087-2087');

INSERT INTO store (name, one_line_desc, address, region_name, latitude, longitude, avg_rating, bookmark_count, phone)
VALUES ('굿즈샵088', '일산 인기 애니메이션 굿즈샵 88호점', '경기 일산 어딘가 88번지', '일산', 37.675000, 126.777000, 3.70, 440, '010-1088-2088');

INSERT INTO store (name, one_line_desc, address, region_name, latitude, longitude, avg_rating, bookmark_count, phone)
VALUES ('굿즈샵089', '수원 인기 애니메이션 굿즈샵 89호점', '경기 수원 어딘가 89번지', '수원', 37.265000, 127.000000, 3.80, 445, '010-1089-2089');

INSERT INTO store (name, one_line_desc, address, region_name, latitude, longitude, avg_rating, bookmark_count, phone)
VALUES ('굿즈샵090', '부산 인기 애니메이션 굿즈샵 90호점', '부산 부산 어딘가 90번지', '부산', 35.159000, 129.060000, 3.90, 450, '010-1090-2090');

INSERT INTO store (name, one_line_desc, address, region_name, latitude, longitude, avg_rating, bookmark_count, phone)
VALUES ('굿즈샵091', '홍대 인기 애니메이션 굿즈샵 91호점', '서울 홍대 어딘가 91번지', '홍대', 37.556000, 126.923000, 4.00, 455, '010-1091-2091');

INSERT INTO store (name, one_line_desc, address, region_name, latitude, longitude, avg_rating, bookmark_count, phone)
VALUES ('굿즈샵092', '강남 인기 애니메이션 굿즈샵 92호점', '서울 강남 어딘가 92번지', '강남', 37.498000, 127.028000, 4.10, 460, '010-1092-2092');

INSERT INTO store (name, one_line_desc, address, region_name, latitude, longitude, avg_rating, bookmark_count, phone)
VALUES ('굿즈샵093', '건대 인기 애니메이션 굿즈샵 93호점', '서울 건대 어딘가 93번지', '건대', 37.540000, 127.070000, 4.20, 465, '010-1093-2093');

INSERT INTO store (name, one_line_desc, address, region_name, latitude, longitude, avg_rating, bookmark_count, phone)
VALUES ('굿즈샵094', '명동 인기 애니메이션 굿즈샵 94호점', '서울 명동 어딘가 94번지', '명동', 37.563000, 126.982000, 4.30, 470, '010-1094-2094');

INSERT INTO store (name, one_line_desc, address, region_name, latitude, longitude, avg_rating, bookmark_count, phone)
VALUES ('굿즈샵095', '신촌 인기 애니메이션 굿즈샵 95호점', '서울 신촌 어딘가 95번지', '신촌', 37.559000, 126.942000, 4.40, 475, '010-1095-2095');

INSERT INTO store (name, one_line_desc, address, region_name, latitude, longitude, avg_rating, bookmark_count, phone)
VALUES ('굿즈샵096', '종로 인기 애니메이션 굿즈샵 96호점', '서울 종로 어딘가 96번지', '종로', 37.571000, 126.979000, 4.50, 480, '010-1096-2096');

INSERT INTO store (name, one_line_desc, address, region_name, latitude, longitude, avg_rating, bookmark_count, phone)
VALUES ('굿즈샵097', '잠실 인기 애니메이션 굿즈샵 97호점', '서울 잠실 어딘가 97번지', '잠실', 37.513000, 127.102000, 4.60, 485, '010-1097-2097');

INSERT INTO store (name, one_line_desc, address, region_name, latitude, longitude, avg_rating, bookmark_count, phone)
VALUES ('굿즈샵098', '일산 인기 애니메이션 굿즈샵 98호점', '경기 일산 어딘가 98번지', '일산', 37.675000, 126.777000, 4.70, 490, '010-1098-2098');

INSERT INTO store (name, one_line_desc, address, region_name, latitude, longitude, avg_rating, bookmark_count, phone)
VALUES ('굿즈샵099', '수원 인기 애니메이션 굿즈샵 99호점', '경기 수원 어딘가 99번지', '수원', 37.265000, 127.000000, 4.80, 495, '010-1099-2099');

INSERT INTO store (name, one_line_desc, address, region_name, latitude, longitude, avg_rating, bookmark_count, phone)
VALUES ('굿즈샵100', '부산 인기 애니메이션 굿즈샵 100호점', '부산 부산 어딘가 100번지', '부산', 35.159000, 129.060000, 4.90, 500, '010-1100-2100');
commit;


INSERT INTO store_goods (goods_id, store_id, name, work_name, character_name, category, price, stock_qty, thumbnail_url)
VALUES (1, 1, '굿즈상품001', '작품001', '캐릭터001', '포토카드', 5000, 5, 'https://example.com/goods/goods001.jpg');

INSERT INTO store_goods (goods_id, store_id, name, work_name, character_name, category, price, stock_qty, thumbnail_url)
VALUES (2, 2, '굿즈상품002', '작품002', '캐릭터002', '피규어', 6000, 8, 'https://example.com/goods/goods002.jpg');

INSERT INTO store_goods (goods_id, store_id, name, work_name, character_name, category, price, stock_qty, thumbnail_url)
VALUES (3, 3, '굿즈상품003', '작품003', '캐릭터003', '키링', 7000, 11, 'https://example.com/goods/goods003.jpg');

INSERT INTO store_goods (goods_id, store_id, name, work_name, character_name, category, price, stock_qty, thumbnail_url)
VALUES (4, 4, '굿즈상품004', '작품004', '캐릭터004', '티셔츠', 8000, 14, 'https://example.com/goods/goods004.jpg');

INSERT INTO store_goods (goods_id, store_id, name, work_name, character_name, category, price, stock_qty, thumbnail_url)
VALUES (5, 5, '굿즈상품005', '작품005', '캐릭터005', '앨범', 9000, 17, 'https://example.com/goods/goods005.jpg');

INSERT INTO store_goods (goods_id, store_id, name, work_name, character_name, category, price, stock_qty, thumbnail_url)
VALUES (6, 6, '굿즈상품006', '작품006', '캐릭터006', '스티커', 10000, 20, 'https://example.com/goods/goods006.jpg');

INSERT INTO store_goods (goods_id, store_id, name, work_name, character_name, category, price, stock_qty, thumbnail_url)
VALUES (7, 7, '굿즈상품007', '작품007', '캐릭터007', '쿠션', 11000, 23, 'https://example.com/goods/goods007.jpg');

INSERT INTO store_goods (goods_id, store_id, name, work_name, character_name, category, price, stock_qty, thumbnail_url)
VALUES (8, 8, '굿즈상품008', '작품008', '캐릭터008', '머그컵', 12000, 26, 'https://example.com/goods/goods008.jpg');

INSERT INTO store_goods (goods_id, store_id, name, work_name, character_name, category, price, stock_qty, thumbnail_url)
VALUES (9, 9, '굿즈상품009', '작품009', '캐릭터009', '아크릴스탠드', 13000, 29, 'https://example.com/goods/goods009.jpg');

INSERT INTO store_goods (goods_id, store_id, name, work_name, character_name, category, price, stock_qty, thumbnail_url)
VALUES (10, 10, '굿즈상품010', '작품010', '캐릭터010', '뱃지', 14000, 32, 'https://example.com/goods/goods010.jpg');

INSERT INTO store_goods (goods_id, store_id, name, work_name, character_name, category, price, stock_qty, thumbnail_url)
VALUES (11, 11, '굿즈상품011', '작품011', '캐릭터011', '포토카드', 5000, 5, 'https://example.com/goods/goods011.jpg');

INSERT INTO store_goods (goods_id, store_id, name, work_name, character_name, category, price, stock_qty, thumbnail_url)
VALUES (12, 12, '굿즈상품012', '작품012', '캐릭터012', '피규어', 6000, 8, 'https://example.com/goods/goods012.jpg');

INSERT INTO store_goods (goods_id, store_id, name, work_name, character_name, category, price, stock_qty, thumbnail_url)
VALUES (13, 13, '굿즈상품013', '작품013', '캐릭터013', '키링', 7000, 11, 'https://example.com/goods/goods013.jpg');

INSERT INTO store_goods (goods_id, store_id, name, work_name, character_name, category, price, stock_qty, thumbnail_url)
VALUES (14, 14, '굿즈상품014', '작품014', '캐릭터014', '티셔츠', 8000, 14, 'https://example.com/goods/goods014.jpg');

INSERT INTO store_goods (goods_id, store_id, name, work_name, character_name, category, price, stock_qty, thumbnail_url)
VALUES (15, 15, '굿즈상품015', '작품015', '캐릭터015', '앨범', 9000, 17, 'https://example.com/goods/goods015.jpg');

INSERT INTO store_goods (goods_id, store_id, name, work_name, character_name, category, price, stock_qty, thumbnail_url)
VALUES (16, 16, '굿즈상품016', '작품016', '캐릭터016', '스티커', 10000, 20, 'https://example.com/goods/goods016.jpg');

INSERT INTO store_goods (goods_id, store_id, name, work_name, character_name, category, price, stock_qty, thumbnail_url)
VALUES (17, 17, '굿즈상품017', '작품017', '캐릭터017', '쿠션', 11000, 23, 'https://example.com/goods/goods017.jpg');

INSERT INTO store_goods (goods_id, store_id, name, work_name, character_name, category, price, stock_qty, thumbnail_url)
VALUES (18, 18, '굿즈상품018', '작품018', '캐릭터018', '머그컵', 12000, 26, 'https://example.com/goods/goods018.jpg');

INSERT INTO store_goods (goods_id, store_id, name, work_name, character_name, category, price, stock_qty, thumbnail_url)
VALUES (19, 19, '굿즈상품019', '작품019', '캐릭터019', '아크릴스탠드', 13000, 29, 'https://example.com/goods/goods019.jpg');

INSERT INTO store_goods (goods_id, store_id, name, work_name, character_name, category, price, stock_qty, thumbnail_url)
VALUES (20, 20, '굿즈상품020', '작품020', '캐릭터020', '뱃지', 14000, 32, 'https://example.com/goods/goods020.jpg');

INSERT INTO store_goods (goods_id, store_id, name, work_name, character_name, category, price, stock_qty, thumbnail_url)
VALUES (21, 21, '굿즈상품021', '작품021', '캐릭터021', '포토카드', 5000, 5, 'https://example.com/goods/goods021.jpg');

INSERT INTO store_goods (goods_id, store_id, name, work_name, character_name, category, price, stock_qty, thumbnail_url)
VALUES (22, 22, '굿즈상품022', '작품022', '캐릭터022', '피규어', 6000, 8, 'https://example.com/goods/goods022.jpg');

INSERT INTO store_goods (goods_id, store_id, name, work_name, character_name, category, price, stock_qty, thumbnail_url)
VALUES (23, 23, '굿즈상품023', '작품023', '캐릭터023', '키링', 7000, 11, 'https://example.com/goods/goods023.jpg');

INSERT INTO store_goods (goods_id, store_id, name, work_name, character_name, category, price, stock_qty, thumbnail_url)
VALUES (24, 24, '굿즈상품024', '작품024', '캐릭터024', '티셔츠', 8000, 14, 'https://example.com/goods/goods024.jpg');

INSERT INTO store_goods (goods_id, store_id, name, work_name, character_name, category, price, stock_qty, thumbnail_url)
VALUES (25, 25, '굿즈상품025', '작품025', '캐릭터025', '앨범', 9000, 17, 'https://example.com/goods/goods025.jpg');

INSERT INTO store_goods (goods_id, store_id, name, work_name, character_name, category, price, stock_qty, thumbnail_url)
VALUES (26, 26, '굿즈상품026', '작품026', '캐릭터026', '스티커', 10000, 20, 'https://example.com/goods/goods026.jpg');

INSERT INTO store_goods (goods_id, store_id, name, work_name, character_name, category, price, stock_qty, thumbnail_url)
VALUES (27, 27, '굿즈상품027', '작품027', '캐릭터027', '쿠션', 11000, 23, 'https://example.com/goods/goods027.jpg');

INSERT INTO store_goods (goods_id, store_id, name, work_name, character_name, category, price, stock_qty, thumbnail_url)
VALUES (28, 28, '굿즈상품028', '작품028', '캐릭터028', '머그컵', 12000, 26, 'https://example.com/goods/goods028.jpg');

INSERT INTO store_goods (goods_id, store_id, name, work_name, character_name, category, price, stock_qty, thumbnail_url)
VALUES (29, 29, '굿즈상품029', '작품029', '캐릭터029', '아크릴스탠드', 13000, 29, 'https://example.com/goods/goods029.jpg');

INSERT INTO store_goods (goods_id, store_id, name, work_name, character_name, category, price, stock_qty, thumbnail_url)
VALUES (30, 30, '굿즈상품030', '작품030', '캐릭터030', '뱃지', 14000, 32, 'https://example.com/goods/goods030.jpg');

INSERT INTO store_goods (goods_id, store_id, name, work_name, character_name, category, price, stock_qty, thumbnail_url)
VALUES (31, 31, '굿즈상품031', '작품031', '캐릭터031', '포토카드', 5000, 5, 'https://example.com/goods/goods031.jpg');

INSERT INTO store_goods (goods_id, store_id, name, work_name, character_name, category, price, stock_qty, thumbnail_url)
VALUES (32, 32, '굿즈상품032', '작품032', '캐릭터032', '피규어', 6000, 8, 'https://example.com/goods/goods032.jpg');

INSERT INTO store_goods (goods_id, store_id, name, work_name, character_name, category, price, stock_qty, thumbnail_url)
VALUES (33, 33, '굿즈상품033', '작품033', '캐릭터033', '키링', 7000, 11, 'https://example.com/goods/goods033.jpg');

INSERT INTO store_goods (goods_id, store_id, name, work_name, character_name, category, price, stock_qty, thumbnail_url)
VALUES (34, 34, '굿즈상품034', '작품034', '캐릭터034', '티셔츠', 8000, 14, 'https://example.com/goods/goods034.jpg');

INSERT INTO store_goods (goods_id, store_id, name, work_name, character_name, category, price, stock_qty, thumbnail_url)
VALUES (35, 35, '굿즈상품035', '작품035', '캐릭터035', '앨범', 9000, 17, 'https://example.com/goods/goods035.jpg');

INSERT INTO store_goods (goods_id, store_id, name, work_name, character_name, category, price, stock_qty, thumbnail_url)
VALUES (36, 36, '굿즈상품036', '작품036', '캐릭터036', '스티커', 10000, 20, 'https://example.com/goods/goods036.jpg');

INSERT INTO store_goods (goods_id, store_id, name, work_name, character_name, category, price, stock_qty, thumbnail_url)
VALUES (37, 37, '굿즈상품037', '작품037', '캐릭터037', '쿠션', 11000, 23, 'https://example.com/goods/goods037.jpg');

INSERT INTO store_goods (goods_id, store_id, name, work_name, character_name, category, price, stock_qty, thumbnail_url)
VALUES (38, 38, '굿즈상품038', '작품038', '캐릭터038', '머그컵', 12000, 26, 'https://example.com/goods/goods038.jpg');

INSERT INTO store_goods (goods_id, store_id, name, work_name, character_name, category, price, stock_qty, thumbnail_url)
VALUES (39, 39, '굿즈상품039', '작품039', '캐릭터039', '아크릴스탠드', 13000, 29, 'https://example.com/goods/goods039.jpg');

INSERT INTO store_goods (goods_id, store_id, name, work_name, character_name, category, price, stock_qty, thumbnail_url)
VALUES (40, 40, '굿즈상품040', '작품040', '캐릭터040', '뱃지', 14000, 32, 'https://example.com/goods/goods040.jpg');

INSERT INTO store_goods (goods_id, store_id, name, work_name, character_name, category, price, stock_qty, thumbnail_url)
VALUES (41, 41, '굿즈상품041', '작품041', '캐릭터041', '포토카드', 5000, 5, 'https://example.com/goods/goods041.jpg');

INSERT INTO store_goods (goods_id, store_id, name, work_name, character_name, category, price, stock_qty, thumbnail_url)
VALUES (42, 42, '굿즈상품042', '작품042', '캐릭터042', '피규어', 6000, 8, 'https://example.com/goods/goods042.jpg');

INSERT INTO store_goods (goods_id, store_id, name, work_name, character_name, category, price, stock_qty, thumbnail_url)
VALUES (43, 43, '굿즈상품043', '작품043', '캐릭터043', '키링', 7000, 11, 'https://example.com/goods/goods043.jpg');

INSERT INTO store_goods (goods_id, store_id, name, work_name, character_name, category, price, stock_qty, thumbnail_url)
VALUES (44, 44, '굿즈상품044', '작품044', '캐릭터044', '티셔츠', 8000, 14, 'https://example.com/goods/goods044.jpg');

INSERT INTO store_goods (goods_id, store_id, name, work_name, character_name, category, price, stock_qty, thumbnail_url)
VALUES (45, 45, '굿즈상품045', '작품045', '캐릭터045', '앨범', 9000, 17, 'https://example.com/goods/goods045.jpg');

INSERT INTO store_goods (goods_id, store_id, name, work_name, character_name, category, price, stock_qty, thumbnail_url)
VALUES (46, 46, '굿즈상품046', '작품046', '캐릭터046', '스티커', 10000, 20, 'https://example.com/goods/goods046.jpg');

INSERT INTO store_goods (goods_id, store_id, name, work_name, character_name, category, price, stock_qty, thumbnail_url)
VALUES (47, 47, '굿즈상품047', '작품047', '캐릭터047', '쿠션', 11000, 23, 'https://example.com/goods/goods047.jpg');

INSERT INTO store_goods (goods_id, store_id, name, work_name, character_name, category, price, stock_qty, thumbnail_url)
VALUES (48, 48, '굿즈상품048', '작품048', '캐릭터048', '머그컵', 12000, 26, 'https://example.com/goods/goods048.jpg');

INSERT INTO store_goods (goods_id, store_id, name, work_name, character_name, category, price, stock_qty, thumbnail_url)
VALUES (49, 49, '굿즈상품049', '작품049', '캐릭터049', '아크릴스탠드', 13000, 29, 'https://example.com/goods/goods049.jpg');

INSERT INTO store_goods (goods_id, store_id, name, work_name, character_name, category, price, stock_qty, thumbnail_url)
VALUES (50, 50, '굿즈상품050', '작품050', '캐릭터050', '뱃지', 14000, 32, 'https://example.com/goods/goods050.jpg');

INSERT INTO store_goods (goods_id, store_id, name, work_name, character_name, category, price, stock_qty, thumbnail_url)
VALUES (51, 51, '굿즈상품051', '작품001', '캐릭터051', '포토카드', 5000, 5, 'https://example.com/goods/goods051.jpg');

INSERT INTO store_goods (goods_id, store_id, name, work_name, character_name, category, price, stock_qty, thumbnail_url)
VALUES (52, 52, '굿즈상품052', '작품002', '캐릭터052', '피규어', 6000, 8, 'https://example.com/goods/goods052.jpg');

INSERT INTO store_goods (goods_id, store_id, name, work_name, character_name, category, price, stock_qty, thumbnail_url)
VALUES (53, 53, '굿즈상품053', '작품003', '캐릭터053', '키링', 7000, 11, 'https://example.com/goods/goods053.jpg');

INSERT INTO store_goods (goods_id, store_id, name, work_name, character_name, category, price, stock_qty, thumbnail_url)
VALUES (54, 54, '굿즈상품054', '작품004', '캐릭터054', '티셔츠', 8000, 14, 'https://example.com/goods/goods054.jpg');

INSERT INTO store_goods (goods_id, store_id, name, work_name, character_name, category, price, stock_qty, thumbnail_url)
VALUES (55, 55, '굿즈상품055', '작품005', '캐릭터055', '앨범', 9000, 17, 'https://example.com/goods/goods055.jpg');

INSERT INTO store_goods (goods_id, store_id, name, work_name, character_name, category, price, stock_qty, thumbnail_url)
VALUES (56, 56, '굿즈상품056', '작품006', '캐릭터056', '스티커', 10000, 20, 'https://example.com/goods/goods056.jpg');

INSERT INTO store_goods (goods_id, store_id, name, work_name, character_name, category, price, stock_qty, thumbnail_url)
VALUES (57, 57, '굿즈상품057', '작품007', '캐릭터057', '쿠션', 11000, 23, 'https://example.com/goods/goods057.jpg');

INSERT INTO store_goods (goods_id, store_id, name, work_name, character_name, category, price, stock_qty, thumbnail_url)
VALUES (58, 58, '굿즈상품058', '작품008', '캐릭터058', '머그컵', 12000, 26, 'https://example.com/goods/goods058.jpg');

INSERT INTO store_goods (goods_id, store_id, name, work_name, character_name, category, price, stock_qty, thumbnail_url)
VALUES (59, 59, '굿즈상품059', '작품009', '캐릭터059', '아크릴스탠드', 13000, 29, 'https://example.com/goods/goods059.jpg');

INSERT INTO store_goods (goods_id, store_id, name, work_name, character_name, category, price, stock_qty, thumbnail_url)
VALUES (60, 60, '굿즈상품060', '작품010', '캐릭터060', '뱃지', 14000, 32, 'https://example.com/goods/goods060.jpg');

INSERT INTO store_goods (goods_id, store_id, name, work_name, character_name, category, price, stock_qty, thumbnail_url)
VALUES (61, 61, '굿즈상품061', '작품011', '캐릭터061', '포토카드', 5000, 5, 'https://example.com/goods/goods061.jpg');

INSERT INTO store_goods (goods_id, store_id, name, work_name, character_name, category, price, stock_qty, thumbnail_url)
VALUES (62, 62, '굿즈상품062', '작품012', '캐릭터062', '피규어', 6000, 8, 'https://example.com/goods/goods062.jpg');

INSERT INTO store_goods (goods_id, store_id, name, work_name, character_name, category, price, stock_qty, thumbnail_url)
VALUES (63, 63, '굿즈상품063', '작품013', '캐릭터063', '키링', 7000, 11, 'https://example.com/goods/goods063.jpg');

INSERT INTO store_goods (goods_id, store_id, name, work_name, character_name, category, price, stock_qty, thumbnail_url)
VALUES (64, 64, '굿즈상품064', '작품014', '캐릭터064', '티셔츠', 8000, 14, 'https://example.com/goods/goods064.jpg');

INSERT INTO store_goods (goods_id, store_id, name, work_name, character_name, category, price, stock_qty, thumbnail_url)
VALUES (65, 65, '굿즈상품065', '작품015', '캐릭터065', '앨범', 9000, 17, 'https://example.com/goods/goods065.jpg');

INSERT INTO store_goods (goods_id, store_id, name, work_name, character_name, category, price, stock_qty, thumbnail_url)
VALUES (66, 66, '굿즈상품066', '작품016', '캐릭터066', '스티커', 10000, 20, 'https://example.com/goods/goods066.jpg');

INSERT INTO store_goods (goods_id, store_id, name, work_name, character_name, category, price, stock_qty, thumbnail_url)
VALUES (67, 67, '굿즈상품067', '작품017', '캐릭터067', '쿠션', 11000, 23, 'https://example.com/goods/goods067.jpg');

INSERT INTO store_goods (goods_id, store_id, name, work_name, character_name, category, price, stock_qty, thumbnail_url)
VALUES (68, 68, '굿즈상품068', '작품018', '캐릭터068', '머그컵', 12000, 26, 'https://example.com/goods/goods068.jpg');

INSERT INTO store_goods (goods_id, store_id, name, work_name, character_name, category, price, stock_qty, thumbnail_url)
VALUES (69, 69, '굿즈상품069', '작품019', '캐릭터069', '아크릴스탠드', 13000, 29, 'https://example.com/goods/goods069.jpg');

INSERT INTO store_goods (goods_id, store_id, name, work_name, character_name, category, price, stock_qty, thumbnail_url)
VALUES (70, 70, '굿즈상품070', '작품020', '캐릭터070', '뱃지', 14000, 32, 'https://example.com/goods/goods070.jpg');

INSERT INTO store_goods (goods_id, store_id, name, work_name, character_name, category, price, stock_qty, thumbnail_url)
VALUES (71, 71, '굿즈상품071', '작품021', '캐릭터071', '포토카드', 5000, 5, 'https://example.com/goods/goods071.jpg');

INSERT INTO store_goods (goods_id, store_id, name, work_name, character_name, category, price, stock_qty, thumbnail_url)
VALUES (72, 72, '굿즈상품072', '작품022', '캐릭터072', '피규어', 6000, 8, 'https://example.com/goods/goods072.jpg');

INSERT INTO store_goods (goods_id, store_id, name, work_name, character_name, category, price, stock_qty, thumbnail_url)
VALUES (73, 73, '굿즈상품073', '작품023', '캐릭터073', '키링', 7000, 11, 'https://example.com/goods/goods073.jpg');

INSERT INTO store_goods (goods_id, store_id, name, work_name, character_name, category, price, stock_qty, thumbnail_url)
VALUES (74, 74, '굿즈상품074', '작품024', '캐릭터074', '티셔츠', 8000, 14, 'https://example.com/goods/goods074.jpg');

INSERT INTO store_goods (goods_id, store_id, name, work_name, character_name, category, price, stock_qty, thumbnail_url)
VALUES (75, 75, '굿즈상품075', '작품025', '캐릭터075', '앨범', 9000, 17, 'https://example.com/goods/goods075.jpg');

INSERT INTO store_goods (goods_id, store_id, name, work_name, character_name, category, price, stock_qty, thumbnail_url)
VALUES (76, 76, '굿즈상품076', '작품026', '캐릭터076', '스티커', 10000, 20, 'https://example.com/goods/goods076.jpg');

INSERT INTO store_goods (goods_id, store_id, name, work_name, character_name, category, price, stock_qty, thumbnail_url)
VALUES (77, 77, '굿즈상품077', '작품027', '캐릭터077', '쿠션', 11000, 23, 'https://example.com/goods/goods077.jpg');

INSERT INTO store_goods (goods_id, store_id, name, work_name, character_name, category, price, stock_qty, thumbnail_url)
VALUES (78, 78, '굿즈상품078', '작품028', '캐릭터078', '머그컵', 12000, 26, 'https://example.com/goods/goods078.jpg');

INSERT INTO store_goods (goods_id, store_id, name, work_name, character_name, category, price, stock_qty, thumbnail_url)
VALUES (79, 79, '굿즈상품079', '작품029', '캐릭터079', '아크릴스탠드', 13000, 29, 'https://example.com/goods/goods079.jpg');

INSERT INTO store_goods (goods_id, store_id, name, work_name, character_name, category, price, stock_qty, thumbnail_url)
VALUES (80, 80, '굿즈상품080', '작품030', '캐릭터080', '뱃지', 14000, 32, 'https://example.com/goods/goods080.jpg');

INSERT INTO store_goods (goods_id, store_id, name, work_name, character_name, category, price, stock_qty, thumbnail_url)
VALUES (81, 81, '굿즈상품081', '작품031', '캐릭터081', '포토카드', 5000, 5, 'https://example.com/goods/goods081.jpg');

INSERT INTO store_goods (goods_id, store_id, name, work_name, character_name, category, price, stock_qty, thumbnail_url)
VALUES (82, 82, '굿즈상품082', '작품032', '캐릭터082', '피규어', 6000, 8, 'https://example.com/goods/goods082.jpg');

INSERT INTO store_goods (goods_id, store_id, name, work_name, character_name, category, price, stock_qty, thumbnail_url)
VALUES (83, 83, '굿즈상품083', '작품033', '캐릭터083', '키링', 7000, 11, 'https://example.com/goods/goods083.jpg');

INSERT INTO store_goods (goods_id, store_id, name, work_name, character_name, category, price, stock_qty, thumbnail_url)
VALUES (84, 84, '굿즈상품084', '작품034', '캐릭터084', '티셔츠', 8000, 14, 'https://example.com/goods/goods084.jpg');

INSERT INTO store_goods (goods_id, store_id, name, work_name, character_name, category, price, stock_qty, thumbnail_url)
VALUES (85, 85, '굿즈상품085', '작품035', '캐릭터085', '앨범', 9000, 17, 'https://example.com/goods/goods085.jpg');

INSERT INTO store_goods (goods_id, store_id, name, work_name, character_name, category, price, stock_qty, thumbnail_url)
VALUES (86, 86, '굿즈상품086', '작품036', '캐릭터086', '스티커', 10000, 20, 'https://example.com/goods/goods086.jpg');

INSERT INTO store_goods (goods_id, store_id, name, work_name, character_name, category, price, stock_qty, thumbnail_url)
VALUES (87, 87, '굿즈상품087', '작품037', '캐릭터087', '쿠션', 11000, 23, 'https://example.com/goods/goods087.jpg');

INSERT INTO store_goods (goods_id, store_id, name, work_name, character_name, category, price, stock_qty, thumbnail_url)
VALUES (88, 88, '굿즈상품088', '작품038', '캐릭터088', '머그컵', 12000, 26, 'https://example.com/goods/goods088.jpg');

INSERT INTO store_goods (goods_id, store_id, name, work_name, character_name, category, price, stock_qty, thumbnail_url)
VALUES (89, 89, '굿즈상품089', '작품039', '캐릭터089', '아크릴스탠드', 13000, 29, 'https://example.com/goods/goods089.jpg');

INSERT INTO store_goods (goods_id, store_id, name, work_name, character_name, category, price, stock_qty, thumbnail_url)
VALUES (90, 90, '굿즈상품090', '작품040', '캐릭터090', '뱃지', 14000, 32, 'https://example.com/goods/goods090.jpg');

INSERT INTO store_goods (goods_id, store_id, name, work_name, character_name, category, price, stock_qty, thumbnail_url)
VALUES (91, 91, '굿즈상품091', '작품041', '캐릭터091', '포토카드', 5000, 5, 'https://example.com/goods/goods091.jpg');

INSERT INTO store_goods (goods_id, store_id, name, work_name, character_name, category, price, stock_qty, thumbnail_url)
VALUES (92, 92, '굿즈상품092', '작품042', '캐릭터092', '피규어', 6000, 8, 'https://example.com/goods/goods092.jpg');

INSERT INTO store_goods (goods_id, store_id, name, work_name, character_name, category, price, stock_qty, thumbnail_url)
VALUES (93, 93, '굿즈상품093', '작품043', '캐릭터093', '키링', 7000, 11, 'https://example.com/goods/goods093.jpg');

INSERT INTO store_goods (goods_id, store_id, name, work_name, character_name, category, price, stock_qty, thumbnail_url)
VALUES (94, 94, '굿즈상품094', '작품044', '캐릭터094', '티셔츠', 8000, 14, 'https://example.com/goods/goods094.jpg');

INSERT INTO store_goods (goods_id, store_id, name, work_name, character_name, category, price, stock_qty, thumbnail_url)
VALUES (95, 95, '굿즈상품095', '작품045', '캐릭터095', '앨범', 9000, 17, 'https://example.com/goods/goods095.jpg');

INSERT INTO store_goods (goods_id, store_id, name, work_name, character_name, category, price, stock_qty, thumbnail_url)
VALUES (96, 96, '굿즈상품096', '작품046', '캐릭터096', '스티커', 10000, 20, 'https://example.com/goods/goods096.jpg');

INSERT INTO store_goods (goods_id, store_id, name, work_name, character_name, category, price, stock_qty, thumbnail_url)
VALUES (97, 97, '굿즈상품097', '작품047', '캐릭터097', '쿠션', 11000, 23, 'https://example.com/goods/goods097.jpg');

INSERT INTO store_goods (goods_id, store_id, name, work_name, character_name, category, price, stock_qty, thumbnail_url)
VALUES (98, 98, '굿즈상품098', '작품048', '캐릭터098', '머그컵', 12000, 26, 'https://example.com/goods/goods098.jpg');

INSERT INTO store_goods (goods_id, store_id, name, work_name, character_name, category, price, stock_qty, thumbnail_url)
VALUES (99, 99, '굿즈상품099', '작품049', '캐릭터099', '아크릴스탠드', 13000, 29, 'https://example.com/goods/goods099.jpg');

INSERT INTO store_goods (goods_id, store_id, name, work_name, character_name, category, price, stock_qty, thumbnail_url)
VALUES (100, 100, '굿즈상품100', '작품050', '캐릭터100', '뱃지', 14000, 32, 'https://example.com/goods/goods100.jpg');

INSERT INTO store_goods (goods_id, store_id, name, work_name, character_name, category, price, stock_qty, thumbnail_url)
VALUES (101, 1, '굿즈상품101', '작품001', '캐릭터101', '앨범', 9000, 5, 'https://example.com/goods/goods101.jpg');

INSERT INTO store_goods (goods_id, store_id, name, work_name, character_name, category, price, stock_qty, thumbnail_url)
VALUES (102, 2, '굿즈상품102', '작품002', '캐릭터102', '스티커', 10000, 8, 'https://example.com/goods/goods102.jpg');

INSERT INTO store_goods (goods_id, store_id, name, work_name, character_name, category, price, stock_qty, thumbnail_url)
VALUES (103, 3, '굿즈상품103', '작품003', '캐릭터103', '쿠션', 11000, 11, 'https://example.com/goods/goods103.jpg');

INSERT INTO store_goods (goods_id, store_id, name, work_name, character_name, category, price, stock_qty, thumbnail_url)
VALUES (104, 4, '굿즈상품104', '작품004', '캐릭터104', '머그컵', 12000, 14, 'https://example.com/goods/goods104.jpg');

INSERT INTO store_goods (goods_id, store_id, name, work_name, character_name, category, price, stock_qty, thumbnail_url)
VALUES (105, 5, '굿즈상품105', '작품005', '캐릭터105', '포토카드', 5000, 17, 'https://example.com/goods/goods105.jpg');

INSERT INTO store_goods (goods_id, store_id, name, work_name, character_name, category, price, stock_qty, thumbnail_url)
VALUES (106, 6, '굿즈상품106', '작품006', '캐릭터106', '피규어', 6000, 20, 'https://example.com/goods/goods106.jpg');

INSERT INTO store_goods (goods_id, store_id, name, work_name, character_name, category, price, stock_qty, thumbnail_url)
VALUES (107, 7, '굿즈상품107', '작품007', '캐릭터107', '키링', 7000, 23, 'https://example.com/goods/goods107.jpg');

INSERT INTO store_goods (goods_id, store_id, name, work_name, character_name, category, price, stock_qty, thumbnail_url)
VALUES (108, 8, '굿즈상품108', '작품008', '캐릭터108', '티셔츠', 8000, 26, 'https://example.com/goods/goods108.jpg');

INSERT INTO store_goods (goods_id, store_id, name, work_name, character_name, category, price, stock_qty, thumbnail_url)
VALUES (109, 9, '굿즈상품109', '작품009', '캐릭터109', '앨범', 9000, 29, 'https://example.com/goods/goods109.jpg');

INSERT INTO store_goods (goods_id, store_id, name, work_name, character_name, category, price, stock_qty, thumbnail_url)
VALUES (110, 10, '굿즈상품110', '작품010', '캐릭터110', '스티커', 10000, 32, 'https://example.com/goods/goods110.jpg');

INSERT INTO store_goods (goods_id, store_id, name, work_name, character_name, category, price, stock_qty, thumbnail_url)
VALUES (111, 11, '굿즈상품111', '작품011', '캐릭터111', '쿠션', 11000, 5, 'https://example.com/goods/goods111.jpg');

INSERT INTO store_goods (goods_id, store_id, name, work_name, character_name, category, price, stock_qty, thumbnail_url)
VALUES (112, 12, '굿즈상품112', '작품012', '캐릭터112', '머그컵', 12000, 8, 'https://example.com/goods/goods112.jpg');

INSERT INTO store_goods (goods_id, store_id, name, work_name, character_name, category, price, stock_qty, thumbnail_url)
VALUES (113, 13, '굿즈상품113', '작품013', '캐릭터113', '포토카드', 5000, 11, 'https://example.com/goods/goods113.jpg');

INSERT INTO store_goods (goods_id, store_id, name, work_name, character_name, category, price, stock_qty, thumbnail_url)
VALUES (114, 14, '굿즈상품114', '작품014', '캐릭터114', '피규어', 6000, 14, 'https://example.com/goods/goods114.jpg');

INSERT INTO store_goods (goods_id, store_id, name, work_name, character_name, category, price, stock_qty, thumbnail_url)
VALUES (115, 15, '굿즈상품115', '작품015', '캐릭터115', '키링', 7000, 17, 'https://example.com/goods/goods115.jpg');

INSERT INTO store_goods (goods_id, store_id, name, work_name, character_name, category, price, stock_qty, thumbnail_url)
VALUES (116, 16, '굿즈상품116', '작품016', '캐릭터116', '티셔츠', 8000, 20, 'https://example.com/goods/goods116.jpg');

INSERT INTO store_goods (goods_id, store_id, name, work_name, character_name, category, price, stock_qty, thumbnail_url)
VALUES (117, 17, '굿즈상품117', '작품017', '캐릭터117', '앨범', 9000, 23, 'https://example.com/goods/goods117.jpg');

INSERT INTO store_goods (goods_id, store_id, name, work_name, character_name, category, price, stock_qty, thumbnail_url)
VALUES (118, 18, '굿즈상품118', '작품018', '캐릭터118', '스티커', 10000, 26, 'https://example.com/goods/goods118.jpg');

INSERT INTO store_goods (goods_id, store_id, name, work_name, character_name, category, price, stock_qty, thumbnail_url)
VALUES (119, 19, '굿즈상품119', '작품019', '캐릭터119', '쿠션', 11000, 29, 'https://example.com/goods/goods119.jpg');

INSERT INTO store_goods (goods_id, store_id, name, work_name, character_name, category, price, stock_qty, thumbnail_url)
VALUES (120, 20, '굿즈상품120', '작품020', '캐릭터120', '머그컵', 12000, 32, 'https://example.com/goods/goods120.jpg');

INSERT INTO store_goods (goods_id, store_id, name, work_name, character_name, category, price, stock_qty, thumbnail_url)
VALUES (121, 21, '굿즈상품121', '작품021', '캐릭터121', '포토카드', 5000, 5, 'https://example.com/goods/goods121.jpg');

INSERT INTO store_goods (goods_id, store_id, name, work_name, character_name, category, price, stock_qty, thumbnail_url)
VALUES (122, 22, '굿즈상품122', '작품022', '캐릭터122', '피규어', 6000, 8, 'https://example.com/goods/goods122.jpg');

INSERT INTO store_goods (goods_id, store_id, name, work_name, character_name, category, price, stock_qty, thumbnail_url)
VALUES (123, 23, '굿즈상품123', '작품023', '캐릭터123', '키링', 7000, 11, 'https://example.com/goods/goods123.jpg');

INSERT INTO store_goods (goods_id, store_id, name, work_name, character_name, category, price, stock_qty, thumbnail_url)
VALUES (124, 24, '굿즈상품124', '작품024', '캐릭터124', '티셔츠', 8000, 14, 'https://example.com/goods/goods124.jpg');

INSERT INTO store_goods (goods_id, store_id, name, work_name, character_name, category, price, stock_qty, thumbnail_url)
VALUES (125, 25, '굿즈상품125', '작품025', '캐릭터125', '앨범', 9000, 17, 'https://example.com/goods/goods125.jpg');

INSERT INTO store_goods (goods_id, store_id, name, work_name, character_name, category, price, stock_qty, thumbnail_url)
VALUES (126, 26, '굿즈상품126', '작품026', '캐릭터126', '스티커', 10000, 20, 'https://example.com/goods/goods126.jpg');

INSERT INTO store_goods (goods_id, store_id, name, work_name, character_name, category, price, stock_qty, thumbnail_url)
VALUES (127, 27, '굿즈상품127', '작품027', '캐릭터127', '쿠션', 11000, 23, 'https://example.com/goods/goods127.jpg');

INSERT INTO store_goods (goods_id, store_id, name, work_name, character_name, category, price, stock_qty, thumbnail_url)
VALUES (128, 28, '굿즈상품128', '작품028', '캐릭터128', '머그컵', 12000, 26, 'https://example.com/goods/goods128.jpg');

INSERT INTO store_goods (goods_id, store_id, name, work_name, character_name, category, price, stock_qty, thumbnail_url)
VALUES (129, 29, '굿즈상품129', '작품029', '캐릭터129', '포토카드', 5000, 29, 'https://example.com/goods/goods129.jpg');

INSERT INTO store_goods (goods_id, store_id, name, work_name, character_name, category, price, stock_qty, thumbnail_url)
VALUES (130, 30, '굿즈상품130', '작품030', '캐릭터130', '피규어', 6000, 32, 'https://example.com/goods/goods130.jpg');

INSERT INTO store_goods (goods_id, store_id, name, work_name, character_name, category, price, stock_qty, thumbnail_url)
VALUES (131, 31, '굿즈상품131', '작품031', '캐릭터131', '키링', 7000, 5, 'https://example.com/goods/goods131.jpg');

INSERT INTO store_goods (goods_id, store_id, name, work_name, character_name, category, price, stock_qty, thumbnail_url)
VALUES (132, 32, '굿즈상품132', '작품032', '캐릭터132', '티셔츠', 8000, 8, 'https://example.com/goods/goods132.jpg');

INSERT INTO store_goods (goods_id, store_id, name, work_name, character_name, category, price, stock_qty, thumbnail_url)
VALUES (133, 33, '굿즈상품133', '작품033', '캐릭터133', '앨범', 9000, 11, 'https://example.com/goods/goods133.jpg');

INSERT INTO store_goods (goods_id, store_id, name, work_name, character_name, category, price, stock_qty, thumbnail_url)
VALUES (134, 34, '굿즈상품134', '작품034', '캐릭터134', '스티커', 10000, 14, 'https://example.com/goods/goods134.jpg');

INSERT INTO store_goods (goods_id, store_id, name, work_name, character_name, category, price, stock_qty, thumbnail_url)
VALUES (135, 35, '굿즈상품135', '작품035', '캐릭터135', '쿠션', 11000, 17, 'https://example.com/goods/goods135.jpg');

INSERT INTO store_goods (goods_id, store_id, name, work_name, character_name, category, price, stock_qty, thumbnail_url)
VALUES (136, 36, '굿즈상품136', '작품036', '캐릭터136', '머그컵', 12000, 20, 'https://example.com/goods/goods136.jpg');

INSERT INTO store_goods (goods_id, store_id, name, work_name, character_name, category, price, stock_qty, thumbnail_url)
VALUES (137, 37, '굿즈상품137', '작품037', '캐릭터137', '포토카드', 5000, 23, 'https://example.com/goods/goods137.jpg');

INSERT INTO store_goods (goods_id, store_id, name, work_name, character_name, category, price, stock_qty, thumbnail_url)
VALUES (138, 38, '굿즈상품138', '작품038', '캐릭터138', '피규어', 6000, 26, 'https://example.com/goods/goods138.jpg');

INSERT INTO store_goods (goods_id, store_id, name, work_name, character_name, category, price, stock_qty, thumbnail_url)
VALUES (139, 39, '굿즈상품139', '작품039', '캐릭터139', '키링', 7000, 29, 'https://example.com/goods/goods139.jpg');

INSERT INTO store_goods (goods_id, store_id, name, work_name, character_name, category, price, stock_qty, thumbnail_url)
VALUES (140, 40, '굿즈상품140', '작품040', '캐릭터140', '티셔츠', 8000, 32, 'https://example.com/goods/goods140.jpg');

INSERT INTO store_goods (goods_id, store_id, name, work_name, character_name, category, price, stock_qty, thumbnail_url)
VALUES (141, 41, '굿즈상품141', '작품041', '캐릭터141', '앨범', 9000, 5, 'https://example.com/goods/goods141.jpg');

INSERT INTO store_goods (goods_id, store_id, name, work_name, character_name, category, price, stock_qty, thumbnail_url)
VALUES (142, 42, '굿즈상품142', '작품042', '캐릭터142', '스티커', 10000, 8, 'https://example.com/goods/goods142.jpg');

INSERT INTO store_goods (goods_id, store_id, name, work_name, character_name, category, price, stock_qty, thumbnail_url)
VALUES (143, 43, '굿즈상품143', '작품043', '캐릭터143', '쿠션', 11000, 11, 'https://example.com/goods/goods143.jpg');

INSERT INTO store_goods (goods_id, store_id, name, work_name, character_name, category, price, stock_qty, thumbnail_url)
VALUES (144, 44, '굿즈상품144', '작품044', '캐릭터144', '머그컵', 12000, 14, 'https://example.com/goods/goods144.jpg');

INSERT INTO store_goods (goods_id, store_id, name, work_name, character_name, category, price, stock_qty, thumbnail_url)
VALUES (145, 45, '굿즈상품145', '작품045', '캐릭터145', '포토카드', 5000, 17, 'https://example.com/goods/goods145.jpg');

INSERT INTO store_goods (goods_id, store_id, name, work_name, character_name, category, price, stock_qty, thumbnail_url)
VALUES (146, 46, '굿즈상품146', '작품046', '캐릭터146', '피규어', 6000, 20, 'https://example.com/goods/goods146.jpg');

INSERT INTO store_goods (goods_id, store_id, name, work_name, character_name, category, price, stock_qty, thumbnail_url)
VALUES (147, 47, '굿즈상품147', '작품047', '캐릭터147', '키링', 7000, 23, 'https://example.com/goods/goods147.jpg');

INSERT INTO store_goods (goods_id, store_id, name, work_name, character_name, category, price, stock_qty, thumbnail_url)
VALUES (148, 48, '굿즈상품148', '작품048', '캐릭터148', '티셔츠', 8000, 26, 'https://example.com/goods/goods148.jpg');

INSERT INTO store_goods (goods_id, store_id, name, work_name, character_name, category, price, stock_qty, thumbnail_url)
VALUES (149, 49, '굿즈상품149', '작품049', '캐릭터149', '앨범', 9000, 29, 'https://example.com/goods/goods149.jpg');

INSERT INTO store_goods (goods_id, store_id, name, work_name, character_name, category, price, stock_qty, thumbnail_url)
VALUES (150, 50, '굿즈상품150', '작품050', '캐릭터150', '스티커', 10000, 32, 'https://example.com/goods/goods150.jpg');

INSERT INTO store_goods (goods_id, store_id, name, work_name, character_name, category, price, stock_qty, thumbnail_url)
VALUES (151, 51, '굿즈상품151', '작품001', '캐릭터151', '쿠션', 11000, 5, 'https://example.com/goods/goods151.jpg');

INSERT INTO store_goods (goods_id, store_id, name, work_name, character_name, category, price, stock_qty, thumbnail_url)
VALUES (152, 52, '굿즈상품152', '작품002', '캐릭터152', '머그컵', 12000, 8, 'https://example.com/goods/goods152.jpg');

INSERT INTO store_goods (goods_id, store_id, name, work_name, character_name, category, price, stock_qty, thumbnail_url)
VALUES (153, 53, '굿즈상품153', '작품003', '캐릭터153', '포토카드', 5000, 11, 'https://example.com/goods/goods153.jpg');

INSERT INTO store_goods (goods_id, store_id, name, work_name, character_name, category, price, stock_qty, thumbnail_url)
VALUES (154, 54, '굿즈상품154', '작품004', '캐릭터154', '피규어', 6000, 14, 'https://example.com/goods/goods154.jpg');

INSERT INTO store_goods (goods_id, store_id, name, work_name, character_name, category, price, stock_qty, thumbnail_url)
VALUES (155, 55, '굿즈상품155', '작품005', '캐릭터155', '키링', 7000, 17, 'https://example.com/goods/goods155.jpg');

INSERT INTO store_goods (goods_id, store_id, name, work_name, character_name, category, price, stock_qty, thumbnail_url)
VALUES (156, 56, '굿즈상품156', '작품006', '캐릭터156', '티셔츠', 8000, 20, 'https://example.com/goods/goods156.jpg');

INSERT INTO store_goods (goods_id, store_id, name, work_name, character_name, category, price, stock_qty, thumbnail_url)
VALUES (157, 57, '굿즈상품157', '작품007', '캐릭터157', '앨범', 9000, 23, 'https://example.com/goods/goods157.jpg');

INSERT INTO store_goods (goods_id, store_id, name, work_name, character_name, category, price, stock_qty, thumbnail_url)
VALUES (158, 58, '굿즈상품158', '작품008', '캐릭터158', '스티커', 10000, 26, 'https://example.com/goods/goods158.jpg');

INSERT INTO store_goods (goods_id, store_id, name, work_name, character_name, category, price, stock_qty, thumbnail_url)
VALUES (159, 59, '굿즈상품159', '작품009', '캐릭터159', '쿠션', 11000, 29, 'https://example.com/goods/goods159.jpg');

INSERT INTO store_goods (goods_id, store_id, name, work_name, character_name, category, price, stock_qty, thumbnail_url)
VALUES (160, 60, '굿즈상품160', '작품010', '캐릭터160', '머그컵', 12000, 32, 'https://example.com/goods/goods160.jpg');

INSERT INTO store_goods (goods_id, store_id, name, work_name, character_name, category, price, stock_qty, thumbnail_url)
VALUES (161, 61, '굿즈상품161', '작품011', '캐릭터161', '포토카드', 5000, 5, 'https://example.com/goods/goods161.jpg');

INSERT INTO store_goods (goods_id, store_id, name, work_name, character_name, category, price, stock_qty, thumbnail_url)
VALUES (162, 62, '굿즈상품162', '작품012', '캐릭터162', '피규어', 6000, 8, 'https://example.com/goods/goods162.jpg');

INSERT INTO store_goods (goods_id, store_id, name, work_name, character_name, category, price, stock_qty, thumbnail_url)
VALUES (163, 63, '굿즈상품163', '작품013', '캐릭터163', '키링', 7000, 11, 'https://example.com/goods/goods163.jpg');

INSERT INTO store_goods (goods_id, store_id, name, work_name, character_name, category, price, stock_qty, thumbnail_url)
VALUES (164, 64, '굿즈상품164', '작품014', '캐릭터164', '티셔츠', 8000, 14, 'https://example.com/goods/goods164.jpg');

INSERT INTO store_goods (goods_id, store_id, name, work_name, character_name, category, price, stock_qty, thumbnail_url)
VALUES (165, 65, '굿즈상품165', '작품015', '캐릭터165', '앨범', 9000, 17, 'https://example.com/goods/goods165.jpg');

INSERT INTO store_goods (goods_id, store_id, name, work_name, character_name, category, price, stock_qty, thumbnail_url)
VALUES (166, 66, '굿즈상품166', '작품016', '캐릭터166', '스티커', 10000, 20, 'https://example.com/goods/goods166.jpg');

INSERT INTO store_goods (goods_id, store_id, name, work_name, character_name, category, price, stock_qty, thumbnail_url)
VALUES (167, 67, '굿즈상품167', '작품017', '캐릭터167', '쿠션', 11000, 23, 'https://example.com/goods/goods167.jpg');

INSERT INTO store_goods (goods_id, store_id, name, work_name, character_name, category, price, stock_qty, thumbnail_url)
VALUES (168, 68, '굿즈상품168', '작품018', '캐릭터168', '머그컵', 12000, 26, 'https://example.com/goods/goods168.jpg');

INSERT INTO store_goods (goods_id, store_id, name, work_name, character_name, category, price, stock_qty, thumbnail_url)
VALUES (169, 69, '굿즈상품169', '작품019', '캐릭터169', '포토카드', 5000, 29, 'https://example.com/goods/goods169.jpg');

INSERT INTO store_goods (goods_id, store_id, name, work_name, character_name, category, price, stock_qty, thumbnail_url)
VALUES (170, 70, '굿즈상품170', '작품020', '캐릭터170', '피규어', 6000, 32, 'https://example.com/goods/goods170.jpg');

INSERT INTO store_goods (goods_id, store_id, name, work_name, character_name, category, price, stock_qty, thumbnail_url)
VALUES (171, 71, '굿즈상품171', '작품021', '캐릭터171', '키링', 7000, 5, 'https://example.com/goods/goods171.jpg');

INSERT INTO store_goods (goods_id, store_id, name, work_name, character_name, category, price, stock_qty, thumbnail_url)
VALUES (172, 72, '굿즈상품172', '작품022', '캐릭터172', '티셔츠', 8000, 8, 'https://example.com/goods/goods172.jpg');

INSERT INTO store_goods (goods_id, store_id, name, work_name, character_name, category, price, stock_qty, thumbnail_url)
VALUES (173, 73, '굿즈상품173', '작품023', '캐릭터173', '앨범', 9000, 11, 'https://example.com/goods/goods173.jpg');

INSERT INTO store_goods (goods_id, store_id, name, work_name, character_name, category, price, stock_qty, thumbnail_url)
VALUES (174, 74, '굿즈상품174', '작품024', '캐릭터174', '스티커', 10000, 14, 'https://example.com/goods/goods174.jpg');

INSERT INTO store_goods (goods_id, store_id, name, work_name, character_name, category, price, stock_qty, thumbnail_url)
VALUES (175, 75, '굿즈상품175', '작품025', '캐릭터175', '쿠션', 11000, 17, 'https://example.com/goods/goods175.jpg');

INSERT INTO store_goods (goods_id, store_id, name, work_name, character_name, category, price, stock_qty, thumbnail_url)
VALUES (176, 76, '굿즈상품176', '작품026', '캐릭터176', '머그컵', 12000, 20, 'https://example.com/goods/goods176.jpg');

INSERT INTO store_goods (goods_id, store_id, name, work_name, character_name, category, price, stock_qty, thumbnail_url)
VALUES (177, 77, '굿즈상품177', '작품027', '캐릭터177', '포토카드', 5000, 23, 'https://example.com/goods/goods177.jpg');

INSERT INTO store_goods (goods_id, store_id, name, work_name, character_name, category, price, stock_qty, thumbnail_url)
VALUES (178, 78, '굿즈상품178', '작품028', '캐릭터178', '피규어', 6000, 26, 'https://example.com/goods/goods178.jpg');

INSERT INTO store_goods (goods_id, store_id, name, work_name, character_name, category, price, stock_qty, thumbnail_url)
VALUES (179, 79, '굿즈상품179', '작품029', '캐릭터179', '키링', 7000, 29, 'https://example.com/goods/goods179.jpg');

INSERT INTO store_goods (goods_id, store_id, name, work_name, character_name, category, price, stock_qty, thumbnail_url)
VALUES (180, 80, '굿즈상품180', '작품030', '캐릭터180', '티셔츠', 8000, 32, 'https://example.com/goods/goods180.jpg');

INSERT INTO store_goods (goods_id, store_id, name, work_name, character_name, category, price, stock_qty, thumbnail_url)
VALUES (181, 81, '굿즈상품181', '작품031', '캐릭터181', '앨범', 9000, 5, 'https://example.com/goods/goods181.jpg');

INSERT INTO store_goods (goods_id, store_id, name, work_name, character_name, category, price, stock_qty, thumbnail_url)
VALUES (182, 82, '굿즈상품182', '작품032', '캐릭터182', '스티커', 10000, 8, 'https://example.com/goods/goods182.jpg');

INSERT INTO store_goods (goods_id, store_id, name, work_name, character_name, category, price, stock_qty, thumbnail_url)
VALUES (183, 83, '굿즈상품183', '작품033', '캐릭터183', '쿠션', 11000, 11, 'https://example.com/goods/goods183.jpg');

INSERT INTO store_goods (goods_id, store_id, name, work_name, character_name, category, price, stock_qty, thumbnail_url)
VALUES (184, 84, '굿즈상품184', '작품034', '캐릭터184', '머그컵', 12000, 14, 'https://example.com/goods/goods184.jpg');

INSERT INTO store_goods (goods_id, store_id, name, work_name, character_name, category, price, stock_qty, thumbnail_url)
VALUES (185, 85, '굿즈상품185', '작품035', '캐릭터185', '포토카드', 5000, 17, 'https://example.com/goods/goods185.jpg');

INSERT INTO store_goods (goods_id, store_id, name, work_name, character_name, category, price, stock_qty, thumbnail_url)
VALUES (186, 86, '굿즈상품186', '작품036', '캐릭터186', '피규어', 6000, 20, 'https://example.com/goods/goods186.jpg');

INSERT INTO store_goods (goods_id, store_id, name, work_name, character_name, category, price, stock_qty, thumbnail_url)
VALUES (187, 87, '굿즈상품187', '작품037', '캐릭터187', '키링', 7000, 23, 'https://example.com/goods/goods187.jpg');

INSERT INTO store_goods (goods_id, store_id, name, work_name, character_name, category, price, stock_qty, thumbnail_url)
VALUES (188, 88, '굿즈상품188', '작품038', '캐릭터188', '티셔츠', 8000, 26, 'https://example.com/goods/goods188.jpg');

INSERT INTO store_goods (goods_id, store_id, name, work_name, character_name, category, price, stock_qty, thumbnail_url)
VALUES (189, 89, '굿즈상품189', '작품039', '캐릭터189', '앨범', 9000, 29, 'https://example.com/goods/goods189.jpg');

INSERT INTO store_goods (goods_id, store_id, name, work_name, character_name, category, price, stock_qty, thumbnail_url)
VALUES (190, 90, '굿즈상품190', '작품040', '캐릭터190', '스티커', 10000, 32, 'https://example.com/goods/goods190.jpg');

INSERT INTO store_goods (goods_id, store_id, name, work_name, character_name, category, price, stock_qty, thumbnail_url)
VALUES (191, 91, '굿즈상품191', '작품041', '캐릭터191', '쿠션', 11000, 5, 'https://example.com/goods/goods191.jpg');

INSERT INTO store_goods (goods_id, store_id, name, work_name, character_name, category, price, stock_qty, thumbnail_url)
VALUES (192, 92, '굿즈상품192', '작품042', '캐릭터192', '머그컵', 12000, 8, 'https://example.com/goods/goods192.jpg');

INSERT INTO store_goods (goods_id, store_id, name, work_name, character_name, category, price, stock_qty, thumbnail_url)
VALUES (193, 93, '굿즈상품193', '작품043', '캐릭터193', '포토카드', 5000, 11, 'https://example.com/goods/goods193.jpg');

INSERT INTO store_goods (goods_id, store_id, name, work_name, character_name, category, price, stock_qty, thumbnail_url)
VALUES (194, 94, '굿즈상품194', '작품044', '캐릭터194', '피규어', 6000, 14, 'https://example.com/goods/goods194.jpg');

INSERT INTO store_goods (goods_id, store_id, name, work_name, character_name, category, price, stock_qty, thumbnail_url)
VALUES (195, 95, '굿즈상품195', '작품045', '캐릭터195', '키링', 7000, 17, 'https://example.com/goods/goods195.jpg');

INSERT INTO store_goods (goods_id, store_id, name, work_name, character_name, category, price, stock_qty, thumbnail_url)
VALUES (196, 96, '굿즈상품196', '작품046', '캐릭터196', '티셔츠', 8000, 20, 'https://example.com/goods/goods196.jpg');

INSERT INTO store_goods (goods_id, store_id, name, work_name, character_name, category, price, stock_qty, thumbnail_url)
VALUES (197, 97, '굿즈상품197', '작품047', '캐릭터197', '앨범', 9000, 23, 'https://example.com/goods/goods197.jpg');

INSERT INTO store_goods (goods_id, store_id, name, work_name, character_name, category, price, stock_qty, thumbnail_url)
VALUES (198, 98, '굿즈상품198', '작품048', '캐릭터198', '스티커', 10000, 26, 'https://example.com/goods/goods198.jpg');

INSERT INTO store_goods (goods_id, store_id, name, work_name, character_name, category, price, stock_qty, thumbnail_url)
VALUES (199, 99, '굿즈상품199', '작품049', '캐릭터199', '쿠션', 11000, 29, 'https://example.com/goods/goods199.jpg');

INSERT INTO store_goods (goods_id, store_id, name, work_name, character_name, category, price, stock_qty, thumbnail_url)
VALUES (200, 100, '굿즈상품200', '작품050', '캐릭터200', '머그컵', 12000, 32, 'https://example.com/goods200.jpg');
commit;




INSERT INTO popup_store (
    popup_id, title, place_name, address, region_name,
    latitude, longitude, start_date, end_date,
    banner_image_url, description
) VALUES (
             1,
             '덕후로드 팝업 시즌1',
             '홍대 더쿠쿠 라운지',
             '서울특별시 마포구 와우산로 21길 25',
             '홍대',
             37.55240000, 126.92380000,
             DATE '2025-01-10',
             DATE '2025-02-02',
             'https://example.com/popup/banner01.jpg',
             '애니메이션 굿즈와 한정 포토카드가 준비된 덕후로드 첫 번째 팝업입니다.'
         );

INSERT INTO popup_store (
    popup_id, title, place_name, address, region_name,
    latitude, longitude, start_date, end_date,
    banner_image_url, description
) VALUES (
             2,
             '굿즈 로드 in 강남',
             '강남 스퀘어 홀',
             '서울특별시 강남구 테헤란로 108',
             '강남',
             37.50130000, 127.02770000,
             DATE '2025-02-15',
             DATE '2025-03-02',
             'https://example.com/popup/banner02.jpg',
             '아이돌 포토카드, 피규어, 키링 등 인기 굿즈를 한 번에 만나볼 수 있는 팝업입니다.'
         );

INSERT INTO popup_store (
    popup_id, title, place_name, address, region_name,
    latitude, longitude, start_date, end_date,
    banner_image_url, description
) VALUES (
             3,
             '레트로 애니 팝업존',
             '코엑스 B1 특별관',
             '서울특별시 강남구 영동대로 513',
             '삼성',
             37.51240000, 127.05880000,
             DATE '2025-03-05',
             DATE '2025-03-20',
             'https://example.com/popup/banner03.jpg',
             '90년대부터 2000년대 초반까지의 레트로 애니메이션 굿즈를 모은 특별전입니다.'
         );

INSERT INTO popup_store (
    popup_id, title, place_name, address, region_name,
    latitude, longitude, start_date, end_date,
    banner_image_url, description
) VALUES (
             4,
             '봄날 아이돌 굿즈 페어',
             '명동 컬쳐 스튜디오',
             '서울특별시 중구 명동8길 27',
             '명동',
             37.56300000, 126.98270000,
             DATE '2025-03-25',
             DATE '2025-04-10',
             'https://example.com/popup/banner04.jpg',
             '신규 앨범 발매 기념 포토카드와 한정판 굿즈를 판매하는 아이돌 특집 팝업입니다.'
         );

INSERT INTO popup_store (
    popup_id, title, place_name, address, region_name,
    latitude, longitude, start_date, end_date,
    banner_image_url, description
) VALUES (
             5,
             '밤하늘 피규어 마켓',
             '합정 스카이홀',
             '서울특별시 마포구 양화로 45',
             '합정',
             37.54910000, 126.91450000,
             DATE '2025-04-12',
             DATE '2025-04-28',
             'https://example.com/popup/banner05.jpg',
             '한정판 피규어와 디오라마를 전시 및 판매하는 피규어 중심 팝업 스토어입니다.'
         );

INSERT INTO popup_store (
    popup_id, title, place_name, address, region_name,
    latitude, longitude, start_date, end_date,
    banner_image_url, description
) VALUES (
             6,
             '굿즈 캔버스 팝업',
             '성수 브릭 스튜디오',
             '서울특별시 성동구 연무장5길 7',
             '성수',
             37.54470000, 127.05580000,
             DATE '2025-05-01',
             DATE '2025-05-18',
             'https://example.com/popup/banner06.jpg',
             '굿즈와 아트워크가 결합된 일러스트, 포스터, 아트 프린트 중심 팝업입니다.'
         );

INSERT INTO popup_store (
    popup_id, title, place_name, address, region_name,
    latitude, longitude, start_date, end_date,
    banner_image_url, description
) VALUES (
             7,
             '여름 한정 서머 굿즈전',
             '해운대 비치라운지',
             '부산광역시 해운대구 해운대해변로 264',
             '해운대',
             35.15980000, 129.16030000,
             DATE '2025-06-20',
             DATE '2025-07-10',
             'https://example.com/popup/banner07.jpg',
             '여름 컨셉 포토카드, 비치타월, 텀블러 등 계절 한정 굿즈를 판매합니다.'
         );

INSERT INTO popup_store (
    popup_id, title, place_name, address, region_name,
    latitude, longitude, start_date, end_date,
    banner_image_url, description
) VALUES (
             8,
             '굿즈 로드 전국 원정전 - 대구',
             '동성로 팝업홀',
             '대구광역시 중구 동성로 12',
             '동성로',
             35.86940000, 128.59680000,
             DATE '2025-07-15',
             DATE '2025-07-30',
             'https://example.com/popup/banner08.jpg',
             '덕후로드 팀이 대구로 찾아가는 원정 팝업으로 인기 상품 위주로 구성됩니다.'
         );

INSERT INTO popup_store (
    popup_id, title, place_name, address, region_name,
    latitude, longitude, start_date, end_date,
    banner_image_url, description
) VALUES (
             9,
             '아트토이 & 피규어 쇼케이스',
             '홍대 카툰갤러리',
             '서울특별시 마포구 어울마당로 65',
             '홍대',
             37.55360000, 126.92080000,
             DATE '2025-08-05',
             DATE '2025-08-22',
             'https://example.com/popup/banner09.jpg',
             '인디 작가들이 만든 아트토이와 수제 피규어를 중심으로 한 쇼케이스 팝업입니다.'
         );

INSERT INTO popup_store (
    popup_id, title, place_name, address, region_name,
    latitude, longitude, start_date, end_date,
    banner_image_url, description
) VALUES (
             10,
             '굿즈 로드 할로윈 에디션',
             '이태원 스튜디오 라운지',
             '서울특별시 용산구 이태원로 188',
             '이태원',
             37.53490000, 126.99440000,
             DATE '2025-10-10',
             DATE '2025-10-31',
             'https://example.com/popup/banner10.jpg',
             '할로윈 컨셉으로 재해석된 캐릭터 굿즈와 한정판 포카를 판매합니다.'
         );

INSERT INTO popup_store (
    popup_id, title, place_name, address, region_name,
    latitude, longitude, start_date, end_date,
    banner_image_url, description
) VALUES (
             11,
             '겨울왕국 스페셜 팝업',
             '잠실 스노우라운지',
             '서울특별시 송파구 올림픽로 240',
             '잠실',
             37.51500000, 127.10250000,
             DATE '2025-12-01',
             DATE '2025-12-27',
             'https://example.com/popup/banner11.jpg',
             '겨울 감성에 맞춘 니트, 머플러, 핫팩 케이스 등 따뜻한 느낌의 굿즈를 판매합니다.'
         );

INSERT INTO popup_store (
    popup_id, title, place_name, address, region_name,
    latitude, longitude, start_date, end_date,
    banner_image_url, description
) VALUES (
             12,
             '아이돌 콜라보 카페 팝업',
             '건대 커먼카페',
             '서울특별시 광진구 아차산로 224',
             '건대',
             37.54040000, 127.07020000,
             DATE '2025-09-01',
             DATE '2025-09-21',
             'https://example.com/popup/banner12.jpg',
             '콜라보 메뉴와 컵홀더, 코스터, 포토카드 등 카페형 굿즈가 포함된 팝업입니다.'
         );

INSERT INTO popup_store (
    popup_id, title, place_name, address, region_name,
    latitude, longitude, start_date, end_date,
    banner_image_url, description
) VALUES (
             13,
             '시티라이트 네온 굿즈전',
             '광화문 라이트갤러리',
             '서울특별시 종로구 세종대로 175',
             '광화문',
             37.57200000, 126.97690000,
             DATE '2025-11-05',
             DATE '2025-11-25',
             'https://example.com/popup/banner13.jpg',
             '네온 사인, 야간 일러스트, 형광 포스터 등 야경 컨셉의 굿즈를 전시 및 판매합니다.'
         );

INSERT INTO popup_store (
    popup_id, title, place_name, address, region_name,
    latitude, longitude, start_date, end_date,
    banner_image_url, description
) VALUES (
             14,
             '굿즈 로드 베스트셀러전',
             '수원 AK 팝업존',
             '경기도 수원시 팔달구 덕영대로 924',
             '수원',
             37.26580000, 127.00040000,
             DATE '2025-04-20',
             DATE '2025-05-05',
             'https://example.com/popup/banner14.jpg',
             '지금까지 인기가 높았던 베스트셀러 굿즈만 모아 재판매하는 기획 팝업입니다.'
         );

INSERT INTO popup_store (
    popup_id, title, place_name, address, region_name,
    latitude, longitude, start_date, end_date,
    banner_image_url, description
) VALUES (
             15,
             '신작 애니 런칭 팝업',
             '판교 크리에이티브홀',
             '경기도 성남시 분당구 분당내곡로 117',
             '판교',
             37.40210000, 127.10870000,
             DATE '2025-06-01',
             DATE '2025-06-16',
             'https://example.com/popup/banner15.jpg',
             '신작 애니메이션의 첫 공식 굿즈를 선보이는 런칭 기념 팝업 스토어입니다.'
         );
commit;
--
INSERT INTO board_post (
    post_id, category_id, member_id, title, content, thumbnail_url,
    view_count, like_count, comment_count,
    created_at, updated_at, deleted_yn
) VALUES (
             1, 1, 1,
             '테스트 게시글 001번 제목',
             '테스트 게시글 001번의 본문 내용입니다. 더미 데이터입니다.',
             'https://example.com/board/thumb_001.jpg',
             10, 2, 0,
             SYSDATE - 50, NULL, 'N'
         );

INSERT INTO board_post (
    post_id, category_id, member_id, title, content, thumbnail_url,
    view_count, like_count, comment_count,
    created_at, updated_at, deleted_yn
) VALUES (
             2, 2, 2,
             '테스트 게시글 002번 제목',
             '테스트 게시글 002번의 본문 내용입니다. 더미 데이터입니다.',
             'https://example.com/board/thumb_002.jpg',
             20, 4, 1,
             SYSDATE - 49, SYSDATE - 48, 'N'
         );

INSERT INTO board_post (
    post_id, category_id, member_id, title, content, thumbnail_url,
    view_count, like_count, comment_count,
    created_at, updated_at, deleted_yn
) VALUES (
             3, 3, 3,
             '테스트 게시글 003번 제목',
             '테스트 게시글 003번의 본문 내용입니다. 더미 데이터입니다.',
             'https://example.com/board/thumb_003.jpg',
             30, 6, 2,
             SYSDATE - 48, NULL, 'N'
         );

INSERT INTO board_post (
    post_id, category_id, member_id, title, content, thumbnail_url,
    view_count, like_count, comment_count,
    created_at, updated_at, deleted_yn
) VALUES (
             4, 4, 4,
             '테스트 게시글 004번 제목',
             '테스트 게시글 004번의 본문 내용입니다. 더미 데이터입니다.',
             'https://example.com/board/thumb_004.jpg',
             40, 8, 3,
             SYSDATE - 47, SYSDATE - 46, 'N'
         );

INSERT INTO board_post (
    post_id, category_id, member_id, title, content, thumbnail_url,
    view_count, like_count, comment_count,
    created_at, updated_at, deleted_yn
) VALUES (
             5, 5, 5,
             '테스트 게시글 005번 제목',
             '테스트 게시글 005번의 본문 내용입니다. 더미 데이터입니다.',
             'https://example.com/board/thumb_005.jpg',
             50, 10, 4,
             SYSDATE - 46, NULL, 'N'
         );

INSERT INTO board_post (
    post_id, category_id, member_id, title, content, thumbnail_url,
    view_count, like_count, comment_count,
    created_at, updated_at, deleted_yn
) VALUES (
             6, 1, 6,
             '테스트 게시글 006번 제목',
             '테스트 게시글 006번의 본문 내용입니다. 더미 데이터입니다.',
             'https://example.com/board/thumb_006.jpg',
             60, 12, 0,
             SYSDATE - 45, SYSDATE - 44, 'N'
         );

INSERT INTO board_post (
    post_id, category_id, member_id, title, content, thumbnail_url,
    view_count, like_count, comment_count,
    created_at, updated_at, deleted_yn
) VALUES (
             7, 2, 7,
             '테스트 게시글 007번 제목',
             '테스트 게시글 007번의 본문 내용입니다. 더미 데이터입니다.',
             'https://example.com/board/thumb_007.jpg',
             70, 14, 1,
             SYSDATE - 44, NULL, 'N'
         );

INSERT INTO board_post (
    post_id, category_id, member_id, title, content, thumbnail_url,
    view_count, like_count, comment_count,
    created_at, updated_at, deleted_yn
) VALUES (
             8, 3, 8,
             '테스트 게시글 008번 제목',
             '테스트 게시글 008번의 본문 내용입니다. 더미 데이터입니다.',
             'https://example.com/board/thumb_008.jpg',
             80, 16, 2,
             SYSDATE - 43, SYSDATE - 42, 'N'
         );

INSERT INTO board_post (
    post_id, category_id, member_id, title, content, thumbnail_url,
    view_count, like_count, comment_count,
    created_at, updated_at, deleted_yn
) VALUES (
             9, 4, 9,
             '테스트 게시글 009번 제목',
             '테스트 게시글 009번의 본문 내용입니다. 더미 데이터입니다.',
             'https://example.com/board/thumb_009.jpg',
             90, 18, 3,
             SYSDATE - 42, NULL, 'N'
         );

INSERT INTO board_post (
    post_id, category_id, member_id, title, content, thumbnail_url,
    view_count, like_count, comment_count,
    created_at, updated_at, deleted_yn
) VALUES (
             10, 5, 10,
             '테스트 게시글 010번 제목',
             '테스트 게시글 010번의 본문 내용입니다. 더미 데이터입니다.',
             'https://example.com/board/thumb_010.jpg',
             100, 20, 4,
             SYSDATE - 41, SYSDATE - 40, 'N'
         );

INSERT INTO board_post (
    post_id, category_id, member_id, title, content, thumbnail_url,
    view_count, like_count, comment_count,
    created_at, updated_at, deleted_yn
) VALUES (
             11, 1, 11,
             '테스트 게시글 011번 제목',
             '테스트 게시글 011번의 본문 내용입니다. 더미 데이터입니다.',
             'https://example.com/board/thumb_011.jpg',
             110, 22, 0,
             SYSDATE - 40, NULL, 'N'
         );

INSERT INTO board_post (
    post_id, category_id, member_id, title, content, thumbnail_url,
    view_count, like_count, comment_count,
    created_at, updated_at, deleted_yn
) VALUES (
             12, 2, 12,
             '테스트 게시글 012번 제목',
             '테스트 게시글 012번의 본문 내용입니다. 더미 데이터입니다.',
             'https://example.com/board/thumb_012.jpg',
             120, 24, 1,
             SYSDATE - 39, SYSDATE - 38, 'N'
         );

INSERT INTO board_post (
    post_id, category_id, member_id, title, content, thumbnail_url,
    view_count, like_count, comment_count,
    created_at, updated_at, deleted_yn
) VALUES (
             13, 3, 13,
             '테스트 게시글 013번 제목',
             '테스트 게시글 013번의 본문 내용입니다. 더미 데이터입니다.',
             'https://example.com/board/thumb_013.jpg',
             130, 26, 2,
             SYSDATE - 38, NULL, 'N'
         );

INSERT INTO board_post (
    post_id, category_id, member_id, title, content, thumbnail_url,
    view_count, like_count, comment_count,
    created_at, updated_at, deleted_yn
) VALUES (
             14, 4, 14,
             '테스트 게시글 014번 제목',
             '테스트 게시글 014번의 본문 내용입니다. 더미 데이터입니다.',
             'https://example.com/board/thumb_014.jpg',
             140, 28, 3,
             SYSDATE - 37, SYSDATE - 36, 'N'
         );

INSERT INTO board_post (
    post_id, category_id, member_id, title, content, thumbnail_url,
    view_count, like_count, comment_count,
    created_at, updated_at, deleted_yn
) VALUES (
             15, 5, 15,
             '테스트 게시글 015번 제목',
             '테스트 게시글 015번의 본문 내용입니다. 더미 데이터입니다.',
             'https://example.com/board/thumb_015.jpg',
             150, 30, 4,
             SYSDATE - 36, NULL, 'N'
         );

INSERT INTO board_post (
    post_id, category_id, member_id, title, content, thumbnail_url,
    view_count, like_count, comment_count,
    created_at, updated_at, deleted_yn
) VALUES (
             16, 1, 16,
             '테스트 게시글 016번 제목',
             '테스트 게시글 016번의 본문 내용입니다. 더미 데이터입니다.',
             'https://example.com/board/thumb_016.jpg',
             160, 32, 0,
             SYSDATE - 35, SYSDATE - 34, 'N'
         );

INSERT INTO board_post (
    post_id, category_id, member_id, title, content, thumbnail_url,
    view_count, like_count, comment_count,
    created_at, updated_at, deleted_yn
) VALUES (
             17, 2, 17,
             '테스트 게시글 017번 제목',
             '테스트 게시글 017번의 본문 내용입니다. 더미 데이터입니다.',
             'https://example.com/board/thumb_017.jpg',
             170, 34, 1,
             SYSDATE - 34, NULL, 'N'
         );

INSERT INTO board_post (
    post_id, category_id, member_id, title, content, thumbnail_url,
    view_count, like_count, comment_count,
    created_at, updated_at, deleted_yn
) VALUES (
             18, 3, 18,
             '테스트 게시글 018번 제목',
             '테스트 게시글 018번의 본문 내용입니다. 더미 데이터입니다.',
             'https://example.com/board/thumb_018.jpg',
             180, 36, 2,
             SYSDATE - 33, SYSDATE - 32, 'N'
         );

INSERT INTO board_post (
    post_id, category_id, member_id, title, content, thumbnail_url,
    view_count, like_count, comment_count,
    created_at, updated_at, deleted_yn
) VALUES (
             19, 4, 19,
             '테스트 게시글 019번 제목',
             '테스트 게시글 019번의 본문 내용입니다. 더미 데이터입니다.',
             'https://example.com/board/thumb_019.jpg',
             190, 38, 3,
             SYSDATE - 32, NULL, 'N'
         );

INSERT INTO board_post (
    post_id, category_id, member_id, title, content, thumbnail_url,
    view_count, like_count, comment_count,
    created_at, updated_at, deleted_yn
) VALUES (
             20, 5, 20,
             '테스트 게시글 020번 제목',
             '테스트 게시글 020번의 본문 내용입니다. 더미 데이터입니다.',
             'https://example.com/board/thumb_020.jpg',
             200, 40, 4,
             SYSDATE - 31, SYSDATE - 30, 'N'
         );

INSERT INTO board_post (
    post_id, category_id, member_id, title, content, thumbnail_url,
    view_count, like_count, comment_count,
    created_at, updated_at, deleted_yn
) VALUES (
             21, 1, 1,
             '테스트 게시글 021번 제목',
             '테스트 게시글 021번의 본문 내용입니다. 더미 데이터입니다.',
             'https://example.com/board/thumb_021.jpg',
             210, 42, 0,
             SYSDATE - 30, NULL, 'N'
         );

INSERT INTO board_post (
    post_id, category_id, member_id, title, content, thumbnail_url,
    view_count, like_count, comment_count,
    created_at, updated_at, deleted_yn
) VALUES (
             22, 2, 2,
             '테스트 게시글 022번 제목',
             '테스트 게시글 022번의 본문 내용입니다. 더미 데이터입니다.',
             'https://example.com/board/thumb_022.jpg',
             220, 44, 1,
             SYSDATE - 29, SYSDATE - 28, 'N'
         );

INSERT INTO board_post (
    post_id, category_id, member_id, title, content, thumbnail_url,
    view_count, like_count, comment_count,
    created_at, updated_at, deleted_yn
) VALUES (
             23, 3, 3,
             '테스트 게시글 023번 제목',
             '테스트 게시글 023번의 본문 내용입니다. 더미 데이터입니다.',
             'https://example.com/board/thumb_023.jpg',
             230, 46, 2,
             SYSDATE - 28, NULL, 'N'
         );

INSERT INTO board_post (
    post_id, category_id, member_id, title, content, thumbnail_url,
    view_count, like_count, comment_count,
    created_at, updated_at, deleted_yn
) VALUES (
             24, 4, 4,
             '테스트 게시글 024번 제목',
             '테스트 게시글 024번의 본문 내용입니다. 더미 데이터입니다.',
             'https://example.com/board/thumb_024.jpg',
             240, 48, 3,
             SYSDATE - 27, SYSDATE - 26, 'N'
         );

INSERT INTO board_post (
    post_id, category_id, member_id, title, content, thumbnail_url,
    view_count, like_count, comment_count,
    created_at, updated_at, deleted_yn
) VALUES (
             25, 5, 5,
             '테스트 게시글 025번 제목',
             '테스트 게시글 025번의 본문 내용입니다. 더미 데이터입니다.',
             'https://example.com/board/thumb_025.jpg',
             250, 50, 4,
             SYSDATE - 26, NULL, 'N'
         );

INSERT INTO board_post (
    post_id, category_id, member_id, title, content, thumbnail_url,
    view_count, like_count, comment_count,
    created_at, updated_at, deleted_yn
) VALUES (
             26, 1, 6,
             '테스트 게시글 026번 제목',
             '테스트 게시글 026번의 본문 내용입니다. 더미 데이터입니다.',
             'https://example.com/board/thumb_026.jpg',
             260, 52, 0,
             SYSDATE - 25, SYSDATE - 24, 'N'
         );

INSERT INTO board_post (
    post_id, category_id, member_id, title, content, thumbnail_url,
    view_count, like_count, comment_count,
    created_at, updated_at, deleted_yn
) VALUES (
             27, 2, 7,
             '테스트 게시글 027번 제목',
             '테스트 게시글 027번의 본문 내용입니다. 더미 데이터입니다.',
             'https://example.com/board/thumb_027.jpg',
             270, 54, 1,
             SYSDATE - 24, NULL, 'N'
         );

INSERT INTO board_post (
    post_id, category_id, member_id, title, content, thumbnail_url,
    view_count, like_count, comment_count,
    created_at, updated_at, deleted_yn
) VALUES (
             28, 3, 8,
             '테스트 게시글 028번 제목',
             '테스트 게시글 028번의 본문 내용입니다. 더미 데이터입니다.',
             'https://example.com/board/thumb_028.jpg',
             280, 56, 2,
             SYSDATE - 23, SYSDATE - 22, 'N'
         );

INSERT INTO board_post (
    post_id, category_id, member_id, title, content, thumbnail_url,
    view_count, like_count, comment_count,
    created_at, updated_at, deleted_yn
) VALUES (
             29, 4, 9,
             '테스트 게시글 029번 제목',
             '테스트 게시글 029번의 본문 내용입니다. 더미 데이터입니다.',
             'https://example.com/board/thumb_029.jpg',
             290, 58, 3,
             SYSDATE - 22, NULL, 'N'
         );

INSERT INTO board_post (
    post_id, category_id, member_id, title, content, thumbnail_url,
    view_count, like_count, comment_count,
    created_at, updated_at, deleted_yn
) VALUES (
             30, 5, 10,
             '테스트 게시글 030번 제목',
             '테스트 게시글 030번의 본문 내용입니다. 더미 데이터입니다.',
             'https://example.com/board/thumb_030.jpg',
             300, 60, 4,
             SYSDATE - 21, SYSDATE - 20, 'N'
         );

INSERT INTO board_post (
    post_id, category_id, member_id, title, content, thumbnail_url,
    view_count, like_count, comment_count,
    created_at, updated_at, deleted_yn
) VALUES (
             31, 1, 11,
             '테스트 게시글 031번 제목',
             '테스트 게시글 031번의 본문 내용입니다. 더미 데이터입니다.',
             'https://example.com/board/thumb_031.jpg',
             310, 62, 0,
             SYSDATE - 20, NULL, 'N'
         );

INSERT INTO board_post (
    post_id, category_id, member_id, title, content, thumbnail_url,
    view_count, like_count, comment_count,
    created_at, updated_at, deleted_yn
) VALUES (
             32, 2, 12,
             '테스트 게시글 032번 제목',
             '테스트 게시글 032번의 본문 내용입니다. 더미 데이터입니다.',
             'https://example.com/board/thumb_032.jpg',
             320, 64, 1,
             SYSDATE - 19, SYSDATE - 18, 'N'
         );

INSERT INTO board_post (
    post_id, category_id, member_id, title, content, thumbnail_url,
    view_count, like_count, comment_count,
    created_at, updated_at, deleted_yn
) VALUES (
             33, 3, 13,
             '테스트 게시글 033번 제목',
             '테스트 게시글 033번의 본문 내용입니다. 더미 데이터입니다.',
             'https://example.com/board/thumb_033.jpg',
             330, 66, 2,
             SYSDATE - 18, NULL, 'N'
         );

INSERT INTO board_post (
    post_id, category_id, member_id, title, content, thumbnail_url,
    view_count, like_count, comment_count,
    created_at, updated_at, deleted_yn
) VALUES (
             34, 4, 14,
             '테스트 게시글 034번 제목',
             '테스트 게시글 034번의 본문 내용입니다. 더미 데이터입니다.',
             'https://example.com/board/thumb_034.jpg',
             340, 68, 3,
             SYSDATE - 17, SYSDATE - 16, 'N'
         );

INSERT INTO board_post (
    post_id, category_id, member_id, title, content, thumbnail_url,
    view_count, like_count, comment_count,
    created_at, updated_at, deleted_yn
) VALUES (
             35, 5, 15,
             '테스트 게시글 035번 제목',
             '테스트 게시글 035번의 본문 내용입니다. 더미 데이터입니다.',
             'https://example.com/board/thumb_035.jpg',
             350, 70, 4,
             SYSDATE - 16, NULL, 'N'
         );

INSERT INTO board_post (
    post_id, category_id, member_id, title, content, thumbnail_url,
    view_count, like_count, comment_count,
    created_at, updated_at, deleted_yn
) VALUES (
             36, 1, 16,
             '테스트 게시글 036번 제목',
             '테스트 게시글 036번의 본문 내용입니다. 더미 데이터입니다.',
             'https://example.com/board/thumb_036.jpg',
             360, 72, 0,
             SYSDATE - 15, SYSDATE - 14, 'N'
         );

INSERT INTO board_post (
    post_id, category_id, member_id, title, content, thumbnail_url,
    view_count, like_count, comment_count,
    created_at, updated_at, deleted_yn
) VALUES (
             37, 2, 17,
             '테스트 게시글 037번 제목',
             '테스트 게시글 037번의 본문 내용입니다. 더미 데이터입니다.',
             'https://example.com/board/thumb_037.jpg',
             370, 74, 1,
             SYSDATE - 14, NULL, 'N'
         );

INSERT INTO board_post (
    post_id, category_id, member_id, title, content, thumbnail_url,
    view_count, like_count, comment_count,
    created_at, updated_at, deleted_yn
) VALUES (
             38, 3, 18,
             '테스트 게시글 038번 제목',
             '테스트 게시글 038번의 본문 내용입니다. 더미 데이터입니다.',
             'https://example.com/board/thumb_038.jpg',
             380, 76, 2,
             SYSDATE - 13, SYSDATE - 12, 'N'
         );

INSERT INTO board_post (
    post_id, category_id, member_id, title, content, thumbnail_url,
    view_count, like_count, comment_count,
    created_at, updated_at, deleted_yn
) VALUES (
             39, 4, 19,
             '테스트 게시글 039번 제목',
             '테스트 게시글 039번의 본문 내용입니다. 더미 데이터입니다.',
             'https://example.com/board/thumb_039.jpg',
             390, 78, 3,
             SYSDATE - 12, NULL, 'N'
         );

INSERT INTO board_post (
    post_id, category_id, member_id, title, content, thumbnail_url,
    view_count, like_count, comment_count,
    created_at, updated_at, deleted_yn
) VALUES (
             40, 5, 20,
             '테스트 게시글 040번 제목',
             '테스트 게시글 040번의 본문 내용입니다. 더미 데이터입니다.',
             'https://example.com/board/thumb_040.jpg',
             400, 80, 4,
             SYSDATE - 11, SYSDATE - 10, 'N'
         );

INSERT INTO board_post (
    post_id, category_id, member_id, title, content, thumbnail_url,
    view_count, like_count, comment_count,
    created_at, updated_at, deleted_yn
) VALUES (
             41, 1, 1,
             '테스트 게시글 041번 제목',
             '테스트 게시글 041번의 본문 내용입니다. 더미 데이터입니다.',
             'https://example.com/board/thumb_041.jpg',
             410, 82, 0,
             SYSDATE - 10, NULL, 'N'
         );

INSERT INTO board_post (
    post_id, category_id, member_id, title, content, thumbnail_url,
    view_count, like_count, comment_count,
    created_at, updated_at, deleted_yn
) VALUES (
             42, 2, 2,
             '테스트 게시글 042번 제목',
             '테스트 게시글 042번의 본문 내용입니다. 더미 데이터입니다.',
             'https://example.com/board/thumb_042.jpg',
             420, 84, 1,
             SYSDATE - 9, SYSDATE - 8, 'N'
         );

INSERT INTO board_post (
    post_id, category_id, member_id, title, content, thumbnail_url,
    view_count, like_count, comment_count,
    created_at, updated_at, deleted_yn
) VALUES (
             43, 3, 3,
             '테스트 게시글 043번 제목',
             '테스트 게시글 043번의 본문 내용입니다. 더미 데이터입니다.',
             'https://example.com/board/thumb_043.jpg',
             430, 86, 2,
             SYSDATE - 8, NULL, 'N'
         );

INSERT INTO board_post (
    post_id, category_id, member_id, title, content, thumbnail_url,
    view_count, like_count, comment_count,
    created_at, updated_at, deleted_yn
) VALUES (
             44, 4, 4,
             '테스트 게시글 044번 제목',
             '테스트 게시글 044번의 본문 내용입니다. 더미 데이터입니다.',
             'https://example.com/board/thumb_044.jpg',
             440, 88, 3,
             SYSDATE - 7, SYSDATE - 6, 'N'
         );

INSERT INTO board_post (
    post_id, category_id, member_id, title, content, thumbnail_url,
    view_count, like_count, comment_count,
    created_at, updated_at, deleted_yn
) VALUES (
             45, 5, 5,
             '테스트 게시글 045번 제목',
             '테스트 게시글 045번의 본문 내용입니다. 더미 데이터입니다.',
             'https://example.com/board/thumb_045.jpg',
             450, 90, 4,
             SYSDATE - 6, NULL, 'N'
         );

INSERT INTO board_post (
    post_id, category_id, member_id, title, content, thumbnail_url,
    view_count, like_count, comment_count,
    created_at, updated_at, deleted_yn
) VALUES (
             46, 1, 6,
             '테스트 게시글 046번 제목',
             '테스트 게시글 046번의 본문 내용입니다. 더미 데이터입니다.',
             'https://example.com/board/thumb_046.jpg',
             460, 92, 0,
             SYSDATE - 5, SYSDATE - 4, 'N'
         );

INSERT INTO board_post (
    post_id, category_id, member_id, title, content, thumbnail_url,
    view_count, like_count, comment_count,
    created_at, updated_at, deleted_yn
) VALUES (
             47, 2, 7,
             '테스트 게시글 047번 제목',
             '테스트 게시글 047번의 본문 내용입니다. 더미 데이터입니다.',
             'https://example.com/board/thumb_047.jpg',
             470, 94, 1,
             SYSDATE - 4, NULL, 'N'
         );

INSERT INTO board_post (
    post_id, category_id, member_id, title, content, thumbnail_url,
    view_count, like_count, comment_count,
    created_at, updated_at, deleted_yn
) VALUES (
             48, 3, 8,
             '테스트 게시글 048번 제목',
             '테스트 게시글 048번의 본문 내용입니다. 더미 데이터입니다.',
             'https://example.com/board/thumb_048.jpg',
             480, 96, 2,
             SYSDATE - 3, SYSDATE - 2, 'N'
         );

INSERT INTO board_post (
    post_id, category_id, member_id, title, content, thumbnail_url,
    view_count, like_count, comment_count,
    created_at, updated_at, deleted_yn
) VALUES (
             49, 4, 9,
             '테스트 게시글 049번 제목',
             '테스트 게시글 049번의 본문 내용입니다. 더미 데이터입니다.',
             'https://example.com/board/thumb_049.jpg',
             490, 98, 3,
             SYSDATE - 2, NULL, 'N'
         );

INSERT INTO board_post (
    post_id, category_id, member_id, title, content, thumbnail_url,
    view_count, like_count, comment_count,
    created_at, updated_at, deleted_yn
) VALUES (
             50, 5, 10,
             '테스트 게시글 050번 제목',
             '테스트 게시글 050번의 본문 내용입니다. 더미 데이터입니다.',
             'https://example.com/board/thumb_050.jpg',
             500, 100, 4,
             SYSDATE - 1, SYSDATE, 'N'
         );
commit;


INSERT INTO board_bookmark (member_id, post_id, created_at)
VALUES (1, 1, SYSDATE - 30);

INSERT INTO board_bookmark (member_id, post_id, created_at)
VALUES (1, 2, SYSDATE - 29);

INSERT INTO board_bookmark (member_id, post_id, created_at)
VALUES (1, 3, SYSDATE - 28);

INSERT INTO board_bookmark (member_id, post_id, created_at)
VALUES (2, 1, SYSDATE - 27);

INSERT INTO board_bookmark (member_id, post_id, created_at)
VALUES (2, 2, SYSDATE - 26);

INSERT INTO board_bookmark (member_id, post_id, created_at)
VALUES (2, 4, SYSDATE - 25);

INSERT INTO board_bookmark (member_id, post_id, created_at)
VALUES (3, 1, SYSDATE - 24);

INSERT INTO board_bookmark (member_id, post_id, created_at)
VALUES (3, 3, SYSDATE - 23);

INSERT INTO board_bookmark (member_id, post_id, created_at)
VALUES (3, 5, SYSDATE - 22);

INSERT INTO board_bookmark (member_id, post_id, created_at)
VALUES (4, 2, SYSDATE - 21);

INSERT INTO board_bookmark (member_id, post_id, created_at)
VALUES (4, 3, SYSDATE - 20);

INSERT INTO board_bookmark (member_id, post_id, created_at)
VALUES (4, 4, SYSDATE - 19);

INSERT INTO board_bookmark (member_id, post_id, created_at)
VALUES (5, 1, SYSDATE - 18);

INSERT INTO board_bookmark (member_id, post_id, created_at)
VALUES (5, 2, SYSDATE - 17);

INSERT INTO board_bookmark (member_id, post_id, created_at)
VALUES (5, 5, SYSDATE - 16);

INSERT INTO board_bookmark (member_id, post_id, created_at)
VALUES (6, 3, SYSDATE - 15);

INSERT INTO board_bookmark (member_id, post_id, created_at)
VALUES (6, 4, SYSDATE - 14);

INSERT INTO board_bookmark (member_id, post_id, created_at)
VALUES (6, 6, SYSDATE - 13);

INSERT INTO board_bookmark (member_id, post_id, created_at)
VALUES (7, 2, SYSDATE - 12);

INSERT INTO board_bookmark (member_id, post_id, created_at)
VALUES (7, 5, SYSDATE - 11);

INSERT INTO board_bookmark (member_id, post_id, created_at)
VALUES (7, 7, SYSDATE - 10);

INSERT INTO board_bookmark (member_id, post_id, created_at)
VALUES (8, 4, SYSDATE - 9);

INSERT INTO board_bookmark (member_id, post_id, created_at)
VALUES (8, 6, SYSDATE - 8);

INSERT INTO board_bookmark (member_id, post_id, created_at)
VALUES (8, 8, SYSDATE - 7);

INSERT INTO board_bookmark (member_id, post_id, created_at)
VALUES (9, 5, SYSDATE - 6);

INSERT INTO board_bookmark (member_id, post_id, created_at)
VALUES (9, 7, SYSDATE - 5);

INSERT INTO board_bookmark (member_id, post_id, created_at)
VALUES (9, 9, SYSDATE - 4);

INSERT INTO board_bookmark (member_id, post_id, created_at)
VALUES (10, 6, SYSDATE - 3);

INSERT INTO board_bookmark (member_id, post_id, created_at)
VALUES (10, 8, SYSDATE - 2);

INSERT INTO board_bookmark (member_id, post_id, created_at)
VALUES (10, 10, SYSDATE - 1);
commit;

INSERT INTO board_category (category_id, code, name)
VALUES (1, 'NOTICE', '공지사항');

INSERT INTO board_category (category_id, code, name)
VALUES (2, 'MY_GOODS', '내 굿즈 자랑');

INSERT INTO board_category (category_id, code, name)
VALUES (3, 'COSPLAY', '코스프레');

INSERT INTO board_category (category_id, code, name)
VALUES (4, 'FREE', '자유 게시판');

INSERT INTO board_category (category_id, code, name)
VALUES (5, 'EVENT', '이벤트');

INSERT INTO board_category (category_id, code, name)
VALUES (6, 'QNA', '질문 · 답변');

INSERT INTO board_category (category_id, code, name)
VALUES (7, 'REVIEW', '후기 · 리뷰');

INSERT INTO board_category (category_id, code, name)
VALUES (8, 'POPUP_INFO', '팝업스토어 정보');

INSERT INTO board_category (category_id, code, name)
VALUES (9, 'STORE_TIP', '매장 방문 꿀팁');

INSERT INTO board_category (category_id, code, name)
VALUES (10, 'PHOTO', '사진 · 포토카드');

INSERT INTO board_category (category_id, code, name)
VALUES (11, 'TRADE', '교환 · 나눔');

INSERT INTO board_category (category_id, code, name)
VALUES (12, 'FANART', '팬아트');

INSERT INTO board_category (category_id, code, name)
VALUES (13, 'GUIDE', '이용 가이드');

INSERT INTO board_category (category_id, code, name)
VALUES (14, 'FAQ', '자주 묻는 질문');

INSERT INTO board_category (category_id, code, name)
VALUES (15, 'OFF_TOPIC', '잡담 · 기타');
commit ;

INSERT INTO board_comment (
    comment_id, post_id, member_id, parent_comment_id,
    content, like_count, created_at, updated_at, deleted_yn
) VALUES (
             1, 1, 1, NULL,
             '테스트 댓글 001번 내용입니다.', 0, SYSDATE, NULL, 'N'
         );

INSERT INTO board_comment (
    comment_id, post_id, member_id, parent_comment_id,
    content, like_count, created_at, updated_at, deleted_yn
) VALUES (
             2, 2, 2, NULL,
             '테스트 댓글 002번 내용입니다.', 0, SYSDATE, NULL, 'N'
         );

INSERT INTO board_comment (
    comment_id, post_id, member_id, parent_comment_id,
    content, like_count, created_at, updated_at, deleted_yn
) VALUES (
             3, 3, 3, NULL,
             '테스트 댓글 003번 내용입니다.', 0, SYSDATE, NULL, 'N'
         );

INSERT INTO board_comment (
    comment_id, post_id, member_id, parent_comment_id,
    content, like_count, created_at, updated_at, deleted_yn
) VALUES (
             4, 4, 4, NULL,
             '테스트 댓글 004번 내용입니다.', 0, SYSDATE, NULL, 'N'
         );

INSERT INTO board_comment (
    comment_id, post_id, member_id, parent_comment_id,
    content, like_count, created_at, updated_at, deleted_yn
) VALUES (
             5, 5, 5, NULL,
             '테스트 댓글 005번 내용입니다.', 0, SYSDATE, NULL, 'N'
         );

INSERT INTO board_comment (
    comment_id, post_id, member_id, parent_comment_id,
    content, like_count, created_at, updated_at, deleted_yn
) VALUES (
             6, 6, 6, NULL,
             '테스트 댓글 006번 내용입니다.', 0, SYSDATE, NULL, 'N'
         );

INSERT INTO board_comment (
    comment_id, post_id, member_id, parent_comment_id,
    content, like_count, created_at, updated_at, deleted_yn
) VALUES (
             7, 7, 7, NULL,
             '테스트 댓글 007번 내용입니다.', 0, SYSDATE, NULL, 'N'
         );

INSERT INTO board_comment (
    comment_id, post_id, member_id, parent_comment_id,
    content, like_count, created_at, updated_at, deleted_yn
) VALUES (
             8, 8, 8, NULL,
             '테스트 댓글 008번 내용입니다.', 0, SYSDATE, NULL, 'N'
         );

INSERT INTO board_comment (
    comment_id, post_id, member_id, parent_comment_id,
    content, like_count, created_at, updated_at, deleted_yn
) VALUES (
             9, 9, 9, NULL,
             '테스트 댓글 009번 내용입니다.', 0, SYSDATE, NULL, 'N'
         );

INSERT INTO board_comment (
    comment_id, post_id, member_id, parent_comment_id,
    content, like_count, created_at, updated_at, deleted_yn
) VALUES (
             10, 10, 10, NULL,
             '테스트 댓글 010번 내용입니다.', 0, SYSDATE, NULL, 'N'
         );

-- 11 ~ 20
INSERT INTO board_comment (
    comment_id, post_id, member_id, parent_comment_id,
    content, like_count, created_at, updated_at, deleted_yn
) VALUES (
             11, 1, 11, NULL,
             '테스트 댓글 011번 내용입니다.', 0, SYSDATE, NULL, 'N'
         );

INSERT INTO board_comment (
    comment_id, post_id, member_id, parent_comment_id,
    content, like_count, created_at, updated_at, deleted_yn
) VALUES (
             12, 2, 12, NULL,
             '테스트 댓글 012번 내용입니다.', 0, SYSDATE, NULL, 'N'
         );

INSERT INTO board_comment (
    comment_id, post_id, member_id, parent_comment_id,
    content, like_count, created_at, updated_at, deleted_yn
) VALUES (
             13, 3, 13, NULL,
             '테스트 댓글 013번 내용입니다.', 0, SYSDATE, NULL, 'N'
         );

INSERT INTO board_comment (
    comment_id, post_id, member_id, parent_comment_id,
    content, like_count, created_at, updated_at, deleted_yn
) VALUES (
             14, 4, 14, NULL,
             '테스트 댓글 014번 내용입니다.', 0, SYSDATE, NULL, 'N'
         );

INSERT INTO board_comment (
    comment_id, post_id, member_id, parent_comment_id,
    content, like_count, created_at, updated_at, deleted_yn
) VALUES (
             15, 5, 15, NULL,
             '테스트 댓글 015번 내용입니다.', 0, SYSDATE, NULL, 'N'
         );

INSERT INTO board_comment (
    comment_id, post_id, member_id, parent_comment_id,
    content, like_count, created_at, updated_at, deleted_yn
) VALUES (
             16, 6, 16, NULL,
             '테스트 댓글 016번 내용입니다.', 0, SYSDATE, NULL, 'N'
         );

INSERT INTO board_comment (
    comment_id, post_id, member_id, parent_comment_id,
    content, like_count, created_at, updated_at, deleted_yn
) VALUES (
             17, 7, 17, NULL,
             '테스트 댓글 017번 내용입니다.', 0, SYSDATE, NULL, 'N'
         );

INSERT INTO board_comment (
    comment_id, post_id, member_id, parent_comment_id,
    content, like_count, created_at, updated_at, deleted_yn
) VALUES (
             18, 8, 18, NULL,
             '테스트 댓글 018번 내용입니다.', 0, SYSDATE, NULL, 'N'
         );

INSERT INTO board_comment (
    comment_id, post_id, member_id, parent_comment_id,
    content, like_count, created_at, updated_at, deleted_yn
) VALUES (
             19, 9, 19, NULL,
             '테스트 댓글 019번 내용입니다.', 0, SYSDATE, NULL, 'N'
         );

INSERT INTO board_comment (
    comment_id, post_id, member_id, parent_comment_id,
    content, like_count, created_at, updated_at, deleted_yn
) VALUES (
             20, 10, 20, NULL,
             '테스트 댓글 020번 내용입니다.', 0, SYSDATE, NULL, 'N'
         );

-- 21 ~ 30
INSERT INTO board_comment (
    comment_id, post_id, member_id, parent_comment_id,
    content, like_count, created_at, updated_at, deleted_yn
) VALUES (
             21, 1, 1, NULL,
             '테스트 댓글 021번 내용입니다.', 0, SYSDATE, NULL, 'N'
         );

INSERT INTO board_comment (
    comment_id, post_id, member_id, parent_comment_id,
    content, like_count, created_at, updated_at, deleted_yn
) VALUES (
             22, 2, 2, NULL,
             '테스트 댓글 022번 내용입니다.', 0, SYSDATE, NULL, 'N'
         );

INSERT INTO board_comment (
    comment_id, post_id, member_id, parent_comment_id,
    content, like_count, created_at, updated_at, deleted_yn
) VALUES (
             23, 3, 3, NULL,
             '테스트 댓글 023번 내용입니다.', 0, SYSDATE, NULL, 'N'
         );

INSERT INTO board_comment (
    comment_id, post_id, member_id, parent_comment_id,
    content, like_count, created_at, updated_at, deleted_yn
) VALUES (
             24, 4, 4, NULL,
             '테스트 댓글 024번 내용입니다.', 0, SYSDATE, NULL, 'N'
         );

INSERT INTO board_comment (
    comment_id, post_id, member_id, parent_comment_id,
    content, like_count, created_at, updated_at, deleted_yn
) VALUES (
             25, 5, 5, NULL,
             '테스트 댓글 025번 내용입니다.', 0, SYSDATE, NULL, 'N'
         );

INSERT INTO board_comment (
    comment_id, post_id, member_id, parent_comment_id,
    content, like_count, created_at, updated_at, deleted_yn
) VALUES (
             26, 6, 6, NULL,
             '테스트 댓글 026번 내용입니다.', 0, SYSDATE, NULL, 'N'
         );

INSERT INTO board_comment (
    comment_id, post_id, member_id, parent_comment_id,
    content, like_count, created_at, updated_at, deleted_yn
) VALUES (
             27, 7, 7, NULL,
             '테스트 댓글 027번 내용입니다.', 0, SYSDATE, NULL, 'N'
         );

INSERT INTO board_comment (
    comment_id, post_id, member_id, parent_comment_id,
    content, like_count, created_at, updated_at, deleted_yn
) VALUES (
             28, 8, 8, NULL,
             '테스트 댓글 028번 내용입니다.', 0, SYSDATE, NULL, 'N'
         );

INSERT INTO board_comment (
    comment_id, post_id, member_id, parent_comment_id,
    content, like_count, created_at, updated_at, deleted_yn
) VALUES (
             29, 9, 9, NULL,
             '테스트 댓글 029번 내용입니다.', 0, SYSDATE, NULL, 'N'
         );

INSERT INTO board_comment (
    comment_id, post_id, member_id, parent_comment_id,
    content, like_count, created_at, updated_at, deleted_yn
) VALUES (
             30, 10, 10, NULL,
             '테스트 댓글 030번 내용입니다.', 0, SYSDATE, NULL, 'N'
         );

-- 31 ~ 40
INSERT INTO board_comment (
    comment_id, post_id, member_id, parent_comment_id,
    content, like_count, created_at, updated_at, deleted_yn
) VALUES (
             31, 1, 11, NULL,
             '테스트 댓글 031번 내용입니다.', 0, SYSDATE, NULL, 'N'
         );

INSERT INTO board_comment (
    comment_id, post_id, member_id, parent_comment_id,
    content, like_count, created_at, updated_at, deleted_yn
) VALUES (
             32, 2, 12, NULL,
             '테스트 댓글 032번 내용입니다.', 0, SYSDATE, NULL, 'N'
         );

INSERT INTO board_comment (
    comment_id, post_id, member_id, parent_comment_id,
    content, like_count, created_at, updated_at, deleted_yn
) VALUES (
             33, 3, 13, NULL,
             '테스트 댓글 033번 내용입니다.', 0, SYSDATE, NULL, 'N'
         );

INSERT INTO board_comment (
    comment_id, post_id, member_id, parent_comment_id,
    content, like_count, created_at, updated_at, deleted_yn
) VALUES (
             34, 4, 14, NULL,
             '테스트 댓글 034번 내용입니다.', 0, SYSDATE, NULL, 'N'
         );

INSERT INTO board_comment (
    comment_id, post_id, member_id, parent_comment_id,
    content, like_count, created_at, updated_at, deleted_yn
) VALUES (
             35, 5, 15, NULL,
             '테스트 댓글 035번 내용입니다.', 0, SYSDATE, NULL, 'N'
         );

INSERT INTO board_comment (
    comment_id, post_id, member_id, parent_comment_id,
    content, like_count, created_at, updated_at, deleted_yn
) VALUES (
             36, 6, 16, NULL,
             '테스트 댓글 036번 내용입니다.', 0, SYSDATE, NULL, 'N'
         );

INSERT INTO board_comment (
    comment_id, post_id, member_id, parent_comment_id,
    content, like_count, created_at, updated_at, deleted_yn
) VALUES (
             37, 7, 17, NULL,
             '테스트 댓글 037번 내용입니다.', 0, SYSDATE, NULL, 'N'
         );

INSERT INTO board_comment (
    comment_id, post_id, member_id, parent_comment_id,
    content, like_count, created_at, updated_at, deleted_yn
) VALUES (
             38, 8, 18, NULL,
             '테스트 댓글 038번 내용입니다.', 0, SYSDATE, NULL, 'N'
         );

INSERT INTO board_comment (
    comment_id, post_id, member_id, parent_comment_id,
    content, like_count, created_at, updated_at, deleted_yn
) VALUES (
             39, 9, 19, NULL,
             '테스트 댓글 039번 내용입니다.', 0, SYSDATE, NULL, 'N'
         );

INSERT INTO board_comment (
    comment_id, post_id, member_id, parent_comment_id,
    content, like_count, created_at, updated_at, deleted_yn
) VALUES (
             40, 10, 20, NULL,
             '테스트 댓글 040번 내용입니다.', 0, SYSDATE, NULL, 'N'
         );

-- 41 ~ 50
INSERT INTO board_comment (
    comment_id, post_id, member_id, parent_comment_id,
    content, like_count, created_at, updated_at, deleted_yn
) VALUES (
             41, 1, 1, NULL,
             '테스트 댓글 041번 내용입니다.', 0, SYSDATE, NULL, 'N'
         );

INSERT INTO board_comment (
    comment_id, post_id, member_id, parent_comment_id,
    content, like_count, created_at, updated_at, deleted_yn
) VALUES (
             42, 2, 2, NULL,
             '테스트 댓글 042번 내용입니다.', 0, SYSDATE, NULL, 'N'
         );

INSERT INTO board_comment (
    comment_id, post_id, member_id, parent_comment_id,
    content, like_count, created_at, updated_at, deleted_yn
) VALUES (
             43, 3, 3, NULL,
             '테스트 댓글 043번 내용입니다.', 0, SYSDATE, NULL, 'N'
         );

INSERT INTO board_comment (
    comment_id, post_id, member_id, parent_comment_id,
    content, like_count, created_at, updated_at, deleted_yn
) VALUES (
             44, 4, 4, NULL,
             '테스트 댓글 044번 내용입니다.', 0, SYSDATE, NULL, 'N'
         );

INSERT INTO board_comment (
    comment_id, post_id, member_id, parent_comment_id,
    content, like_count, created_at, updated_at, deleted_yn
) VALUES (
             45, 5, 5, NULL,
             '테스트 댓글 045번 내용입니다.', 0, SYSDATE, NULL, 'N'
         );

INSERT INTO board_comment (
    comment_id, post_id, member_id, parent_comment_id,
    content, like_count, created_at, updated_at, deleted_yn
) VALUES (
             46, 6, 6, NULL,
             '테스트 댓글 046번 내용입니다.', 0, SYSDATE, NULL, 'N'
         );

INSERT INTO board_comment (
    comment_id, post_id, member_id, parent_comment_id,
    content, like_count, created_at, updated_at, deleted_yn
) VALUES (
             47, 7, 7, NULL,
             '테스트 댓글 047번 내용입니다.', 0, SYSDATE, NULL, 'N'
         );

INSERT INTO board_comment (
    comment_id, post_id, member_id, parent_comment_id,
    content, like_count, created_at, updated_at, deleted_yn
) VALUES (
             48, 8, 8, NULL,
             '테스트 댓글 048번 내용입니다.', 0, SYSDATE, NULL, 'N'
         );

INSERT INTO board_comment (
    comment_id, post_id, member_id, parent_comment_id,
    content, like_count, created_at, updated_at, deleted_yn
) VALUES (
             49, 9, 9, NULL,
             '테스트 댓글 049번 내용입니다.', 0, SYSDATE, NULL, 'N'
         );

INSERT INTO board_comment (
    comment_id, post_id, member_id, parent_comment_id,
    content, like_count, created_at, updated_at, deleted_yn
) VALUES (
             50, 10, 10, NULL,
             '테스트 댓글 050번 내용입니다.', 0, SYSDATE, NULL, 'N'
         );

-- 51 ~ 60
INSERT INTO board_comment (
    comment_id, post_id, member_id, parent_comment_id,
    content, like_count, created_at, updated_at, deleted_yn
) VALUES (
             51, 1, 11, NULL,
             '테스트 댓글 051번 내용입니다.', 0, SYSDATE, NULL, 'N'
         );

INSERT INTO board_comment (
    comment_id, post_id, member_id, parent_comment_id,
    content, like_count, created_at, updated_at, deleted_yn
) VALUES (
             52, 2, 12, NULL,
             '테스트 댓글 052번 내용입니다.', 0, SYSDATE, NULL, 'N'
         );

INSERT INTO board_comment (
    comment_id, post_id, member_id, parent_comment_id,
    content, like_count, created_at, updated_at, deleted_yn
) VALUES (
             53, 3, 13, NULL,
             '테스트 댓글 053번 내용입니다.', 0, SYSDATE, NULL, 'N'
         );

INSERT INTO board_comment (
    comment_id, post_id, member_id, parent_comment_id,
    content, like_count, created_at, updated_at, deleted_yn
) VALUES (
             54, 4, 14, NULL,
             '테스트 댓글 054번 내용입니다.', 0, SYSDATE, NULL, 'N'
         );

INSERT INTO board_comment (
    comment_id, post_id, member_id, parent_comment_id,
    content, like_count, created_at, updated_at, deleted_yn
) VALUES (
             55, 5, 15, NULL,
             '테스트 댓글 055번 내용입니다.', 0, SYSDATE, NULL, 'N'
         );

INSERT INTO board_comment (
    comment_id, post_id, member_id, parent_comment_id,
    content, like_count, created_at, updated_at, deleted_yn
) VALUES (
             56, 6, 16, NULL,
             '테스트 댓글 056번 내용입니다.', 0, SYSDATE, NULL, 'N'
         );

INSERT INTO board_comment (
    comment_id, post_id, member_id, parent_comment_id,
    content, like_count, created_at, updated_at, deleted_yn
) VALUES (
             57, 7, 17, NULL,
             '테스트 댓글 057번 내용입니다.', 0, SYSDATE, NULL, 'N'
         );

INSERT INTO board_comment (
    comment_id, post_id, member_id, parent_comment_id,
    content, like_count, created_at, updated_at, deleted_yn
) VALUES (
             58, 8, 18, NULL,
             '테스트 댓글 058번 내용입니다.', 0, SYSDATE, NULL, 'N'
         );

INSERT INTO board_comment (
    comment_id, post_id, member_id, parent_comment_id,
    content, like_count, created_at, updated_at, deleted_yn
) VALUES (
             59, 9, 19, NULL,
             '테스트 댓글 059번 내용입니다.', 0, SYSDATE, NULL, 'N'
         );

INSERT INTO board_comment (
    comment_id, post_id, member_id, parent_comment_id,
    content, like_count, created_at, updated_at, deleted_yn
) VALUES (
             60, 10, 20, NULL,
             '테스트 댓글 060번 내용입니다.', 0, SYSDATE, NULL, 'N'
         );

-- 61 ~ 70
INSERT INTO board_comment (
    comment_id, post_id, member_id, parent_comment_id,
    content, like_count, created_at, updated_at, deleted_yn
) VALUES (
             61, 1, 1, NULL,
             '테스트 댓글 061번 내용입니다.', 0, SYSDATE, NULL, 'N'
         );

INSERT INTO board_comment (
    comment_id, post_id, member_id, parent_comment_id,
    content, like_count, created_at, updated_at, deleted_yn
) VALUES (
             62, 2, 2, NULL,
             '테스트 댓글 062번 내용입니다.', 0, SYSDATE, NULL, 'N'
         );

INSERT INTO board_comment (
    comment_id, post_id, member_id, parent_comment_id,
    content, like_count, created_at, updated_at, deleted_yn
) VALUES (
             63, 3, 3, NULL,
             '테스트 댓글 063번 내용입니다.', 0, SYSDATE, NULL, 'N'
         );

INSERT INTO board_comment (
    comment_id, post_id, member_id, parent_comment_id,
    content, like_count, created_at, updated_at, deleted_yn
) VALUES (
             64, 4, 4, NULL,
             '테스트 댓글 064번 내용입니다.', 0, SYSDATE, NULL, 'N'
         );

INSERT INTO board_comment (
    comment_id, post_id, member_id, parent_comment_id,
    content, like_count, created_at, updated_at, deleted_yn
) VALUES (
             65, 5, 5, NULL,
             '테스트 댓글 065번 내용입니다.', 0, SYSDATE, NULL, 'N'
         );

INSERT INTO board_comment (
    comment_id, post_id, member_id, parent_comment_id,
    content, like_count, created_at, updated_at, deleted_yn
) VALUES (
             66, 6, 6, NULL,
             '테스트 댓글 066번 내용입니다.', 0, SYSDATE, NULL, 'N'
         );

INSERT INTO board_comment (
    comment_id, post_id, member_id, parent_comment_id,
    content, like_count, created_at, updated_at, deleted_yn
) VALUES (
             67, 7, 7, NULL,
             '테스트 댓글 067번 내용입니다.', 0, SYSDATE, NULL, 'N'
         );

INSERT INTO board_comment (
    comment_id, post_id, member_id, parent_comment_id,
    content, like_count, created_at, updated_at, deleted_yn
) VALUES (
             68, 8, 8, NULL,
             '테스트 댓글 068번 내용입니다.', 0, SYSDATE, NULL, 'N'
         );

INSERT INTO board_comment (
    comment_id, post_id, member_id, parent_comment_id,
    content, like_count, created_at, updated_at, deleted_yn
) VALUES (
             69, 9, 9, NULL,
             '테스트 댓글 069번 내용입니다.', 0, SYSDATE, NULL, 'N'
         );

INSERT INTO board_comment (
    comment_id, post_id, member_id, parent_comment_id,
    content, like_count, created_at, updated_at, deleted_yn
) VALUES (
             70, 10, 10, NULL,
             '테스트 댓글 070번 내용입니다.', 0, SYSDATE, NULL, 'N'
         );

-- 71 ~ 80
INSERT INTO board_comment (
    comment_id, post_id, member_id, parent_comment_id,
    content, like_count, created_at, updated_at, deleted_yn
) VALUES (
             71, 1, 11, NULL,
             '테스트 댓글 071번 내용입니다.', 0, SYSDATE, NULL, 'N'
         );

INSERT INTO board_comment (
    comment_id, post_id, member_id, parent_comment_id,
    content, like_count, created_at, updated_at, deleted_yn
) VALUES (
             72, 2, 12, NULL,
             '테스트 댓글 072번 내용입니다.', 0, SYSDATE, NULL, 'N'
         );

INSERT INTO board_comment (
    comment_id, post_id, member_id, parent_comment_id,
    content, like_count, created_at, updated_at, deleted_yn
) VALUES (
             73, 3, 13, NULL,
             '테스트 댓글 073번 내용입니다.', 0, SYSDATE, NULL, 'N'
         );

INSERT INTO board_comment (
    comment_id, post_id, member_id, parent_comment_id,
    content, like_count, created_at, updated_at, deleted_yn
) VALUES (
             74, 4, 14, NULL,
             '테스트 댓글 074번 내용입니다.', 0, SYSDATE, NULL, 'N'
         );

INSERT INTO board_comment (
    comment_id, post_id, member_id, parent_comment_id,
    content, like_count, created_at, updated_at, deleted_yn
) VALUES (
             75, 5, 15, NULL,
             '테스트 댓글 075번 내용입니다.', 0, SYSDATE, NULL, 'N'
         );

INSERT INTO board_comment (
    comment_id, post_id, member_id, parent_comment_id,
    content, like_count, created_at, updated_at, deleted_yn
) VALUES (
             76, 6, 16, NULL,
             '테스트 댓글 076번 내용입니다.', 0, SYSDATE, NULL, 'N'
         );

INSERT INTO board_comment (
    comment_id, post_id, member_id, parent_comment_id,
    content, like_count, created_at, updated_at, deleted_yn
) VALUES (
             77, 7, 17, NULL,
             '테스트 댓글 077번 내용입니다.', 0, SYSDATE, NULL, 'N'
         );

INSERT INTO board_comment (
    comment_id, post_id, member_id, parent_comment_id,
    content, like_count, created_at, updated_at, deleted_yn
) VALUES (
             78, 8, 18, NULL,
             '테스트 댓글 078번 내용입니다.', 0, SYSDATE, NULL, 'N'
         );

INSERT INTO board_comment (
    comment_id, post_id, member_id, parent_comment_id,
    content, like_count, created_at, updated_at, deleted_yn
) VALUES (
             79, 9, 19, NULL,
             '테스트 댓글 079번 내용입니다.', 0, SYSDATE, NULL, 'N'
         );

INSERT INTO board_comment (
    comment_id, post_id, member_id, parent_comment_id,
    content, like_count, created_at, updated_at, deleted_yn
) VALUES (
             80, 10, 20, NULL,
             '테스트 댓글 080번 내용입니다.', 0, SYSDATE, NULL, 'N'
         );

-- 81 ~ 90
INSERT INTO board_comment (
    comment_id, post_id, member_id, parent_comment_id,
    content, like_count, created_at, updated_at, deleted_yn
) VALUES (
             81, 1, 1, NULL,
             '테스트 댓글 081번 내용입니다.', 0, SYSDATE, NULL, 'N'
         );

INSERT INTO board_comment (
    comment_id, post_id, member_id, parent_comment_id,
    content, like_count, created_at, updated_at, deleted_yn
) VALUES (
             82, 2, 2, NULL,
             '테스트 댓글 082번 내용입니다.', 0, SYSDATE, NULL, 'N'
         );

INSERT INTO board_comment (
    comment_id, post_id, member_id, parent_comment_id,
    content, like_count, created_at, updated_at, deleted_yn
) VALUES (
             83, 3, 3, NULL,
             '테스트 댓글 083번 내용입니다.', 0, SYSDATE, NULL, 'N'
         );

INSERT INTO board_comment (
    comment_id, post_id, member_id, parent_comment_id,
    content, like_count, created_at, updated_at, deleted_yn
) VALUES (
             84, 4, 4, NULL,
             '테스트 댓글 084번 내용입니다.', 0, SYSDATE, NULL, 'N'
         );

INSERT INTO board_comment (
    comment_id, post_id, member_id, parent_comment_id,
    content, like_count, created_at, updated_at, deleted_yn
) VALUES (
             85, 5, 5, NULL,
             '테스트 댓글 085번 내용입니다.', 0, SYSDATE, NULL, 'N'
         );

INSERT INTO board_comment (
    comment_id, post_id, member_id, parent_comment_id,
    content, like_count, created_at, updated_at, deleted_yn
) VALUES (
             86, 6, 6, NULL,
             '테스트 댓글 086번 내용입니다.', 0, SYSDATE, NULL, 'N'
         );

INSERT INTO board_comment (
    comment_id, post_id, member_id, parent_comment_id,
    content, like_count, created_at, updated_at, deleted_yn
) VALUES (
             87, 7, 7, NULL,
             '테스트 댓글 087번 내용입니다.', 0, SYSDATE, NULL, 'N'
         );

INSERT INTO board_comment (
    comment_id, post_id, member_id, parent_comment_id,
    content, like_count, created_at, updated_at, deleted_yn
) VALUES (
             88, 8, 8, NULL,
             '테스트 댓글 088번 내용입니다.', 0, SYSDATE, NULL, 'N'
         );

INSERT INTO board_comment (
    comment_id, post_id, member_id, parent_comment_id,
    content, like_count, created_at, updated_at, deleted_yn
) VALUES (
             89, 9, 9, NULL,
             '테스트 댓글 089번 내용입니다.', 0, SYSDATE, NULL, 'N'
         );

INSERT INTO board_comment (
    comment_id, post_id, member_id, parent_comment_id,
    content, like_count, created_at, updated_at, deleted_yn
) VALUES (
             90, 10, 10, NULL,
             '테스트 댓글 090번 내용입니다.', 0, SYSDATE, NULL, 'N'
         );

-- 91 ~ 100
INSERT INTO board_comment (
    comment_id, post_id, member_id, parent_comment_id,
    content, like_count, created_at, updated_at, deleted_yn
) VALUES (
             91, 1, 11, NULL,
             '테스트 댓글 091번 내용입니다.', 0, SYSDATE, NULL, 'N'
         );

INSERT INTO board_comment (
    comment_id, post_id, member_id, parent_comment_id,
    content, like_count, created_at, updated_at, deleted_yn
) VALUES (
             92, 2, 12, NULL,
             '테스트 댓글 092번 내용입니다.', 0, SYSDATE, NULL, 'N'
         );

INSERT INTO board_comment (
    comment_id, post_id, member_id, parent_comment_id,
    content, like_count, created_at, updated_at, deleted_yn
) VALUES (
             93, 3, 13, NULL,
             '테스트 댓글 093번 내용입니다.', 0, SYSDATE, NULL, 'N'
         );

INSERT INTO board_comment (
    comment_id, post_id, member_id, parent_comment_id,
    content, like_count, created_at, updated_at, deleted_yn
) VALUES (
             94, 4, 14, NULL,
             '테스트 댓글 094번 내용입니다.', 0, SYSDATE, NULL, 'N'
         );

INSERT INTO board_comment (
    comment_id, post_id, member_id, parent_comment_id,
    content, like_count, created_at, updated_at, deleted_yn
) VALUES (
             95, 5, 15, NULL,
             '테스트 댓글 095번 내용입니다.', 0, SYSDATE, NULL, 'N'
         );

INSERT INTO board_comment (
    comment_id, post_id, member_id, parent_comment_id,
    content, like_count, created_at, updated_at, deleted_yn
) VALUES (
             96, 6, 16, NULL,
             '테스트 댓글 096번 내용입니다.', 0, SYSDATE, NULL, 'N'
         );

INSERT INTO board_comment (
    comment_id, post_id, member_id, parent_comment_id,
    content, like_count, created_at, updated_at, deleted_yn
) VALUES (
             97, 7, 17, NULL,
             '테스트 댓글 097번 내용입니다.', 0, SYSDATE, NULL, 'N'
         );

INSERT INTO board_comment (
    comment_id, post_id, member_id, parent_comment_id,
    content, like_count, created_at, updated_at, deleted_yn
) VALUES (
             98, 8, 18, NULL,
             '테스트 댓글 098번 내용입니다.', 0, SYSDATE, NULL, 'N'
         );

INSERT INTO board_comment (
    comment_id, post_id, member_id, parent_comment_id,
    content, like_count, created_at, updated_at, deleted_yn
) VALUES (
             99, 9, 19, NULL,
             '테스트 댓글 099번 내용입니다.', 0, SYSDATE, NULL, 'N'
         );

INSERT INTO board_comment (
    comment_id, post_id, member_id, parent_comment_id,
    content, like_count, created_at, updated_at, deleted_yn
) VALUES (
             100, 10, 20, NULL,
             '테스트 댓글 100번 내용입니다.', 0, SYSDATE, NULL, 'N'
         );
commit ;

INSERT INTO board_like (member_id, post_id, created_at)
VALUES (1, 1, SYSDATE);

INSERT INTO board_like (member_id, post_id, created_at)
VALUES (1, 2, SYSDATE);

INSERT INTO board_like (member_id, post_id, created_at)
VALUES (1, 3, SYSDATE);

INSERT INTO board_like (member_id, post_id, created_at)
VALUES (1, 4, SYSDATE);

INSERT INTO board_like (member_id, post_id, created_at)
VALUES (1, 5, SYSDATE);

INSERT INTO board_like (member_id, post_id, created_at)
VALUES (1, 6, SYSDATE);

INSERT INTO board_like (member_id, post_id, created_at)
VALUES (1, 7, SYSDATE);

INSERT INTO board_like (member_id, post_id, created_at)
VALUES (1, 8, SYSDATE);

INSERT INTO board_like (member_id, post_id, created_at)
VALUES (1, 9, SYSDATE);

INSERT INTO board_like (member_id, post_id, created_at)
VALUES (1, 10, SYSDATE);

-- member 2
INSERT INTO board_like (member_id, post_id, created_at)
VALUES (2, 1, SYSDATE);

INSERT INTO board_like (member_id, post_id, created_at)
VALUES (2, 2, SYSDATE);

INSERT INTO board_like (member_id, post_id, created_at)
VALUES (2, 3, SYSDATE);

INSERT INTO board_like (member_id, post_id, created_at)
VALUES (2, 4, SYSDATE);

INSERT INTO board_like (member_id, post_id, created_at)
VALUES (2, 5, SYSDATE);

INSERT INTO board_like (member_id, post_id, created_at)
VALUES (2, 6, SYSDATE);

INSERT INTO board_like (member_id, post_id, created_at)
VALUES (2, 7, SYSDATE);

INSERT INTO board_like (member_id, post_id, created_at)
VALUES (2, 8, SYSDATE);

INSERT INTO board_like (member_id, post_id, created_at)
VALUES (2, 9, SYSDATE);

INSERT INTO board_like (member_id, post_id, created_at)
VALUES (2, 10, SYSDATE);

-- member 3
INSERT INTO board_like (member_id, post_id, created_at)
VALUES (3, 1, SYSDATE);

INSERT INTO board_like (member_id, post_id, created_at)
VALUES (3, 2, SYSDATE);

INSERT INTO board_like (member_id, post_id, created_at)
VALUES (3, 3, SYSDATE);

INSERT INTO board_like (member_id, post_id, created_at)
VALUES (3, 4, SYSDATE);

INSERT INTO board_like (member_id, post_id, created_at)
VALUES (3, 5, SYSDATE);

INSERT INTO board_like (member_id, post_id, created_at)
VALUES (3, 6, SYSDATE);

INSERT INTO board_like (member_id, post_id, created_at)
VALUES (3, 7, SYSDATE);

INSERT INTO board_like (member_id, post_id, created_at)
VALUES (3, 8, SYSDATE);

INSERT INTO board_like (member_id, post_id, created_at)
VALUES (3, 9, SYSDATE);

INSERT INTO board_like (member_id, post_id, created_at)
VALUES (3, 10, SYSDATE);

-- member 4
INSERT INTO board_like (member_id, post_id, created_at)
VALUES (4, 1, SYSDATE);

INSERT INTO board_like (member_id, post_id, created_at)
VALUES (4, 2, SYSDATE);

INSERT INTO board_like (member_id, post_id, created_at)
VALUES (4, 3, SYSDATE);

INSERT INTO board_like (member_id, post_id, created_at)
VALUES (4, 4, SYSDATE);

INSERT INTO board_like (member_id, post_id, created_at)
VALUES (4, 5, SYSDATE);

INSERT INTO board_like (member_id, post_id, created_at)
VALUES (4, 6, SYSDATE);

INSERT INTO board_like (member_id, post_id, created_at)
VALUES (4, 7, SYSDATE);

INSERT INTO board_like (member_id, post_id, created_at)
VALUES (4, 8, SYSDATE);

INSERT INTO board_like (member_id, post_id, created_at)
VALUES (4, 9, SYSDATE);

INSERT INTO board_like (member_id, post_id, created_at)
VALUES (4, 10, SYSDATE);

-- member 5
INSERT INTO board_like (member_id, post_id, created_at)
VALUES (5, 1, SYSDATE);

INSERT INTO board_like (member_id, post_id, created_at)
VALUES (5, 2, SYSDATE);

INSERT INTO board_like (member_id, post_id, created_at)
VALUES (5, 3, SYSDATE);

INSERT INTO board_like (member_id, post_id, created_at)
VALUES (5, 4, SYSDATE);

INSERT INTO board_like (member_id, post_id, created_at)
VALUES (5, 5, SYSDATE);

INSERT INTO board_like (member_id, post_id, created_at)
VALUES (5, 6, SYSDATE);

INSERT INTO board_like (member_id, post_id, created_at)
VALUES (5, 7, SYSDATE);

INSERT INTO board_like (member_id, post_id, created_at)
VALUES (5, 8, SYSDATE);

INSERT INTO board_like (member_id, post_id, created_at)
VALUES (5, 9, SYSDATE);

INSERT INTO board_like (member_id, post_id, created_at)
VALUES (5, 10, SYSDATE);

-- member 6
INSERT INTO board_like (member_id, post_id, created_at)
VALUES (6, 1, SYSDATE);

INSERT INTO board_like (member_id, post_id, created_at)
VALUES (6, 2, SYSDATE);

INSERT INTO board_like (member_id, post_id, created_at)
VALUES (6, 3, SYSDATE);

INSERT INTO board_like (member_id, post_id, created_at)
VALUES (6, 4, SYSDATE);

INSERT INTO board_like (member_id, post_id, created_at)
VALUES (6, 5, SYSDATE);

INSERT INTO board_like (member_id, post_id, created_at)
VALUES (6, 6, SYSDATE);

INSERT INTO board_like (member_id, post_id, created_at)
VALUES (6, 7, SYSDATE);

INSERT INTO board_like (member_id, post_id, created_at)
VALUES (6, 8, SYSDATE);

INSERT INTO board_like (member_id, post_id, created_at)
VALUES (6, 9, SYSDATE);

INSERT INTO board_like (member_id, post_id, created_at)
VALUES (6, 10, SYSDATE);

-- member 7
INSERT INTO board_like (member_id, post_id, created_at)
VALUES (7, 1, SYSDATE);

INSERT INTO board_like (member_id, post_id, created_at)
VALUES (7, 2, SYSDATE);

INSERT INTO board_like (member_id, post_id, created_at)
VALUES (7, 3, SYSDATE);

INSERT INTO board_like (member_id, post_id, created_at)
VALUES (7, 4, SYSDATE);

INSERT INTO board_like (member_id, post_id, created_at)
VALUES (7, 5, SYSDATE);

INSERT INTO board_like (member_id, post_id, created_at)
VALUES (7, 6, SYSDATE);

INSERT INTO board_like (member_id, post_id, created_at)
VALUES (7, 7, SYSDATE);

INSERT INTO board_like (member_id, post_id, created_at)
VALUES (7, 8, SYSDATE);

INSERT INTO board_like (member_id, post_id, created_at)
VALUES (7, 9, SYSDATE);

INSERT INTO board_like (member_id, post_id, created_at)
VALUES (7, 10, SYSDATE);

-- member 8
INSERT INTO board_like (member_id, post_id, created_at)
VALUES (8, 1, SYSDATE);

INSERT INTO board_like (member_id, post_id, created_at)
VALUES (8, 2, SYSDATE);

INSERT INTO board_like (member_id, post_id, created_at)
VALUES (8, 3, SYSDATE);

INSERT INTO board_like (member_id, post_id, created_at)
VALUES (8, 4, SYSDATE);

INSERT INTO board_like (member_id, post_id, created_at)
VALUES (8, 5, SYSDATE);

INSERT INTO board_like (member_id, post_id, created_at)
VALUES (8, 6, SYSDATE);

INSERT INTO board_like (member_id, post_id, created_at)
VALUES (8, 7, SYSDATE);

INSERT INTO board_like (member_id, post_id, created_at)
VALUES (8, 8, SYSDATE);

INSERT INTO board_like (member_id, post_id, created_at)
VALUES (8, 9, SYSDATE);

INSERT INTO board_like (member_id, post_id, created_at)
VALUES (8, 10, SYSDATE);

-- member 9
INSERT INTO board_like (member_id, post_id, created_at)
VALUES (9, 1, SYSDATE);

INSERT INTO board_like (member_id, post_id, created_at)
VALUES (9, 2, SYSDATE);

INSERT INTO board_like (member_id, post_id, created_at)
VALUES (9, 3, SYSDATE);

INSERT INTO board_like (member_id, post_id, created_at)
VALUES (9, 4, SYSDATE);

INSERT INTO board_like (member_id, post_id, created_at)
VALUES (9, 5, SYSDATE);

INSERT INTO board_like (member_id, post_id, created_at)
VALUES (9, 6, SYSDATE);

INSERT INTO board_like (member_id, post_id, created_at)
VALUES (9, 7, SYSDATE);

INSERT INTO board_like (member_id, post_id, created_at)
VALUES (9, 8, SYSDATE);

INSERT INTO board_like (member_id, post_id, created_at)
VALUES (9, 9, SYSDATE);

INSERT INTO board_like (member_id, post_id, created_at)
VALUES (9, 10, SYSDATE);

-- member 10
INSERT INTO board_like (member_id, post_id, created_at)
VALUES (10, 1, SYSDATE);

INSERT INTO board_like (member_id, post_id, created_at)
VALUES (10, 2, SYSDATE);

INSERT INTO board_like (member_id, post_id, created_at)
VALUES (10, 3, SYSDATE);

INSERT INTO board_like (member_id, post_id, created_at)
VALUES (10, 4, SYSDATE);

INSERT INTO board_like (member_id, post_id, created_at)
VALUES (10, 5, SYSDATE);

INSERT INTO board_like (member_id, post_id, created_at)
VALUES (10, 6, SYSDATE);

INSERT INTO board_like (member_id, post_id, created_at)
VALUES (10, 7, SYSDATE);

INSERT INTO board_like (member_id, post_id, created_at)
VALUES (10, 8, SYSDATE);

INSERT INTO board_like (member_id, post_id, created_at)
VALUES (10, 9, SYSDATE);

INSERT INTO board_like (member_id, post_id, created_at)
VALUES (10, 10, SYSDATE);
commit;

INSERT INTO board_post_image (image_id, post_id, image_url, sort_order)
VALUES (1, 1, 'https://example.com/board/post_001_img01.jpg', 1);

INSERT INTO board_post_image (image_id, post_id, image_url, sort_order)
VALUES (2, 1, 'https://example.com/board/post_001_img02.jpg', 2);

INSERT INTO board_post_image (image_id, post_id, image_url, sort_order)
VALUES (3, 2, 'https://example.com/board/post_002_img01.jpg', 1);

INSERT INTO board_post_image (image_id, post_id, image_url, sort_order)
VALUES (4, 2, 'https://example.com/board/post_002_img02.jpg', 2);

INSERT INTO board_post_image (image_id, post_id, image_url, sort_order)
VALUES (5, 3, 'https://example.com/board/post_003_img01.jpg', 1);

INSERT INTO board_post_image (image_id, post_id, image_url, sort_order)
VALUES (6, 3, 'https://example.com/board/post_003_img02.jpg', 2);

INSERT INTO board_post_image (image_id, post_id, image_url, sort_order)
VALUES (7, 4, 'https://example.com/board/post_004_img01.jpg', 1);

INSERT INTO board_post_image (image_id, post_id, image_url, sort_order)
VALUES (8, 4, 'https://example.com/board/post_004_img02.jpg', 2);

INSERT INTO board_post_image (image_id, post_id, image_url, sort_order)
VALUES (9, 5, 'https://example.com/board/post_005_img01.jpg', 1);

INSERT INTO board_post_image (image_id, post_id, image_url, sort_order)
VALUES (10, 5, 'https://example.com/board/post_005_img02.jpg', 2);

INSERT INTO board_post_image (image_id, post_id, image_url, sort_order)
VALUES (11, 6, 'https://example.com/board/post_006_img01.jpg', 1);

INSERT INTO board_post_image (image_id, post_id, image_url, sort_order)
VALUES (12, 6, 'https://example.com/board/post_006_img02.jpg', 2);

INSERT INTO board_post_image (image_id, post_id, image_url, sort_order)
VALUES (13, 7, 'https://example.com/board/post_007_img01.jpg', 1);

INSERT INTO board_post_image (image_id, post_id, image_url, sort_order)
VALUES (14, 7, 'https://example.com/board/post_007_img02.jpg', 2);

INSERT INTO board_post_image (image_id, post_id, image_url, sort_order)
VALUES (15, 8, 'https://example.com/board/post_008_img01.jpg', 1);

INSERT INTO board_post_image (image_id, post_id, image_url, sort_order)
VALUES (16, 8, 'https://example.com/board/post_008_img02.jpg', 2);

INSERT INTO board_post_image (image_id, post_id, image_url, sort_order)
VALUES (17, 9, 'https://example.com/board/post_009_img01.jpg', 1);

INSERT INTO board_post_image (image_id, post_id, image_url, sort_order)
VALUES (18, 9, 'https://example.com/board/post_009_img02.jpg', 2);

INSERT INTO board_post_image (image_id, post_id, image_url, sort_order)
VALUES (19, 10, 'https://example.com/board/post_010_img01.jpg', 1);

INSERT INTO board_post_image (image_id, post_id, image_url, sort_order)
VALUES (20, 10, 'https://example.com/board/post_010_img02.jpg', 2);

INSERT INTO board_post_image (image_id, post_id, image_url, sort_order)
VALUES (21, 11, 'https://example.com/board/post_011_img01.jpg', 1);

INSERT INTO board_post_image (image_id, post_id, image_url, sort_order)
VALUES (22, 11, 'https://example.com/board/post_011_img02.jpg', 2);

INSERT INTO board_post_image (image_id, post_id, image_url, sort_order)
VALUES (23, 12, 'https://example.com/board/post_012_img01.jpg', 1);

INSERT INTO board_post_image (image_id, post_id, image_url, sort_order)
VALUES (24, 12, 'https://example.com/board/post_012_img02.jpg', 2);

INSERT INTO board_post_image (image_id, post_id, image_url, sort_order)
VALUES (25, 13, 'https://example.com/board/post_013_img01.jpg', 1);

INSERT INTO board_post_image (image_id, post_id, image_url, sort_order)
VALUES (26, 13, 'https://example.com/board/post_013_img02.jpg', 2);

INSERT INTO board_post_image (image_id, post_id, image_url, sort_order)
VALUES (27, 14, 'https://example.com/board/post_014_img01.jpg', 1);

INSERT INTO board_post_image (image_id, post_id, image_url, sort_order)
VALUES (28, 14, 'https://example.com/board/post_014_img02.jpg', 2);

INSERT INTO board_post_image (image_id, post_id, image_url, sort_order)
VALUES (29, 15, 'https://example.com/board/post_015_img01.jpg', 1);

INSERT INTO board_post_image (image_id, post_id, image_url, sort_order)
VALUES (30, 15, 'https://example.com/board/post_015_img02.jpg', 2);

INSERT INTO board_post_image (image_id, post_id, image_url, sort_order)
VALUES (31, 16, 'https://example.com/board/post_016_img01.jpg', 1);

INSERT INTO board_post_image (image_id, post_id, image_url, sort_order)
VALUES (32, 16, 'https://example.com/board/post_016_img02.jpg', 2);

INSERT INTO board_post_image (image_id, post_id, image_url, sort_order)
VALUES (33, 17, 'https://example.com/board/post_017_img01.jpg', 1);

INSERT INTO board_post_image (image_id, post_id, image_url, sort_order)
VALUES (34, 17, 'https://example.com/board/post_017_img02.jpg', 2);

INSERT INTO board_post_image (image_id, post_id, image_url, sort_order)
VALUES (35, 18, 'https://example.com/board/post_018_img01.jpg', 1);

INSERT INTO board_post_image (image_id, post_id, image_url, sort_order)
VALUES (36, 18, 'https://example.com/board/post_018_img02.jpg', 2);

INSERT INTO board_post_image (image_id, post_id, image_url, sort_order)
VALUES (37, 19, 'https://example.com/board/post_019_img01.jpg', 1);

INSERT INTO board_post_image (image_id, post_id, image_url, sort_order)
VALUES (38, 19, 'https://example.com/board/post_019_img02.jpg', 2);

INSERT INTO board_post_image (image_id, post_id, image_url, sort_order)
VALUES (39, 20, 'https://example.com/board/post_020_img01.jpg', 1);

INSERT INTO board_post_image (image_id, post_id, image_url, sort_order)
VALUES (40, 20, 'https://example.com/board/post_020_img02.jpg', 2);

INSERT INTO board_post_image (image_id, post_id, image_url, sort_order)
VALUES (41, 21, 'https://example.com/board/post_021_img01.jpg', 1);

INSERT INTO board_post_image (image_id, post_id, image_url, sort_order)
VALUES (42, 21, 'https://example.com/board/post_021_img02.jpg', 2);

INSERT INTO board_post_image (image_id, post_id, image_url, sort_order)
VALUES (43, 22, 'https://example.com/board/post_022_img01.jpg', 1);

INSERT INTO board_post_image (image_id, post_id, image_url, sort_order)
VALUES (44, 22, 'https://example.com/board/post_022_img02.jpg', 2);

INSERT INTO board_post_image (image_id, post_id, image_url, sort_order)
VALUES (45, 23, 'https://example.com/board/post_023_img01.jpg', 1);

INSERT INTO board_post_image (image_id, post_id, image_url, sort_order)
VALUES (46, 23, 'https://example.com/board/post_023_img02.jpg', 2);

INSERT INTO board_post_image (image_id, post_id, image_url, sort_order)
VALUES (47, 24, 'https://example.com/board/post_024_img01.jpg', 1);

INSERT INTO board_post_image (image_id, post_id, image_url, sort_order)
VALUES (48, 24, 'https://example.com/board/post_024_img02.jpg', 2);

INSERT INTO board_post_image (image_id, post_id, image_url, sort_order)
VALUES (49, 25, 'https://example.com/board/post_025_img01.jpg', 1);

INSERT INTO board_post_image (image_id, post_id, image_url, sort_order)
VALUES (50, 25, 'https://example.com/board/post_025_img02.jpg', 2);
commit;

INSERT INTO board_post_tag (post_id, tag_id)
VALUES (1, 1);

INSERT INTO board_post_tag (post_id, tag_id)
VALUES (1, 2);

INSERT INTO board_post_tag (post_id, tag_id)
VALUES (2, 1);

INSERT INTO board_post_tag (post_id, tag_id)
VALUES (2, 3);

INSERT INTO board_post_tag (post_id, tag_id)
VALUES (3, 2);

INSERT INTO board_post_tag (post_id, tag_id)
VALUES (3, 4);

INSERT INTO board_post_tag (post_id, tag_id)
VALUES (4, 1);

INSERT INTO board_post_tag (post_id, tag_id)
VALUES (4, 5);

INSERT INTO board_post_tag (post_id, tag_id)
VALUES (5, 3);

INSERT INTO board_post_tag (post_id, tag_id)
VALUES (5, 4);

INSERT INTO board_post_tag (post_id, tag_id)
VALUES (6, 2);

INSERT INTO board_post_tag (post_id, tag_id)
VALUES (6, 5);

INSERT INTO board_post_tag (post_id, tag_id)
VALUES (7, 1);

INSERT INTO board_post_tag (post_id, tag_id)
VALUES (7, 4);

INSERT INTO board_post_tag (post_id, tag_id)
VALUES (8, 2);

INSERT INTO board_post_tag (post_id, tag_id)
VALUES (8, 3);

INSERT INTO board_post_tag (post_id, tag_id)
VALUES (9, 1);

INSERT INTO board_post_tag (post_id, tag_id)
VALUES (9, 5);

INSERT INTO board_post_tag (post_id, tag_id)
VALUES (10, 2);

INSERT INTO board_post_tag (post_id, tag_id)
VALUES (10, 4);
commit;
INSERT INTO board_tag (tag_id, tag_name)
VALUES (1, '포카');

INSERT INTO board_tag (tag_id, tag_name)
VALUES (2, '피규어');

INSERT INTO board_tag (tag_id, tag_name)
VALUES (3, '키링');

INSERT INTO board_tag (tag_id, tag_name)
VALUES (4, '스티커');

INSERT INTO board_tag (tag_id, tag_name)
VALUES (5, '아크릴스탠드');

INSERT INTO board_tag (tag_id, tag_name)
VALUES (6, '브로마이드');

INSERT INTO board_tag (tag_id, tag_name)
VALUES (7, '팬사인회');

INSERT INTO board_tag (tag_id, tag_name)
VALUES (8, '한정판');

INSERT INTO board_tag (tag_id, tag_name)
VALUES (9, '팝업스토어');

INSERT INTO board_tag (tag_id, tag_name)
VALUES (10, '굿즈교환');

INSERT INTO board_tag (tag_id, tag_name)
VALUES (11, '랜덤박스');

INSERT INTO board_tag (tag_id, tag_name)
VALUES (12, '응원봉');

INSERT INTO board_tag (tag_id, tag_name)
VALUES (13, '포스터');

INSERT INTO board_tag (tag_id, tag_name)
VALUES (14, '코스프레');

INSERT INTO board_tag (tag_id, tag_name)
VALUES (15, '아이돌');

INSERT INTO board_tag (tag_id, tag_name)
VALUES (16, '애니메이션');

INSERT INTO board_tag (tag_id, tag_name)
VALUES (17, '게임굿즈');

INSERT INTO board_tag (tag_id, tag_name)
VALUES (18, '카페콜라보');

INSERT INTO board_tag (tag_id, tag_name)
VALUES (19, '레어템');

INSERT INTO board_tag (tag_id, tag_name)
VALUES (20, '중고거래');
commit;
INSERT INTO faq_category (faq_category_id, name)
VALUES (1, '매장 안내');

INSERT INTO faq_category (faq_category_id, name)
VALUES (2, '매장 위치/영업시간');

INSERT INTO faq_category (faq_category_id, name)
VALUES (3, '매장 재고/상품문의');

INSERT INTO faq_category (faq_category_id, name)
VALUES (4, '팝업스토어 일정');

INSERT INTO faq_category (faq_category_id, name)
VALUES (5, '예약/번호표 시스템');

INSERT INTO faq_category (faq_category_id, name)
VALUES (6, '온라인 주문');

INSERT INTO faq_category (faq_category_id, name)
VALUES (7, '결제 수단');

INSERT INTO faq_category (faq_category_id, name)
VALUES (8, '환불/취소');

INSERT INTO faq_category (faq_category_id, name)
VALUES (9, '배송/픽업');

INSERT INTO faq_category (faq_category_id, name)
VALUES (10, '프로모션/이벤트');

INSERT INTO faq_category (faq_category_id, name)
VALUES (11, '포인트/적립');

INSERT INTO faq_category (faq_category_id, name)
VALUES (12, '쿠폰/할인');

INSERT INTO faq_category (faq_category_id, name)
VALUES (13, '계정 생성/가입');

INSERT INTO faq_category (faq_category_id, name)
VALUES (14, '로그인/비밀번호 찾기');

INSERT INTO faq_category (faq_category_id, name)
VALUES (15, '회원정보 수정/탈퇴');

INSERT INTO faq_category (faq_category_id, name)
VALUES (16, '알림/푸시 설정');

INSERT INTO faq_category (faq_category_id, name)
VALUES (17, '앱/웹 오류');

INSERT INTO faq_category (faq_category_id, name)
VALUES (18, '신고/차단/운영정책');

INSERT INTO faq_category (faq_category_id, name)
VALUES (19, '개인정보/보안');

INSERT INTO faq_category (faq_category_id, name)
VALUES (20, '기타 문의');
commit ;
INSERT INTO faq (faq_id, faq_category_id, question, answer, sort_order)
VALUES (
           1, 1,
           '오프라인 매장은 어떤 컨셉의 매장인가요?',
           '굿즈로드 오프라인 매장은 애니메이션, 아이돌, 게임 등 다양한 굿즈를 한 곳에서 만날 수 있는 셀렉트샵 형태의 매장입니다. 팝업스토어와 연계된 한정 상품도 입고됩니다.',
           1
       );

INSERT INTO faq (faq_id, faq_category_id, question, answer, sort_order)
VALUES (
           2, 1,
           '매장에 방문하려면 별도의 회원 가입이 필요한가요?',
           '매장 방문 자체에는 회원 가입이 필요하지 않습니다. 다만 북마크, 리뷰 작성, 이벤트 참여 등 앱 내 기능을 이용하려면 회원 가입이 필요합니다.',
           2
       );

INSERT INTO faq (faq_id, faq_category_id, question, answer, sort_order)
VALUES (
           3, 1,
           '오프라인 매장과 온라인 상품 구성이 동일한가요?',
           '매장별 재고 상황과 팝업스토어 연계 여부에 따라 상품 구성이 다를 수 있습니다. 인기 상품이나 한정 굿즈는 매장 전용 또는 온라인 전용으로 운영되기도 합니다.',
           3
       );

INSERT INTO faq (faq_id, faq_category_id, question, answer, sort_order)
VALUES (
           4, 1,
           '매장에서 직접 수령하는 ''픽업'' 서비스가 있나요?',
           '일부 매장에서는 온라인 결제 후 매장 방문 시 수령하는 픽업 서비스를 제공하고 있습니다. 주문 화면에서 픽업 가능한 매장과 시간을 선택할 수 있습니다.',
           4
       );

INSERT INTO faq (faq_id, faq_category_id, question, answer, sort_order)
VALUES (
           5, 1,
           '매장에서 포장 서비스도 제공하나요?',
           '기본 포장은 무료로 제공되며, 시즌 한정 선물 포장 패키지는 별도 비용이 발생할 수 있습니다. 상세 내용은 매장 내 안내문을 참고해 주세요.',
           5
       );

-- 매장 위치/영업시간
INSERT INTO faq (faq_id, faq_category_id, question, answer, sort_order)
VALUES (
           6, 2,
           '매장 위치는 어디에서 확인할 수 있나요?',
           '앱 하단의 매장 메뉴 또는 웹사이트 상단의 매장 찾기 메뉴에서 지역별 매장 위치와 지도를 확인할 수 있습니다.',
           1
       );

INSERT INTO faq (faq_id, faq_category_id, question, answer, sort_order)
VALUES (
           7, 2,
           '매장 영업시간은 어떻게 되나요?',
           '일반적으로 매장은 오전 11시부터 오후 9시까지 운영됩니다. 다만 매장 및 팝업스토어별로 운영 시간이 다를 수 있으니, 상세 페이지에서 개별 영업시간을 확인해 주세요.',
           2
       );

INSERT INTO faq (faq_id, faq_category_id, question, answer, sort_order)
VALUES (
           8, 2,
           '명절이나 공휴일에도 매장이 운영되나요?',
           '대부분의 매장은 공휴일에도 정상 영업하지만, 설날과 추석 당일에는 일부 매장이 단축 운영 또는 휴무일 수 있습니다. 공지사항과 매장 상세 페이지에서 안내해 드립니다.',
           3
       );

INSERT INTO faq (faq_id, faq_category_id, question, answer, sort_order)
VALUES (
           9, 2,
           '주차가 가능한 매장이 있나요?',
           '일부 매장은 건물 내 유료 또는 무료 주차를 지원합니다. 매장 상세 정보의 주차 안내 항목을 통해 가능 여부와 조건을 확인할 수 있습니다.',
           4
       );

INSERT INTO faq (faq_id, faq_category_id, question, answer, sort_order)
VALUES (
           10, 2,
           '대중교통으로 방문하는 방법도 안내되나요?',
           '네, 주요 매장은 지하철역 기준 도보 경로와 버스 정류장을 함께 안내하고 있습니다. 매장 상세 페이지에서 오시는 길 정보를 확인해 주세요.',
           5
       );

-- 재고/상품 문의
INSERT INTO faq (faq_id, faq_category_id, question, answer, sort_order)
VALUES (
           11, 3,
           '특정 굿즈 재고를 미리 확인할 수 있나요?',
           '앱 내 매장 상세 페이지에서 대표 상품의 재고 상태를 확인할 수 있으며, 실시간 재고와 차이가 있을 수 있습니다. 정확한 재고는 매장 방문 후 직원에게 문의해 주세요.',
           1
       );

INSERT INTO faq (faq_id, faq_category_id, question, answer, sort_order)
VALUES (
           12, 3,
           '재고 예약 또는 홀딩이 가능한가요?',
           '현재는 공정한 구매 기회를 위해 재고 예약 및 홀딩 서비스를 제공하지 않습니다. 매장 방문 순서대로 구매가 가능합니다.',
           2
       );

INSERT INTO faq (faq_id, faq_category_id, question, answer, sort_order)
VALUES (
           13, 3,
           '품절된 상품은 재입고가 되나요?',
           '한정판 상품의 경우 재입고가 어려우며, 일반 상시 상품은 일정에 따라 재입고될 수 있습니다. 재입고 알림 설정이 가능한 상품은 알림 신청 후 푸시로 안내받을 수 있습니다.',
           3
       );

INSERT INTO faq (faq_id, faq_category_id, question, answer, sort_order)
VALUES (
           14, 3,
           '랜덤박스 구성은 어디에서 확인할 수 있나요?',
           '랜덤박스의 전체 라인업은 상품 상세 페이지 또는 매장 내 안내물을 통해 확인할 수 있습니다. 다만 개별 박스의 구성은 무작위로 제공됩니다.',
           4
       );

INSERT INTO faq (faq_id, faq_category_id, question, answer, sort_order)
VALUES (
           15, 3,
           '불량 상품을 받았을 때 어떻게 해야 하나요?',
           '매장 구매의 경우 영수증과 함께 7일 이내 매장에 방문해 주시면 교환 가능 여부를 안내해 드립니다. 온라인 구매는 고객센터 또는 1:1 문의를 통해 접수해 주세요.',
           5
       );

-- 팝업스토어 일정/예약
INSERT INTO faq (faq_id, faq_category_id, question, answer, sort_order)
VALUES (
           16, 4,
           '팝업스토어 일정은 어디에서 확인할 수 있나요?',
           '앱의 팝업 메뉴 또는 홈페이지 팝업스토어 탭에서 현재 진행 중인 팝업과 예정된 팝업 일정을 한눈에 확인할 수 있습니다.',
           1
       );

INSERT INTO faq (faq_id, faq_category_id, question, answer, sort_order)
VALUES (
           17, 4,
           '팝업스토어는 예약이 필요한가요?',
           '인기가 높은 팝업의 경우 안전한 관람을 위해 사전 예약 또는 번호표 시스템을 운영할 수 있습니다. 각 팝업 상세 페이지에서 예약 필요 여부를 확인해 주세요.',
           2
       );

INSERT INTO faq (faq_id, faq_category_id, question, answer, sort_order)
VALUES (
           18, 5,
           '번호표는 어디에서 발급받나요?',
           '번호표는 현장 키오스크 또는 앱 내 번호표 발급 기능을 통해 선착순으로 발급됩니다. 일부 팝업은 현장 발급만 지원할 수 있습니다.',
           1
       );

INSERT INTO faq (faq_id, faq_category_id, question, answer, sort_order)
VALUES (
           19, 5,
           '예약 시간에 늦으면 어떻게 되나요?',
           '입장 가능 시간 이후 일정 시간이 지나면 예약이 자동 취소되거나 대기 순번 맨 뒤로 이동할 수 있습니다. 정확한 규정은 팝업 및 매장 안내에 따라 다를 수 있습니다.',
           2
       );

INSERT INTO faq (faq_id, faq_category_id, question, answer, sort_order)
VALUES (
           20, 6,
           '온라인 주문 후 매장 픽업도 가능한가요?',
           '일부 매장과 팝업스토어는 온라인 주문 후 매장 픽업을 지원합니다. 주문 과정에서 수령 방법을 매장 픽업으로 선택할 수 있는지 확인해 주세요.',
           1
       );

-- 결제/환불/배송
INSERT INTO faq (faq_id, faq_category_id, question, answer, sort_order)
VALUES (
           21, 7,
           '어떤 결제 수단을 사용할 수 있나요?',
           '오프라인 매장에서는 신용카드, 체크카드, 모바일 페이, 일부 상품권 결제가 가능하며, 온라인에서는 카드, 간편결제, 계좌이체 등 다양한 수단을 지원합니다.',
           1
       );

INSERT INTO faq (faq_id, faq_category_id, question, answer, sort_order)
VALUES (
           22, 7,
           '현금 결제도 가능한가요?',
           '대부분 매장에서 현금 결제를 지원하지만, 일부 임시 팝업이나 키오스크 전용 매장은 카드 및 모바일 결제만 가능할 수 있습니다.',
           2
       );

INSERT INTO faq (faq_id, faq_category_id, question, answer, sort_order)
VALUES (
           23, 8,
           '단순 변심으로 환불이 가능한가요?',
           '미개봉 상품에 한해 구매일로부터 7일 이내 영수증 지참 시 매장 정책에 따라 교환 또는 환불이 가능할 수 있습니다. 랜덤박스 및 일부 한정 상품은 환불이 제한될 수 있습니다.',
           1
       );

INSERT INTO faq (faq_id, faq_category_id, question, answer, sort_order)
VALUES (
           24, 8,
           '온라인 주문을 취소하고 싶습니다. 어떻게 하나요?',
           '배송 준비 전 상태에서는 주문 상세 페이지에서 직접 취소가 가능합니다. 이미 배송 준비 중인 주문은 고객센터 또는 1:1 문의를 통해 취소 가능 여부를 확인해 주세요.',
           2
       );

INSERT INTO faq (faq_id, faq_category_id, question, answer, sort_order)
VALUES (
           25, 9,
           '배송 기간은 보통 얼마나 걸리나요?',
           '결제 완료 후 평균 2~5일 이내에 받아보실 수 있으며, 산간 지역이나 예약 상품의 경우 배송 기간이 더 소요될 수 있습니다.',
           1
       );

INSERT INTO faq (faq_id, faq_category_id, question, answer, sort_order)
VALUES (
           26, 9,
           '배송 조회는 어디에서 할 수 있나요?',
           '주문 상세 페이지에서 택배사와 송장번호를 확인할 수 있으며, 택배사 홈페이지 또는 앱에서도 배송 상태 조회가 가능합니다.',
           2
       );

-- 프로모션/포인트/쿠폰
INSERT INTO faq (faq_id, faq_category_id, question, answer, sort_order)
VALUES (
           27, 10,
           '이벤트 소식은 어디에서 확인할 수 있나요?',
           '앱 알림, 공지사항, 이벤트 메뉴를 통해 진행 중인 이벤트와 예정된 프로모션을 확인할 수 있습니다. 인스타그램 등 공식 SNS에서도 주요 이벤트를 안내합니다.',
           1
       );

INSERT INTO faq (faq_id, faq_category_id, question, answer, sort_order)
VALUES (
           28, 11,
           '포인트는 어떻게 적립되나요?',
           '온·오프라인에서 결제 시 회원 QR 또는 계정을 사용하면 결제 금액의 일정 비율이 포인트로 적립됩니다. 적립 비율은 이벤트 및 등급에 따라 달라질 수 있습니다.',
           1
       );

INSERT INTO faq (faq_id, faq_category_id, question, answer, sort_order)
VALUES (
           29, 11,
           '포인트 유효기간은 얼마나 되나요?',
           '일반적으로 적립일로부터 1년간 유효하며, 프로모션으로 지급된 특별 포인트는 별도의 유효기간이 적용될 수 있습니다.',
           2
       );

INSERT INTO faq (faq_id, faq_category_id, question, answer, sort_order)
VALUES (
           30, 12,
           '쿠폰은 어떻게 등록하고 사용하는지 궁금해요.',
           '앱의 마이페이지 내 쿠폰함에서 쿠폰 코드를 등록할 수 있으며, 주문 결제 단계에서 사용 가능한 쿠폰이 자동으로 표시됩니다.',
           1
       );

INSERT INTO faq (faq_id, faq_category_id, question, answer, sort_order)
VALUES (
           31, 12,
           '오프라인 매장에서도 쿠폰 사용이 가능한가요?',
           '일부 쿠폰은 오프라인 매장 사용을 지원하며, 사용 가능 매장은 쿠폰 상세 설명에 표시됩니다. 사용 전 직원에게 쿠폰 화면을 보여 주세요.',
           2
       );

-- 계정/로그인/회원정보
INSERT INTO faq (faq_id, faq_category_id, question, answer, sort_order)
VALUES (
           32, 13,
           '회원 가입은 어떻게 하나요?',
           '앱 또는 웹 상단의 회원 가입 버튼을 눌러 이메일 또는 소셜 계정으로 간편하게 가입할 수 있습니다. 필수 항목 입력 후 약관 동의가 필요합니다.',
           1
       );

INSERT INTO faq (faq_id, faq_category_id, question, answer, sort_order)
VALUES (
           33, 13,
           '미성년자도 회원 가입이 가능한가요?',
           '만 14세 이상이라면 본인 명의 이메일 또는 소셜 계정으로 가입할 수 있습니다. 단, 일부 이벤트 참여에는 별도의 연령 제한이 있을 수 있습니다.',
           2
       );

INSERT INTO faq (faq_id, faq_category_id, question, answer, sort_order)
VALUES (
           34, 14,
           '비밀번호를 잊어버렸어요. 어떻게 해야 하나요?',
           '로그인 화면에서 비밀번호 찾기 메뉴를 선택하고 가입 시 등록한 이메일로 인증 메일을 받아 새 비밀번호를 설정할 수 있습니다.',
           1
       );

INSERT INTO faq (faq_id, faq_category_id, question, answer, sort_order)
VALUES (
           35, 14,
           '소셜 로그인이 안 될 때는 어떻게 하나요?',
           '우선 소셜 플랫폼 앱에서 로그인이 정상적으로 되어 있는지 확인해 주세요. 여전히 문제가 지속되면 앱을 재실행하거나, 다른 로그인 방법을 시도한 뒤 고객센터에 문의해 주세요.',
           2
       );

INSERT INTO faq (faq_id, faq_category_id, question, answer, sort_order)
VALUES (
           36, 15,
           '닉네임을 변경할 수 있나요?',
           '마이페이지의 프로필 설정에서 닉네임을 변경할 수 있습니다. 단, 타인에게 불쾌감을 주는 표현이나 광고성 문구는 운영정책에 따라 제재될 수 있습니다.',
           1
       );

INSERT INTO faq (faq_id, faq_category_id, question, answer, sort_order)
VALUES (
           37, 15,
           '회원 탈퇴는 어디에서 할 수 있나요?',
           '마이페이지 내 설정 메뉴에서 회원 탈퇴를 진행할 수 있습니다. 탈퇴 시 보유 포인트와 쿠폰, 저장된 북마크 정보는 복구가 불가능하니 신중히 진행해 주세요.',
           2
       );

-- 알림/오류/신고/보안/기타
INSERT INTO faq (faq_id, faq_category_id, question, answer, sort_order)
VALUES (
           38, 16,
           '푸시 알림 설정을 끄고 싶은데 어디에서 변경하나요?',
           '앱 내 설정 메뉴의 알림 설정에서 카테고리별 푸시 알림을 켜거나 끌 수 있습니다. 휴대폰 시스템 설정에서 앱 알림 자체를 차단할 수도 있습니다.',
           1
       );

INSERT INTO faq (faq_id, faq_category_id, question, answer, sort_order)
VALUES (
           39, 17,
           '앱이 자꾸 강제 종료되거나 화면이 멈춰요.',
           '우선 최신 버전으로 업데이트한 뒤, 캐시 삭제 및 재실행을 시도해 주세요. 문제가 계속된다면 사용 중인 기기 정보와 함께 1:1 문의를 남겨 주시면 확인 후 안내드리겠습니다.',
           1
       );

INSERT INTO faq (faq_id, faq_category_id, question, answer, sort_order)
VALUES (
           40, 17,
           '웹에서 화면이 깨져 보이거나 버튼이 안 눌립니다.',
           '브라우저 캐시를 삭제한 후 다시 접속하거나 다른 브라우저로 접속해 보세요. 여전히 문제가 지속되면 화면 캡처와 함께 고객센터로 문의해 주세요.',
           2
       );

INSERT INTO faq (faq_id, faq_category_id, question, answer, sort_order)
VALUES (
           41, 18,
           '게시글이나 댓글을 신고하고 싶어요.',
           '각 게시글과 댓글 우측 상단의 더보기 메뉴에서 신고하기 버튼을 눌러 신고 사유를 선택하면 됩니다. 운영진 검토 후 정책에 따라 조치가 이뤄집니다.',
           1
       );

INSERT INTO faq (faq_id, faq_category_id, question, answer, sort_order)
VALUES (
           42, 18,
           '특정 사용자를 차단할 수 있나요?',
           '사용자 프로필 화면에서 차단하기 버튼을 통해 해당 사용자의 게시글과 댓글을 가려볼 수 있습니다. 차단 기능은 본인 계정에서만 적용됩니다.',
           2
       );

INSERT INTO faq (faq_id, faq_category_id, question, answer, sort_order)
VALUES (
           43, 19,
           '개인정보는 어떻게 보호되고 있나요?',
           '회원님의 개인정보는 관련 법령에 따라 암호화 및 접근 통제 등 보안 절차를 통해 보호되고 있습니다. 자세한 내용은 개인정보 처리방침에서 확인하실 수 있습니다.',
           1
       );

INSERT INTO faq (faq_id, faq_category_id, question, answer, sort_order)
VALUES (
           44, 19,
           '탈퇴 후에도 제 정보가 남아있나요?',
           '회원 탈퇴 시 대부분의 개인정보는 파기되며, 관계 법령에 따라 일정 기간 보관이 필요한 정보만 별도 분리 보관됩니다. 세부 내용은 개인정보 처리방침을 참고해 주세요.',
           2
       );

INSERT INTO faq (faq_id, faq_category_id, question, answer, sort_order)
VALUES (
           45, 19,
           '광고성 문자나 이메일 수신을 거부하고 싶어요.',
           '마이페이지의 알림 설정 또는 수신 거부 링크를 통해 광고성 정보 수신을 언제든지 철회할 수 있습니다. 단, 필수 안내성 알림은 해제가 어려울 수 있습니다.',
           3
       );

INSERT INTO faq (faq_id, faq_category_id, question, answer, sort_order)
VALUES (
           46, 20,
           '챗봇으로 해결되지 않는 문의는 어디로 보내야 하나요?',
           '챗봇 답변으로 해결이 어려운 경우 1:1 문의 또는 고객센터 이메일로 상세 내용을 보내 주시면 담당자가 순차적으로 확인 후 안내드립니다.',
           1
       );

INSERT INTO faq (faq_id, faq_category_id, question, answer, sort_order)
VALUES (
           47, 20,
           '제안하고 싶은 굿즈나 팝업 아이디어가 있어요.',
           '언제든지 제안 게시판 또는 1:1 문의를 통해 아이디어를 보내 주세요. 모든 제안에 개별 회신을 드리기는 어렵지만, 서비스 개선에 적극적으로 참고하고 있습니다.',
           2
       );

INSERT INTO faq (faq_id, faq_category_id, question, answer, sort_order)
VALUES (
           48, 20,
           '분실물 문의는 어디로 해야 하나요?',
           '매장 내에서 물건을 분실한 경우 방문한 매장으로 직접 전화하시거나, 챗봇에 매장명과 날짜를 남겨 주시면 확인 가능한 범위 내에서 도와드립니다.',
           3
       );

INSERT INTO faq (faq_id, faq_category_id, question, answer, sort_order)
VALUES (
           49, 20,
           '굿즈 협업 또는 제휴 문의는 어떻게 하나요?',
           '굿즈 제작사, 아티스트, 브랜드와의 제휴 문의는 공식 이메일 또는 제휴 문의 폼을 통해 접수해 주세요. 내부 검토 후 가능 여부를 개별 안내드립니다.',
           4
       );

INSERT INTO faq (faq_id, faq_category_id, question, answer, sort_order)
VALUES (
           50, 20,
           '운영 시간 외에도 챗봇 상담이 가능한가요?',
           '챗봇은 24시간 이용 가능하며, 실시간 상담이 필요한 문의는 운영 시간 내에 순차적으로 담당자가 확인 후 추가 답변을 드립니다.',
           5
       );
commit ;
INSERT INTO inquiry (
    inquiry_id, member_id, category, title, content,
    status, answer_content, created_at, answered_at
) VALUES (
             1, 1, 'ACCOUNT',
             '로그인이 되지 않습니다.',
             '어제까지는 잘 접속됐는데 오늘 갑자기 로그인 오류가 발생합니다. 비밀번호 재설정도 시도해봤습니다.',
             'DONE',
             '브라우저 캐시 삭제 후 다시 시도해 보시고, 동일 문제 발생 시 앱 업데이트 후 재로그인을 안내드렸습니다.',
             SYSDATE - 30, SYSDATE - 29
         );

INSERT INTO inquiry (
    inquiry_id, member_id, category, title, content,
    status, answer_content, created_at, answered_at
) VALUES (
             2, 2, 'EVENT',
             '이벤트 참여 내역이 조회되지 않습니다.',
             '주말에 진행된 팝업 방문 인증 이벤트에 참여했는데, 마이페이지에서 참여 내역이 보이지 않습니다.',
             'DONE',
             '이벤트 시스템 반영에 약간의 지연이 있었습니다. 현재는 정상적으로 참여 내역이 노출되도록 조치 완료했습니다.',
             SYSDATE - 29, SYSDATE - 28
         );

INSERT INTO inquiry (
    inquiry_id, member_id, category, title, content,
    status, answer_content, created_at, answered_at
) VALUES (
             3, 3, 'BUG',
             '굿즈 상세 페이지에서 이미지가 안 보입니다.',
             '특정 굿즈 상세 페이지에 들어가면 이미지가 깨져서 보이고 로딩 아이콘만 계속 돕니다.',
             'DONE',
             '이미지 CDN 관련 일시적인 장애가 있었으며 현재는 정상 복구된 상태입니다. 번거로움을 드려 죄송합니다.',
             SYSDATE - 28, SYSDATE - 27
         );

INSERT INTO inquiry VALUES (
                               4, 4, 'STORE',
                               '홍대 매장 재고 문의',
                               '홍대 매장에 특정 피규어(XXXX 한정판)가 남아 있는지 방문 전에 확인하고 싶습니다.',
                               'DONE',
                               '해당 피규어는 현재 홍대 매장에서 품절 상태이며, 재입고 일정은 미정입니다.',
                               SYSDATE - 27, SYSDATE - 26
                           );

INSERT INTO inquiry VALUES (
                               5, 5, 'DELIVERY',
                               '온라인 주문 배송 지연 문의',
                               '3일 전에 주문했는데 아직 송장 번호가 생성되지 않았습니다. 언제 배송이 시작되는지 알고 싶습니다.',
                               'DONE',
                               '예약 상품과 함께 주문되어 출고가 지연되었습니다. 오늘 중으로 일괄 출고 예정이며 송장 번호가 안내될 예정입니다.',
                               SYSDATE - 26, SYSDATE - 25
                           );

INSERT INTO inquiry VALUES (
                               6, 6, 'PAYMENT',
                               '결제는 되었는데 주문 내역이 없습니다.',
                               '카드 승인 문자는 왔는데 앱 내 주문 내역에는 아무것도 뜨지 않습니다.',
                               'DONE',
                               '일시적인 결제 연동 오류로 주문 생성이 지연되었습니다. 현재 주문 내역에 정상 반영 완료되었으며, 중복 결제는 없는 것으로 확인했습니다.',
                               SYSDATE - 25, SYSDATE - 24
                           );

INSERT INTO inquiry VALUES (
                               7, 7, 'ACCOUNT',
                               '소셜 로그인 연동 해제 문의',
                               '카카오 로그인을 해제하고 이메일 로그인으로 변경하고 싶습니다.',
                               'DONE',
                               '설정 > 계정 관리에서 소셜 계정 연동 해제가 가능하며, 이후 이메일과 비밀번호를 등록하여 로그인 방식을 변경하실 수 있습니다.',
                               SYSDATE - 24, SYSDATE - 23
                           );

INSERT INTO inquiry VALUES (
                               8, 8, 'BUG',
                               '앱이 자꾸 강제 종료됩니다.',
                               '아이폰에서 앱을 실행하면 메인 화면에서 3초 정도 후에 자동으로 꺼집니다.',
                               'DONE',
                               '일부 iOS 버전에서 발생하던 크래시 문제를 해결한 패치를 배포했습니다. 최신 버전으로 업데이트 후 다시 이용해 주세요.',
                               SYSDATE - 23, SYSDATE - 22
                           );

INSERT INTO inquiry VALUES (
                               9, 9, 'EVENT',
                               '한정 포카 이벤트 수량 문의',
                               '이벤트 공지에 나온 한정 포토카드 수량이 매장별로 동일한지 궁금합니다.',
                               'DONE',
                               '매장별 입점 규모에 따라 수량이 상이하며, 정확한 수량은 공개하지 않고 있습니다. 소진 시 각 매장에서 별도 안내 드립니다.',
                               SYSDATE - 22, SYSDATE - 21
                           );

INSERT INTO inquiry VALUES (
                               10, 10, 'STORE',
                               '팝업스토어 대기 줄 관련 문의',
                               '주말 오전에 방문하면 평균 대기 시간이 얼마나 되는지 알고 싶습니다.',
                               'DONE',
                               '팝업 오픈 초기 주말에는 1~2시간 이상 대기가 발생할 수 있습니다. 비교적 한산한 평일 오후 방문을 권장 드립니다.',
                               SYSDATE - 21, SYSDATE - 20
                           );

-- 11 ~ 20 : 일부 ANSWERING, DONE 혼합
INSERT INTO inquiry VALUES (
                               11, 11, 'DELIVERY',
                               '배송 주소를 잘못 입력했습니다.',
                               '주문 완료 후에야 주소를 잘못 입력한 것을 알았습니다. 변경이 가능한가요?',
                               'ANSWERING',
                               '택배사 집화 이전 단계로 확인되어 주소 변경 접수를 진행 중입니다. 처리 결과를 다시 안내드리겠습니다.',
                               SYSDATE - 20, SYSDATE - 19
                           );

INSERT INTO inquiry VALUES (
                               12, 12, 'PAYMENT',
                               '부분 취소가 가능한지 궁금합니다.',
                               '여러 개의 상품을 함께 결제했는데, 그중 하나만 취소하고 싶습니다.',
                               'DONE',
                               '일반 상품의 경우 부분 취소가 가능하나, 일부 세트/번들 상품은 부분 취소가 제한될 수 있습니다. 해당 주문은 부분 취소 가능하여 처리 완료했습니다.',
                               SYSDATE - 19, SYSDATE - 18
                           );

INSERT INTO inquiry VALUES (
                               13, 13, 'ACCOUNT',
                               '이메일 변경 문의',
                               '기존에 가입한 이메일 주소를 더 이상 사용하지 않아 새 이메일로 변경하고 싶습니다.',
                               'ANSWERING',
                               '본인 확인을 위한 추가 인증 절차 안내를 드렸으며, 확인 후 이메일 변경을 도와드릴 예정입니다.',
                               SYSDATE - 18, SYSDATE - 17
                           );

INSERT INTO inquiry VALUES (
                               14, 14, 'BUG',
                               '푸시 알림이 오지 않습니다.',
                               '알림 설정을 모두 켜 두었는데도 이벤트 알림이 전혀 오지 않습니다.',
                               'DONE',
                               '앱 내 알림과 OS 알림 권한이 모두 활성화되어 있는지 확인 부탁드렸으며, 서버 로그 상 일부 알림이 수신 거부 상태여서 초기화 후 정상화되었습니다.',
                               SYSDATE - 17, SYSDATE - 16
                           );

INSERT INTO inquiry VALUES (
                               15, 15, 'EVENT',
                               '이벤트 당첨자 발표 일정 문의',
                               '지난주에 끝난 이벤트 당첨자 발표는 언제인가요?',
                               'DONE',
                               '해당 이벤트의 당첨자 발표는 종료일 기준 7일 이내이며, 공지사항 및 개별 알림으로 안내드릴 예정입니다.',
                               SYSDATE - 16, SYSDATE - 15
                           );

INSERT INTO inquiry VALUES (
                               16, 16, 'STORE',
                               '지방 팝업 예정이 있는지 궁금합니다.',
                               '부산이나 대구 쪽 팝업스토어 일정이 계획되어 있는지 알고 싶습니다.',
                               'DONE',
                               '올해 하반기 중 부산, 대구 지역 순회 팝업을 준비 중이며, 확정 일정은 추후 공지사항을 통해 안내드릴 예정입니다.',
                               SYSDATE - 15, SYSDATE - 14
                           );

INSERT INTO inquiry VALUES (
                               17, 17, 'DELIVERY',
                               '택배 파손 보상 문의',
                               '박스가 찌그러진 상태로 도착했고 내부 상품 일부가 파손되었습니다.',
                               'DONE',
                               '파손된 상품 사진과 송장 라벨 사진을 전달해 주셔서 택배사와 함께 확인했으며, 재발송 처리 및 파손 보상 절차를 안내드렸습니다.',
                               SYSDATE - 14, SYSDATE - 13
                           );

INSERT INTO inquiry VALUES (
                               18, 18, 'ETC',
                               '굿즈 제작 콜라보 제안',
                               '자체 캐릭터를 활용한 굿즈 콜라보를 제안드리고 싶습니다.',
                               'ANSWERING',
                               '담당 부서에 제안 내용을 전달한 상태이며, 검토 후 가능 여부를 별도로 안내드릴 예정입니다.',
                               SYSDATE - 13, SYSDATE - 12
                           );

INSERT INTO inquiry VALUES (
                               19, 19, 'SYSTEM',
                               '웹에서 결제 버튼이 작동하지 않습니다.',
                               'PC 웹 브라우저에서 결제하기 버튼을 눌러도 다음 화면으로 넘어가지 않습니다.',
                               'DONE',
                               '특정 브라우저 버전에서 결제 모듈이 정상 로딩되지 않던 문제를 수정했습니다. 현재는 정상 이용 가능합니다.',
                               SYSDATE - 12, SYSDATE - 11
                           );

INSERT INTO inquiry VALUES (
                               20, 20, 'ACCOUNT',
                               '회원 탈퇴 후 재가입 문의',
                               '탈퇴 후 동일 이메일로 재가입이 가능한지 알고 싶습니다.',
                               'DONE',
                               '일정 기간 이후 동일 이메일로 재가입이 가능하며, 이전에 보유하셨던 포인트 및 쿠폰은 복구되지 않습니다.',
                               SYSDATE - 11, SYSDATE - 10
                           );

-- 21 ~ 30 : 일부 비회원(NULL member_id) + WAIT 상태
INSERT INTO inquiry VALUES (
                               21, NULL, 'STORE',
                               '비회원도 매장 이용이 가능한가요?',
                               '앱 가입을 하지 않아도 매장에서 구매가 가능한지 궁금합니다.',
                               'WAIT',
                               NULL,
                               SYSDATE - 10, NULL
                           );

INSERT INTO inquiry VALUES (
                               22, NULL, 'EVENT',
                               '현장 이벤트 참여 조건 문의',
                               '팔로우 인증 이벤트에 SNS 계정이 없으면 참여가 불가능한가요?',
                               'WAIT',
                               NULL,
                               SYSDATE - 9, NULL
                           );

INSERT INTO inquiry VALUES (
                               23, 3, 'DELIVERY',
                               '해외 배송도 지원하나요?',
                               '해외 거주 중인데 굿즈를 받아보고 싶습니다. 해외 배송이 가능한지 궁금합니다.',
                               'WAIT',
                               NULL,
                               SYSDATE - 8, NULL
                           );

INSERT INTO inquiry VALUES (
                               24, 4, 'PAYMENT',
                               '법인카드 결제 가능 여부',
                               '회사 법인카드로 결제가 가능한지 문의드립니다.',
                               'WAIT',
                               NULL,
                               SYSDATE - 8, NULL
                           );

INSERT INTO inquiry VALUES (
                               25, 5, 'EVENT',
                               '중복 당첨 제한이 있는지 궁금합니다.',
                               '여러 이벤트에 동시에 참여했을 때 한 명이 여러 번 당첨될 수 있는지 궁금합니다.',
                               'WAIT',
                               NULL,
                               SYSDATE - 7, NULL
                           );

INSERT INTO inquiry VALUES (
                               26, 6, 'SYSTEM',
                               '비밀번호 변경 페이지 오류',
                               '비밀번호 변경 페이지에서 계속 에러가 발생하여 변경을 완료할 수 없습니다.',
                               'ANSWERING',
                               '로그를 확인 중이며, 재현 환경 정보(기기/브라우저)를 추가 요청드렸습니다.',
                               SYSDATE - 7, SYSDATE - 6
                           );

INSERT INTO inquiry VALUES (
                               27, 7, 'ACCOUNT',
                               '닉네임 정책 문의',
                               '특정 닉네임이 운영정책에 위배되는지 문의드립니다.',
                               'WAIT',
                               NULL,
                               SYSDATE - 6, NULL
                           );

INSERT INTO inquiry VALUES (
                               28, 8, 'BUG',
                               '리뷰 작성 후 내용이 사라졌습니다.',
                               '리뷰를 작성하고 등록 버튼을 눌렀는데, 페이지가 새로고침되면서 내용이 모두 사라졌습니다.',
                               'ANSWERING',
                               '리뷰 작성 중 세션 만료 여부를 확인하고 있으며, 자동저장 기능 개선을 검토 중입니다.',
                               SYSDATE - 6, SYSDATE - 5
                           );

INSERT INTO inquiry VALUES (
                               29, 9, 'STORE',
                               '동행 인원 입장 제한 여부',
                               '팝업스토어 입장 시 동반 입장 가능한 인원수에 제한이 있는지 궁금합니다.',
                               'WAIT',
                               NULL,
                               SYSDATE - 5, NULL
                           );

INSERT INTO inquiry VALUES (
                               30, 10, 'DELIVERY',
                               '택배사 변경 요청',
                               '개인 사정으로 특정 택배사를 피하고 싶습니다. 다른 택배사로 보내주실 수 있나요?',
                               'WAIT',
                               NULL,
                               SYSDATE - 5, NULL
                           );

-- 31 ~ 40
INSERT INTO inquiry VALUES (
                               31, 11, 'PAYMENT',
                               '영수증 재발급 문의',
                               '결제 후 영수증을 분실했는데, 다시 발급받을 수 있는지 궁금합니다.',
                               'DONE',
                               '마이페이지 > 주문 내역에서 전자 영수증을 확인 및 재출력하실 수 있습니다.',
                               SYSDATE - 4, SYSDATE - 3
                           );

INSERT INTO inquiry VALUES (
                               32, 12, 'EVENT',
                               '경품 수령 기한 문의',
                               '이벤트에 당첨되었는데, 경품을 수령할 수 있는 마감 기한이 언제인지 알고 싶습니다.',
                               'DONE',
                               '공지된 기간 내에만 수령 가능하며, 기간 내 미수령 시 자동 취소될 수 있습니다. 정확한 기한은 당첨 안내 메시지를 확인해 주세요.',
                               SYSDATE - 4, SYSDATE - 3
                           );

INSERT INTO inquiry VALUES (
                               33, 13, 'ACCOUNT',
                               '휴면 계정 해제 문의',
                               '오랫동안 로그인하지 않아 계정이 휴면 처리된 것 같습니다. 어떻게 다시 사용할 수 있나요?',
                               'DONE',
                               '로그인 시 휴면 해제 동의 절차를 완료하시면 즉시 정상 계정으로 전환됩니다.',
                               SYSDATE - 3, SYSDATE - 2
                           );

INSERT INTO inquiry VALUES (
                               34, 14, 'SYSTEM',
                               '알림 언어 설정 변경',
                               '알림 메시지가 영어로 오는데, 한국어로 받도록 바꾸고 싶습니다.',
                               'ANSWERING',
                               '현재 언어 설정 기능 개선을 준비 중이며, 업데이트 일정 안내를 드릴 예정입니다.',
                               SYSDATE - 3, SYSDATE - 2
                           );

INSERT INTO inquiry VALUES (
                               35, 15, 'STORE',
                               '사진 촬영 가능 여부',
                               '매장 내부에서 전시된 피규어나 굿즈를 사진 찍어도 되는지 궁금합니다.',
                               'WAIT',
                               NULL,
                               SYSDATE - 3, NULL
                           );

INSERT INTO inquiry VALUES (
                               36, 16, 'DELIVERY',
                               '부분 배송 문의',
                               '같이 주문한 상품 중 일부만 먼저 도착했습니다. 나머지는 언제 오는지 궁금합니다.',
                               'DONE',
                               '입고 일정 차이로 부분 배송이 진행되었으며, 남은 상품도 곧 출고될 예정입니다.',
                               SYSDATE - 2, SYSDATE - 1
                           );

INSERT INTO inquiry VALUES (
                               37, 17, 'EVENT',
                               '현장 게임 룰 상세 문의',
                               '팝업 현장에서 진행되는 랜덤 게임 룰이 자세히 어떻게 되는지 알고 싶습니다.',
                               'WAIT',
                               NULL,
                               SYSDATE - 2, NULL
                           );

INSERT INTO inquiry VALUES (
                               38, 18, 'BUG',
                               '검색 결과가 표시되지 않습니다.',
                               '검색창에 키워드를 입력해도 결과가 하나도 나오지 않습니다.',
                               'ANSWERING',
                               '검색 인덱스 동기화 작업 중 일시적인 오류로 추정되어 확인 후 다시 안내드릴 예정입니다.',
                               SYSDATE - 2, SYSDATE - 1
                           );

INSERT INTO inquiry VALUES (
                               39, 19, 'ACCOUNT',
                               '로그인 기록 조회 문의',
                               '최근 로그인 기록을 확인할 수 있는 기능이 있는지 궁금합니다.',
                               'WAIT',
                               NULL,
                               SYSDATE - 1, NULL
                           );

INSERT INTO inquiry VALUES (
                               40, 20, 'ETC',
                               '굿즈 보관 팁 문의',
                               '포토카드나 포스터를 오래 보관할 수 있는 방법을 알고 싶습니다.',
                               'WAIT',
                               NULL,
                               SYSDATE - 1, NULL
                           );

-- 41 ~ 50 : 최근 WAIT/ANSWERING 위주
INSERT INTO inquiry VALUES (
                               41, 21, 'DELIVERY',
                               '배송 메모 반영 여부',
                               '현관 앞에 두지 말고 경비실 보관 요청을 배송 메모에 적었는데 잘 반영되는지 궁금합니다.',
                               'WAIT',
                               NULL,
                               SYSDATE, NULL
                           );

INSERT INTO inquiry VALUES (
                               42, 22, 'PAYMENT',
                               '포인트 사용 후 취소 시 포인트 복원 문의',
                               '포인트를 사용해 결제한 주문을 취소하면 사용한 포인트가 다시 돌아오는지 궁금합니다.',
                               'WAIT',
                               NULL,
                               SYSDATE, NULL
                           );

INSERT INTO inquiry VALUES (
                               43, 23, 'EVENT',
                               '친구와 함께 참여 가능한 이벤트인지 궁금합니다.',
                               'SNS 인증 이벤트에 친구와 함께 참여했을 때도 한 계정으로만 인정되는지 문의드립니다.',
                               'WAIT',
                               NULL,
                               SYSDATE, NULL
                           );

INSERT INTO inquiry VALUES (
                               44, 24, 'STORE',
                               '반입 금지 물품이 있는지 궁금합니다.',
                               '팝업스토어 입장 시 음식물이나 큰 짐 반입 제한이 있는지 알고 싶습니다.',
                               'WAIT',
                               NULL,
                               SYSDATE, NULL
                           );

INSERT INTO inquiry VALUES (
                               45, 25, 'ACCOUNT',
                               '본인 인증 실패 문의',
                               '휴대폰 본인 인증 단계에서 계속 실패가 발생합니다.',
                               'ANSWERING',
                               '통신사 인증 서버 로그를 확인 중이며, 다른 통신사 또는 브라우저로 재시도를 안내드렸습니다.',
                               SYSDATE, SYSDATE
                           );

INSERT INTO inquiry VALUES (
                               46, NULL, 'ETC',
                               '단체 방문 문의',
                               '학생 동아리 단체 방문이 가능한지, 사전 예약이 필요한지 궁금합니다.',
                               'WAIT',
                               NULL,
                               SYSDATE, NULL
                           );

INSERT INTO inquiry VALUES (
                               47, 26, 'DELIVERY',
                               '군부대 배송 가능 여부',
                               '군부대로 배송이 가능한지, 가능한 택배사가 있는지 알고 싶습니다.',
                               'WAIT',
                               NULL,
                               SYSDATE, NULL
                           );

INSERT INTO inquiry VALUES (
                               48, 27, 'EVENT',
                               '굿즈 재판매 허용 여부',
                               '이벤트 경품으로 받은 굿즈를 중고로 판매해도 되는지 운영 정책이 궁금합니다.',
                               'WAIT',
                               NULL,
                               SYSDATE, NULL
                           );

INSERT INTO inquiry VALUES (
                               49, 28, 'SYSTEM',
                               '알림이 너무 자주 와서 줄이고 싶습니다.',
                               '중요한 공지 외에는 알림을 적게 받고 싶습니다.',
                               'WAIT',
                               NULL,
                               SYSDATE, NULL
                           );

INSERT INTO inquiry VALUES (
                               50, 29, 'STORE',
                               '아이 동반 입장 가능 여부',
                               '어린 아이를 데리고 팝업스토어를 방문해도 되는지 궁금합니다.',
                               'WAIT',
                               NULL,
                               SYSDATE, NULL
                           );
commit ;
INSERT INTO main_banner (
    banner_id, title, image_url,
    link_type, link_target_id, link_url,
    start_date, end_date,
    sort_order, active_yn
) VALUES (
             1,
             '굿즈로드 오픈 기념 메인 이벤트',
             'https://example.com/banner/main_open_event.jpg',
             'EVENT',
             1001,
             '/event/1001',
             SYSDATE - 7,
             SYSDATE + 7,
             1,
             'Y'
         );

INSERT INTO main_banner (
    banner_id, title, image_url,
    link_type, link_target_id, link_url,
    start_date, end_date,
    sort_order, active_yn
) VALUES (
             2,
             '홍대 한정 팝업스토어 안내',
             'https://example.com/banner/popup_hongdae.jpg',
             'POPUP',
             1,
             '/popup/1',
             SYSDATE - 3,
             SYSDATE + 10,
             2,
             'Y'
         );

INSERT INTO main_banner (
    banner_id, title, image_url,
    link_type, link_target_id, link_url,
    start_date, end_date,
    sort_order, active_yn
) VALUES (
             3,
             '주말 한정 럭키박스 타임세일',
             'https://example.com/banner/weekend_luckybox.jpg',
             'EVENT',
             1002,
             '/event/1002',
             SYSDATE - 1,
             SYSDATE + 2,
             3,
             'Y'
         );

INSERT INTO main_banner (
    banner_id, title, image_url,
    link_type, link_target_id, link_url,
    start_date, end_date,
    sort_order, active_yn
) VALUES (
             4,
             '굿즈 교환 · 나눔 가이드 확인하기',
             'https://example.com/banner/trade_guide.jpg',
             'URL',
             NULL,
             '/guide/trade',
             SYSDATE - 30,
             SYSDATE + 365,
             4,
             'Y'
         );

INSERT INTO main_banner (
    banner_id, title, image_url,
    link_type, link_target_id, link_url,
    start_date, end_date,
    sort_order, active_yn
) VALUES (
             5,
             '신규 회원 가입 시 웰컴 쿠폰 지급',
             'https://example.com/banner/welcome_coupon.jpg',
             'EVENT',
             1003,
             '/event/1003',
             SYSDATE - 10,
             SYSDATE + 20,
             5,
             'Y'
         );

INSERT INTO main_banner (
    banner_id, title, image_url,
    link_type, link_target_id, link_url,
    start_date, end_date,
    sort_order, active_yn
) VALUES (
             6,
             '포인트 2배 적립 프로모션',
             'https://example.com/banner/point_x2.jpg',
             'EVENT',
             1004,
             '/event/1004',
             SYSDATE - 5,
             SYSDATE + 5,
             6,
             'Y'
         );

INSERT INTO main_banner (
    banner_id, title, image_url,
    link_type, link_target_id, link_url,
    start_date, end_date,
    sort_order, active_yn
) VALUES (
             7,
             '굿즈로드 앱 다운로드 안내',
             'https://example.com/banner/app_download.jpg',
             'URL',
             NULL,
             'https://example.com/app',
             SYSDATE - 60,
             SYSDATE + 365,
             7,
             'Y'
         );

INSERT INTO main_banner (
    banner_id, title, image_url,
    link_type, link_target_id, link_url,
    start_date, end_date,
    sort_order, active_yn
) VALUES (
             8,
             '지난 시즌 한정 굿즈 아카이브',
             'https://example.com/banner/archive_season1.jpg',
             'URL',
             NULL,
             '/archive/season1',
             SYSDATE - 90,
             SYSDATE - 1,
             8,
             'N'
         );

INSERT INTO main_banner (
    banner_id, title, image_url,
    link_type, link_target_id, link_url,
    start_date, end_date,
    sort_order, active_yn
) VALUES (
             9,
             '다음 주 오픈 예정 신규 팝업 선공개',
             'https://example.com/banner/upcoming_popup.jpg',
             'POPUP',
             2,
             '/popup/2',
             SYSDATE + 3,
             SYSDATE + 20,
             9,
             'Y'
         );

INSERT INTO main_banner (
    banner_id, title, image_url,
    link_type, link_target_id, link_url,
    start_date, end_date,
    sort_order, active_yn
) VALUES (
             10,
             '자주 묻는 질문(FAQ) 바로가기',
             'https://example.com/banner/faq_shortcut.jpg',
             'URL',
             NULL,
             '/faq',
             SYSDATE - 15,
             SYSDATE + 365,
             10,
             'Y'
         );
INSERT INTO member_notification_setting (
    member_id, comment_yn, like_yn, trade_yn, event_yn, created_at, updated_at
) VALUES (1,  'Y', 'Y', 'Y', 'Y', SYSDATE - 10, SYSDATE - 1);

INSERT INTO member_notification_setting (
    member_id, comment_yn, like_yn, trade_yn, event_yn, created_at, updated_at
) VALUES (2,  'Y', 'Y', 'Y', 'Y', SYSDATE - 10, SYSDATE - 1);

INSERT INTO member_notification_setting (
    member_id, comment_yn, like_yn, trade_yn, event_yn, created_at, updated_at
) VALUES (3,  'Y', 'Y', 'Y', 'Y', SYSDATE - 10, SYSDATE - 1);

INSERT INTO member_notification_setting (
    member_id, comment_yn, like_yn, trade_yn, event_yn, created_at, updated_at
) VALUES (4,  'Y', 'Y', 'Y', 'Y', SYSDATE - 10, SYSDATE - 1);

INSERT INTO member_notification_setting (
    member_id, comment_yn, like_yn, trade_yn, event_yn, created_at, updated_at
) VALUES (5,  'Y', 'Y', 'Y', 'Y', SYSDATE - 10, SYSDATE - 1);

INSERT INTO member_notification_setting (
    member_id, comment_yn, like_yn, trade_yn, event_yn, created_at, updated_at
) VALUES (6,  'Y', 'Y', 'Y', 'Y', SYSDATE - 10, SYSDATE - 1);

INSERT INTO member_notification_setting (
    member_id, comment_yn, like_yn, trade_yn, event_yn, created_at, updated_at
) VALUES (7,  'Y', 'Y', 'Y', 'Y', SYSDATE - 10, SYSDATE - 1);

INSERT INTO member_notification_setting (
    member_id, comment_yn, like_yn, trade_yn, event_yn, created_at, updated_at
) VALUES (8,  'Y', 'Y', 'Y', 'Y', SYSDATE - 10, SYSDATE - 1);

INSERT INTO member_notification_setting (
    member_id, comment_yn, like_yn, trade_yn, event_yn, created_at, updated_at
) VALUES (9,  'Y', 'Y', 'Y', 'Y', SYSDATE - 10, SYSDATE - 1);

INSERT INTO member_notification_setting (
    member_id, comment_yn, like_yn, trade_yn, event_yn, created_at, updated_at
) VALUES (10, 'Y', 'Y', 'Y', 'Y', SYSDATE - 10, SYSDATE - 1);

-- 11 ~ 20
INSERT INTO member_notification_setting (
    member_id, comment_yn, like_yn, trade_yn, event_yn, created_at, updated_at
) VALUES (11, 'Y', 'Y', 'Y', 'Y', SYSDATE - 9, SYSDATE - 1);

INSERT INTO member_notification_setting (
    member_id, comment_yn, like_yn, trade_yn, event_yn, created_at, updated_at
) VALUES (12, 'Y', 'Y', 'Y', 'Y', SYSDATE - 9, SYSDATE - 1);

INSERT INTO member_notification_setting (
    member_id, comment_yn, like_yn, trade_yn, event_yn, created_at, updated_at
) VALUES (13, 'Y', 'Y', 'Y', 'Y', SYSDATE - 9, SYSDATE - 1);

INSERT INTO member_notification_setting (
    member_id, comment_yn, like_yn, trade_yn, event_yn, created_at, updated_at
) VALUES (14, 'Y', 'Y', 'Y', 'Y', SYSDATE - 9, SYSDATE - 1);

INSERT INTO member_notification_setting (
    member_id, comment_yn, like_yn, trade_yn, event_yn, created_at, updated_at
) VALUES (15, 'Y', 'Y', 'Y', 'Y', SYSDATE - 9, SYSDATE - 1);

INSERT INTO member_notification_setting (
    member_id, comment_yn, like_yn, trade_yn, event_yn, created_at, updated_at
) VALUES (16, 'Y', 'Y', 'Y', 'Y', SYSDATE - 9, SYSDATE - 1);

INSERT INTO member_notification_setting (
    member_id, comment_yn, like_yn, trade_yn, event_yn, created_at, updated_at
) VALUES (17, 'Y', 'Y', 'Y', 'Y', SYSDATE - 9, SYSDATE - 1);

INSERT INTO member_notification_setting (
    member_id, comment_yn, like_yn, trade_yn, event_yn, created_at, updated_at
) VALUES (18, 'Y', 'Y', 'Y', 'Y', SYSDATE - 9, SYSDATE - 1);

INSERT INTO member_notification_setting (
    member_id, comment_yn, like_yn, trade_yn, event_yn, created_at, updated_at
) VALUES (19, 'Y', 'Y', 'Y', 'Y', SYSDATE - 9, SYSDATE - 1);

INSERT INTO member_notification_setting (
    member_id, comment_yn, like_yn, trade_yn, event_yn, created_at, updated_at
) VALUES (20, 'Y', 'Y', 'Y', 'Y', SYSDATE - 9, SYSDATE - 1);

-- 21 ~ 30
INSERT INTO member_notification_setting (
    member_id, comment_yn, like_yn, trade_yn, event_yn, created_at, updated_at
) VALUES (21, 'Y', 'Y', 'Y', 'Y', SYSDATE - 8, SYSDATE - 1);

INSERT INTO member_notification_setting (
    member_id, comment_yn, like_yn, trade_yn, event_yn, created_at, updated_at
) VALUES (22, 'Y', 'Y', 'Y', 'Y', SYSDATE - 8, SYSDATE - 1);

INSERT INTO member_notification_setting (
    member_id, comment_yn, like_yn, trade_yn, event_yn, created_at, updated_at
) VALUES (23, 'Y', 'Y', 'Y', 'Y', SYSDATE - 8, SYSDATE - 1);

INSERT INTO member_notification_setting (
    member_id, comment_yn, like_yn, trade_yn, event_yn, created_at, updated_at
) VALUES (24, 'Y', 'Y', 'Y', 'Y', SYSDATE - 8, SYSDATE - 1);

INSERT INTO member_notification_setting (
    member_id, comment_yn, like_yn, trade_yn, event_yn, created_at, updated_at
) VALUES (25, 'Y', 'Y', 'Y', 'Y', SYSDATE - 8, SYSDATE - 1);

INSERT INTO member_notification_setting (
    member_id, comment_yn, like_yn, trade_yn, event_yn, created_at, updated_at
) VALUES (26, 'Y', 'Y', 'Y', 'Y', SYSDATE - 8, SYSDATE - 1);

INSERT INTO member_notification_setting (
    member_id, comment_yn, like_yn, trade_yn, event_yn, created_at, updated_at
) VALUES (27, 'Y', 'Y', 'Y', 'Y', SYSDATE - 8, SYSDATE - 1);

INSERT INTO member_notification_setting (
    member_id, comment_yn, like_yn, trade_yn, event_yn, created_at, updated_at
) VALUES (28, 'Y', 'Y', 'Y', 'Y', SYSDATE - 8, SYSDATE - 1);

INSERT INTO member_notification_setting (
    member_id, comment_yn, like_yn, trade_yn, event_yn, created_at, updated_at
) VALUES (29, 'Y', 'Y', 'Y', 'Y', SYSDATE - 8, SYSDATE - 1);

INSERT INTO member_notification_setting (
    member_id, comment_yn, like_yn, trade_yn, event_yn, created_at, updated_at
) VALUES (30, 'Y', 'Y', 'Y', 'Y', SYSDATE - 8, SYSDATE - 1);

-- 31 ~ 40
INSERT INTO member_notification_setting (
    member_id, comment_yn, like_yn, trade_yn, event_yn, created_at, updated_at
) VALUES (31, 'Y', 'Y', 'Y', 'Y', SYSDATE - 7, SYSDATE - 1);

INSERT INTO member_notification_setting (
    member_id, comment_yn, like_yn, trade_yn, event_yn, created_at, updated_at
) VALUES (32, 'Y', 'Y', 'Y', 'Y', SYSDATE - 7, SYSDATE - 1);

INSERT INTO member_notification_setting (
    member_id, comment_yn, like_yn, trade_yn, event_yn, created_at, updated_at
) VALUES (33, 'Y', 'Y', 'Y', 'Y', SYSDATE - 7, SYSDATE - 1);

INSERT INTO member_notification_setting (
    member_id, comment_yn, like_yn, trade_yn, event_yn, created_at, updated_at
) VALUES (34, 'Y', 'Y', 'Y', 'Y', SYSDATE - 7, SYSDATE - 1);

INSERT INTO member_notification_setting (
    member_id, comment_yn, like_yn, trade_yn, event_yn, created_at, updated_at
) VALUES (35, 'Y', 'Y', 'Y', 'Y', SYSDATE - 7, SYSDATE - 1);

INSERT INTO member_notification_setting (
    member_id, comment_yn, like_yn, trade_yn, event_yn, created_at, updated_at
) VALUES (36, 'Y', 'Y', 'Y', 'Y', SYSDATE - 7, SYSDATE - 1);

INSERT INTO member_notification_setting (
    member_id, comment_yn, like_yn, trade_yn, event_yn, created_at, updated_at
) VALUES (37, 'Y', 'Y', 'Y', 'Y', SYSDATE - 7, SYSDATE - 1);

INSERT INTO member_notification_setting (
    member_id, comment_yn, like_yn, trade_yn, event_yn, created_at, updated_at
) VALUES (38, 'Y', 'Y', 'Y', 'Y', SYSDATE - 7, SYSDATE - 1);

INSERT INTO member_notification_setting (
    member_id, comment_yn, like_yn, trade_yn, event_yn, created_at, updated_at
) VALUES (39, 'Y', 'Y', 'Y', 'Y', SYSDATE - 7, SYSDATE - 1);

INSERT INTO member_notification_setting (
    member_id, comment_yn, like_yn, trade_yn, event_yn, created_at, updated_at
) VALUES (40, 'Y', 'Y', 'Y', 'Y', SYSDATE - 7, SYSDATE - 1);

-- 41 ~ 50
INSERT INTO member_notification_setting (
    member_id, comment_yn, like_yn, trade_yn, event_yn, created_at, updated_at
) VALUES (41, 'Y', 'Y', 'Y', 'Y', SYSDATE - 6, SYSDATE - 1);

INSERT INTO member_notification_setting (
    member_id, comment_yn, like_yn, trade_yn, event_yn, created_at, updated_at
) VALUES (42, 'Y', 'Y', 'Y', 'Y', SYSDATE - 6, SYSDATE - 1);

INSERT INTO member_notification_setting (
    member_id, comment_yn, like_yn, trade_yn, event_yn, created_at, updated_at
) VALUES (43, 'Y', 'Y', 'Y', 'Y', SYSDATE - 6, SYSDATE - 1);

INSERT INTO member_notification_setting (
    member_id, comment_yn, like_yn, trade_yn, event_yn, created_at, updated_at
) VALUES (44, 'Y', 'Y', 'Y', 'Y', SYSDATE - 6, SYSDATE - 1);

INSERT INTO member_notification_setting (
    member_id, comment_yn, like_yn, trade_yn, event_yn, created_at, updated_at
) VALUES (45, 'Y', 'Y', 'Y', 'Y', SYSDATE - 6, SYSDATE - 1);

INSERT INTO member_notification_setting (
    member_id, comment_yn, like_yn, trade_yn, event_yn, created_at, updated_at
) VALUES (46, 'Y', 'Y', 'Y', 'Y', SYSDATE - 6, SYSDATE - 1);

INSERT INTO member_notification_setting (
    member_id, comment_yn, like_yn, trade_yn, event_yn, created_at, updated_at
) VALUES (47, 'Y', 'Y', 'Y', 'Y', SYSDATE - 6, SYSDATE - 1);

INSERT INTO member_notification_setting (
    member_id, comment_yn, like_yn, trade_yn, event_yn, created_at, updated_at
) VALUES (48, 'Y', 'Y', 'Y', 'Y', SYSDATE - 6, SYSDATE - 1);

INSERT INTO member_notification_setting (
    member_id, comment_yn, like_yn, trade_yn, event_yn, created_at, updated_at
) VALUES (49, 'Y', 'Y', 'Y', 'Y', SYSDATE - 6, SYSDATE - 1);

INSERT INTO member_notification_setting (
    member_id, comment_yn, like_yn, trade_yn, event_yn, created_at, updated_at
) VALUES (50, 'Y', 'Y', 'Y', 'Y', SYSDATE - 6, SYSDATE - 1);

-- 51 ~ 60
INSERT INTO member_notification_setting (
    member_id, comment_yn, like_yn, trade_yn, event_yn, created_at, updated_at
) VALUES (51, 'Y', 'Y', 'Y', 'Y', SYSDATE - 5, SYSDATE - 1);

INSERT INTO member_notification_setting (
    member_id, comment_yn, like_yn, trade_yn, event_yn, created_at, updated_at
) VALUES (52, 'Y', 'Y', 'Y', 'Y', SYSDATE - 5, SYSDATE - 1);

INSERT INTO member_notification_setting (
    member_id, comment_yn, like_yn, trade_yn, event_yn, created_at, updated_at
) VALUES (53, 'Y', 'Y', 'Y', 'Y', SYSDATE - 5, SYSDATE - 1);

INSERT INTO member_notification_setting (
    member_id, comment_yn, like_yn, trade_yn, event_yn, created_at, updated_at
) VALUES (54, 'Y', 'Y', 'Y', 'Y', SYSDATE - 5, SYSDATE - 1);

INSERT INTO member_notification_setting (
    member_id, comment_yn, like_yn, trade_yn, event_yn, created_at, updated_at
) VALUES (55, 'Y', 'Y', 'Y', 'Y', SYSDATE - 5, SYSDATE - 1);

INSERT INTO member_notification_setting (
    member_id, comment_yn, like_yn, trade_yn, event_yn, created_at, updated_at
) VALUES (56, 'Y', 'Y', 'Y', 'Y', SYSDATE - 5, SYSDATE - 1);

INSERT INTO member_notification_setting (
    member_id, comment_yn, like_yn, trade_yn, event_yn, created_at, updated_at
) VALUES (57, 'Y', 'Y', 'Y', 'Y', SYSDATE - 5, SYSDATE - 1);

INSERT INTO member_notification_setting (
    member_id, comment_yn, like_yn, trade_yn, event_yn, created_at, updated_at
) VALUES (58, 'Y', 'Y', 'Y', 'Y', SYSDATE - 5, SYSDATE - 1);

INSERT INTO member_notification_setting (
    member_id, comment_yn, like_yn, trade_yn, event_yn, created_at, updated_at
) VALUES (59, 'Y', 'Y', 'Y', 'Y', SYSDATE - 5, SYSDATE - 1);

INSERT INTO member_notification_setting (
    member_id, comment_yn, like_yn, trade_yn, event_yn, created_at, updated_at
) VALUES (60, 'Y', 'Y', 'Y', 'Y', SYSDATE - 5, SYSDATE - 1);

-- 61 ~ 70
INSERT INTO member_notification_setting (
    member_id, comment_yn, like_yn, trade_yn, event_yn, created_at, updated_at
) VALUES (61, 'Y', 'Y', 'Y', 'Y', SYSDATE - 4, SYSDATE - 1);

INSERT INTO member_notification_setting (
    member_id, comment_yn, like_yn, trade_yn, event_yn, created_at, updated_at
) VALUES (62, 'Y', 'Y', 'Y', 'Y', SYSDATE - 4, SYSDATE - 1);

INSERT INTO member_notification_setting (
    member_id, comment_yn, like_yn, trade_yn, event_yn, created_at, updated_at
) VALUES (63, 'Y', 'Y', 'Y', 'Y', SYSDATE - 4, SYSDATE - 1);

INSERT INTO member_notification_setting (
    member_id, comment_yn, like_yn, trade_yn, event_yn, created_at, updated_at
) VALUES (64, 'Y', 'Y', 'Y', 'Y', SYSDATE - 4, SYSDATE - 1);

INSERT INTO member_notification_setting (
    member_id, comment_yn, like_yn, trade_yn, event_yn, created_at, updated_at
) VALUES (65, 'Y', 'Y', 'Y', 'Y', SYSDATE - 4, SYSDATE - 1);

INSERT INTO member_notification_setting (
    member_id, comment_yn, like_yn, trade_yn, event_yn, created_at, updated_at
) VALUES (66, 'Y', 'Y', 'Y', 'Y', SYSDATE - 4, SYSDATE - 1);

INSERT INTO member_notification_setting (
    member_id, comment_yn, like_yn, trade_yn, event_yn, created_at, updated_at
) VALUES (67, 'Y', 'Y', 'Y', 'Y', SYSDATE - 4, SYSDATE - 1);

INSERT INTO member_notification_setting (
    member_id, comment_yn, like_yn, trade_yn, event_yn, created_at, updated_at
) VALUES (68, 'Y', 'Y', 'Y', 'Y', SYSDATE - 4, SYSDATE - 1);

INSERT INTO member_notification_setting (
    member_id, comment_yn, like_yn, trade_yn, event_yn, created_at, updated_at
) VALUES (69, 'Y', 'Y', 'Y', 'Y', SYSDATE - 4, SYSDATE - 1);

INSERT INTO member_notification_setting (
    member_id, comment_yn, like_yn, trade_yn, event_yn, created_at, updated_at
) VALUES (70, 'Y', 'Y', 'Y', 'Y', SYSDATE - 4, SYSDATE - 1);

-- 71 ~ 80
INSERT INTO member_notification_setting (
    member_id, comment_yn, like_yn, trade_yn, event_yn, created_at, updated_at
) VALUES (71, 'Y', 'Y', 'Y', 'Y', SYSDATE - 3, SYSDATE - 1);

INSERT INTO member_notification_setting (
    member_id, comment_yn, like_yn, trade_yn, event_yn, created_at, updated_at
) VALUES (72, 'Y', 'Y', 'Y', 'Y', SYSDATE - 3, SYSDATE - 1);

INSERT INTO member_notification_setting (
    member_id, comment_yn, like_yn, trade_yn, event_yn, created_at, updated_at
) VALUES (73, 'Y', 'Y', 'Y', 'Y', SYSDATE - 3, SYSDATE - 1);

INSERT INTO member_notification_setting (
    member_id, comment_yn, like_yn, trade_yn, event_yn, created_at, updated_at
) VALUES (74, 'Y', 'Y', 'Y', 'Y', SYSDATE - 3, SYSDATE - 1);

INSERT INTO member_notification_setting (
    member_id, comment_yn, like_yn, trade_yn, event_yn, created_at, updated_at
) VALUES (75, 'Y', 'Y', 'Y', 'Y', SYSDATE - 3, SYSDATE - 1);

INSERT INTO member_notification_setting (
    member_id, comment_yn, like_yn, trade_yn, event_yn, created_at, updated_at
) VALUES (76, 'Y', 'Y', 'Y', 'Y', SYSDATE - 3, SYSDATE - 1);

INSERT INTO member_notification_setting (
    member_id, comment_yn, like_yn, trade_yn, event_yn, created_at, updated_at
) VALUES (77, 'Y', 'Y', 'Y', 'Y', SYSDATE - 3, SYSDATE - 1);

INSERT INTO member_notification_setting (
    member_id, comment_yn, like_yn, trade_yn, event_yn, created_at, updated_at
) VALUES (78, 'Y', 'Y', 'Y', 'Y', SYSDATE - 3, SYSDATE - 1);

INSERT INTO member_notification_setting (
    member_id, comment_yn, like_yn, trade_yn, event_yn, created_at, updated_at
) VALUES (79, 'Y', 'Y', 'Y', 'Y', SYSDATE - 3, SYSDATE - 1);

INSERT INTO member_notification_setting (
    member_id, comment_yn, like_yn, trade_yn, event_yn, created_at, updated_at
) VALUES (80, 'Y', 'Y', 'Y', 'Y', SYSDATE - 3, SYSDATE - 1);

-- 81 ~ 90
INSERT INTO member_notification_setting (
    member_id, comment_yn, like_yn, trade_yn, event_yn, created_at, updated_at
) VALUES (81, 'Y', 'Y', 'Y', 'Y', SYSDATE - 2, SYSDATE - 1);

INSERT INTO member_notification_setting (
    member_id, comment_yn, like_yn, trade_yn, event_yn, created_at, updated_at
) VALUES (82, 'Y', 'Y', 'Y', 'Y', SYSDATE - 2, SYSDATE - 1);

INSERT INTO member_notification_setting (
    member_id, comment_yn, like_yn, trade_yn, event_yn, created_at, updated_at
) VALUES (83, 'Y', 'Y', 'Y', 'Y', SYSDATE - 2, SYSDATE - 1);

INSERT INTO member_notification_setting (
    member_id, comment_yn, like_yn, trade_yn, event_yn, created_at, updated_at
) VALUES (84, 'Y', 'Y', 'Y', 'Y', SYSDATE - 2, SYSDATE - 1);

INSERT INTO member_notification_setting (
    member_id, comment_yn, like_yn, trade_yn, event_yn, created_at, updated_at
) VALUES (85, 'Y', 'Y', 'Y', 'Y', SYSDATE - 2, SYSDATE - 1);

INSERT INTO member_notification_setting (
    member_id, comment_yn, like_yn, trade_yn, event_yn, created_at, updated_at
) VALUES (86, 'Y', 'Y', 'Y', 'Y', SYSDATE - 2, SYSDATE - 1);

INSERT INTO member_notification_setting (
    member_id, comment_yn, like_yn, trade_yn, event_yn, created_at, updated_at
) VALUES (87, 'Y', 'Y', 'Y', 'Y', SYSDATE - 2, SYSDATE - 1);

INSERT INTO member_notification_setting (
    member_id, comment_yn, like_yn, trade_yn, event_yn, created_at, updated_at
) VALUES (88, 'Y', 'Y', 'Y', 'Y', SYSDATE - 2, SYSDATE - 1);

INSERT INTO member_notification_setting (
    member_id, comment_yn, like_yn, trade_yn, event_yn, created_at, updated_at
) VALUES (89, 'Y', 'Y', 'Y', 'Y', SYSDATE - 2, SYSDATE - 1);

INSERT INTO member_notification_setting (
    member_id, comment_yn, like_yn, trade_yn, event_yn, created_at, updated_at
) VALUES (90, 'Y', 'Y', 'Y', 'Y', SYSDATE - 2, SYSDATE - 1);

-- 91 ~ 100
INSERT INTO member_notification_setting (
    member_id, comment_yn, like_yn, trade_yn, event_yn, created_at, updated_at
) VALUES (91, 'Y', 'Y', 'Y', 'Y', SYSDATE - 1, SYSDATE - 1);

INSERT INTO member_notification_setting (
    member_id, comment_yn, like_yn, trade_yn, event_yn, created_at, updated_at
) VALUES (92, 'Y', 'Y', 'Y', 'Y', SYSDATE - 1, SYSDATE - 1);

INSERT INTO member_notification_setting (
    member_id, comment_yn, like_yn, trade_yn, event_yn, created_at, updated_at
) VALUES (93, 'Y', 'Y', 'Y', 'Y', SYSDATE - 1, SYSDATE - 1);

INSERT INTO member_notification_setting (
    member_id, comment_yn, like_yn, trade_yn, event_yn, created_at, updated_at
) VALUES (94, 'Y', 'Y', 'Y', 'Y', SYSDATE - 1, SYSDATE - 1);

INSERT INTO member_notification_setting (
    member_id, comment_yn, like_yn, trade_yn, event_yn, created_at, updated_at
) VALUES (95, 'Y', 'Y', 'Y', 'Y', SYSDATE - 1, SYSDATE - 1);

INSERT INTO member_notification_setting (
    member_id, comment_yn, like_yn, trade_yn, event_yn, created_at, updated_at
) VALUES (96, 'Y', 'Y', 'Y', 'Y', SYSDATE - 1, SYSDATE - 1);

INSERT INTO member_notification_setting (
    member_id, comment_yn, like_yn, trade_yn, event_yn, created_at, updated_at
) VALUES (97, 'Y', 'Y', 'Y', 'Y', SYSDATE - 1, SYSDATE - 1);

INSERT INTO member_notification_setting (
    member_id, comment_yn, like_yn, trade_yn, event_yn, created_at, updated_at
) VALUES (98, 'Y', 'Y', 'Y', 'Y', SYSDATE - 1, SYSDATE - 1);

INSERT INTO member_notification_setting (
    member_id, comment_yn, like_yn, trade_yn, event_yn, created_at, updated_at
) VALUES (99, 'Y', 'Y', 'Y', 'Y', SYSDATE - 1, SYSDATE - 1);

INSERT INTO member_notification_setting (
    member_id, comment_yn, like_yn, trade_yn, event_yn, created_at, updated_at
) VALUES (100, 'Y', 'Y', 'Y', 'Y', SYSDATE - 1, SYSDATE - 1);

INSERT INTO notification (
    notification_id, member_id, notif_type, message,
    link_type, link_target_id, read_yn, created_at
) VALUES (
             1, 1, 'COMMENT',
             '회원님의 게시글에 새로운 댓글이 달렸습니다.',
             'POST', 1, 'N', SYSDATE - 5
         );

INSERT INTO notification (
    notification_id, member_id, notif_type, message,
    link_type, link_target_id, read_yn, created_at
) VALUES (
             2, 2, 'COMMENT',
             '작성하신 리뷰에 답글이 등록되었습니다.',
             'POST', 2, 'N', SYSDATE - 5
         );

INSERT INTO notification (
    notification_id, member_id, notif_type, message,
    link_type, link_target_id, read_yn, created_at
) VALUES (
             3, 3, 'COMMENT',
             '회원님의 게시글에 새로운 대댓글이 달렸습니다.',
             'POST', 3, 'Y', SYSDATE - 4
         );

INSERT INTO notification (
    notification_id, member_id, notif_type, message,
    link_type, link_target_id, read_yn, created_at
) VALUES (
             4, 4, 'COMMENT',
             '관심 등록한 팝업 후기에 새 댓글이 추가되었습니다.',
             'POST', 4, 'N', SYSDATE - 4
         );

INSERT INTO notification (
    notification_id, member_id, notif_type, message,
    link_type, link_target_id, read_yn, created_at
) VALUES (
             5, 5, 'COMMENT',
             '작성하신 거래 후기 글에 댓글이 달렸습니다.',
             'POST', 5, 'Y', SYSDATE - 3
         );

-- LIKE 알림
INSERT INTO notification (
    notification_id, member_id, notif_type, message,
    link_type, link_target_id, read_yn, created_at
) VALUES (
             6, 1, 'LIKE',
             '회원님의 게시글을 5명이 좋아합니다.',
             'POST', 1, 'N', SYSDATE - 3
         );

INSERT INTO notification (
    notification_id, member_id, notif_type, message,
    link_type, link_target_id, read_yn, created_at
) VALUES (
             7, 2, 'LIKE',
             '작성하신 리뷰에 새로운 좋아요가 추가되었습니다.',
             'POST', 6, 'Y', SYSDATE - 3
         );

INSERT INTO notification (
    notification_id, member_id, notif_type, message,
    link_type, link_target_id, read_yn, created_at
) VALUES (
             8, 3, 'LIKE',
             '북마크한 팝업 후기 글에 좋아요 10개가 달렸습니다.',
             'POST', 7, 'N', SYSDATE - 2
         );

INSERT INTO notification (
    notification_id, member_id, notif_type, message,
    link_type, link_target_id, read_yn, created_at
) VALUES (
             9, 4, 'LIKE',
             '회원님의 댓글을 다른 사용자가 좋아합니다.',
             'POST', 8, 'Y', SYSDATE - 2
         );

INSERT INTO notification (
    notification_id, member_id, notif_type, message,
    link_type, link_target_id, read_yn, created_at
) VALUES (
             10, 5, 'LIKE',
             '작성하신 거래 글이 인기 글로 선정되었습니다.',
             'POST', 9, 'N', SYSDATE - 2
         );

-- TRADE 알림
INSERT INTO notification (
    notification_id, member_id, notif_type, message,
    link_type, link_target_id, read_yn, created_at
) VALUES (
             11, 6, 'TRADE',
             '등록하신 거래 글에 새로운 신청이 도착했습니다.',
             'TRADE', 101, 'N', SYSDATE - 1
         );

INSERT INTO notification (
    notification_id, member_id, notif_type, message,
    link_type, link_target_id, read_yn, created_at
) VALUES (
             12, 7, 'TRADE',
             '상대방이 거래 요청을 수락했습니다.',
             'TRADE', 102, 'Y', SYSDATE - 1
         );

INSERT INTO notification (
    notification_id, member_id, notif_type, message,
    link_type, link_target_id, read_yn, created_at
) VALUES (
             13, 8, 'TRADE',
             '거래가 완료 상태로 변경되었습니다. 후기를 남겨보세요.',
             'TRADE', 103, 'N', SYSDATE
         );

INSERT INTO notification (
    notification_id, member_id, notif_type, message,
    link_type, link_target_id, read_yn, created_at
) VALUES (
             14, 9, 'TRADE',
             '거래 일정이 오늘로 예정되어 있습니다. 약속 시간을 다시 한 번 확인해 주세요.',
             'TRADE', 104, 'N', SYSDATE
         );

-- EVENT / POPUP / STORE 알림
INSERT INTO notification (
    notification_id, member_id, notif_type, message,
    link_type, link_target_id, read_yn, created_at
) VALUES (
             15, 10, 'EVENT',
             '관심 등록한 팝업스토어의 오픈 D-1입니다.',
             'POPUP', 1, 'N', SYSDATE - 1
         );

INSERT INTO notification (
    notification_id, member_id, notif_type, message,
    link_type, link_target_id, read_yn, created_at
) VALUES (
             16, 1, 'EVENT',
             '한정 굿즈 증정 이벤트가 곧 마감됩니다. 지금 참여해 보세요.',
             'EVENT', 2001, 'Y', SYSDATE - 1
         );

INSERT INTO notification (
    notification_id, member_id, notif_type, message,
    link_type, link_target_id, read_yn, created_at
) VALUES (
             17, 2, 'EVENT',
             '지난 이벤트에 당첨되셨습니다. 마이페이지에서 당첨 내역을 확인해 주세요.',
             'EVENT', 2002, 'N', SYSDATE
         );

INSERT INTO notification (
    notification_id, member_id, notif_type, message,
    link_type, link_target_id, read_yn, created_at
) VALUES (
             18, 3, 'EVENT',
             '오늘 방문 시 사용 가능한 전용 쿠폰이 발급되었습니다.',
             'EVENT', 2003, 'N', SYSDATE
         );

INSERT INTO notification (
    notification_id, member_id, notif_type, message,
    link_type, link_target_id, read_yn, created_at
) VALUES (
             19, 4, 'STORE',
             '즐겨찾기한 매장에 신규 굿즈가 입고되었습니다.',
             'STORE', 10, 'N', SYSDATE
         );

INSERT INTO notification (
    notification_id, member_id, notif_type, message,
    link_type, link_target_id, read_yn, created_at
) VALUES (
             20, 5, 'STORE',
             '즐겨찾기한 매장의 영업 시간이 오늘만 단축 운영됩니다.',
             'STORE', 11, 'Y', SYSDATE
         );
INSERT INTO popup_bookmark (member_id, popup_id, created_at)
VALUES (1, 1, SYSDATE - 10);

INSERT INTO popup_bookmark (member_id, popup_id, created_at)
VALUES (1, 2, SYSDATE - 9);

INSERT INTO popup_bookmark (member_id, popup_id, created_at)
VALUES (2, 1, SYSDATE - 8);

INSERT INTO popup_bookmark (member_id, popup_id, created_at)
VALUES (2, 3, SYSDATE - 7);

INSERT INTO popup_bookmark (member_id, popup_id, created_at)
VALUES (3, 2, SYSDATE - 6);

INSERT INTO popup_bookmark (member_id, popup_id, created_at)
VALUES (3, 4, SYSDATE - 5);

INSERT INTO popup_bookmark (member_id, popup_id, created_at)
VALUES (4, 3, SYSDATE - 4);

INSERT INTO popup_bookmark (member_id, popup_id, created_at)
VALUES (4, 5, SYSDATE - 3);

INSERT INTO popup_bookmark (member_id, popup_id, created_at)
VALUES (5, 4, SYSDATE - 2);

INSERT INTO popup_bookmark (member_id, popup_id, created_at)
VALUES (5, 5, SYSDATE - 1);
INSERT INTO recommended_search(rec_id,keyword,target_type,sort_order,active_yn) VALUES(1,'홍대 팝업스토어','STORE',1,'Y');
INSERT INTO recommended_search(rec_id,keyword,target_type,sort_order,active_yn) VALUES(2,'강남 아이돌 굿즈','STORE',2,'Y');
INSERT INTO recommended_search(rec_id,keyword,target_type,sort_order,active_yn) VALUES(3,'포토카드 랜덤팩','GOODS',3,'Y');
INSERT INTO recommended_search(rec_id,keyword,target_type,sort_order,active_yn) VALUES(4,'피규어 한정판','GOODS',4,'Y');
INSERT INTO recommended_search(rec_id,keyword,target_type,sort_order,active_yn) VALUES(5,'팝업 굿즈 교환','GOODS',5,'Y');
INSERT INTO recommended_search(rec_id,keyword,target_type,sort_order,active_yn) VALUES(6,'카페 콜라보','STORE',6,'Y');
INSERT INTO recommended_search(rec_id,keyword,target_type,sort_order,active_yn) VALUES(7,'애니메이션 굿즈','GOODS',7,'Y');
INSERT INTO recommended_search(rec_id,keyword,target_type,sort_order,active_yn) VALUES(8,'게임 한정 굿즈','GOODS',8,'Y');
INSERT INTO recommended_search(rec_id,keyword,target_type,sort_order,active_yn) VALUES(9,'응원봉','GOODS',9,'Y');
INSERT INTO recommended_search(rec_id,keyword,target_type,sort_order,active_yn) VALUES(10,'랜덤박스','GOODS',10,'Y');
INSERT INTO recommended_search(rec_id,keyword,target_type,sort_order,active_yn) VALUES(11,'팝업 일정','STORE',11,'Y');
INSERT INTO recommended_search(rec_id,keyword,target_type,sort_order,active_yn) VALUES(12,'굿즈로드 신규 매장','STORE',12,'Y');
INSERT INTO recommended_search(rec_id,keyword,target_type,sort_order,active_yn) VALUES(13,'중고 굿즈 거래','GOODS',13,'Y');
INSERT INTO recommended_search(rec_id,keyword,target_type,sort_order,active_yn) VALUES(14,'특전 포카','GOODS',14,'Y');
INSERT INTO recommended_search(rec_id,keyword,target_type,sort_order,active_yn) VALUES(15,'아이돌 팬사인회 굿즈','GOODS',15,'Y');
INSERT INTO recommended_search(rec_id,keyword,target_type,sort_order,active_yn) VALUES(16,'서울 팝업 지도','STORE',16,'Y');
INSERT INTO recommended_search(rec_id,keyword,target_type,sort_order,active_yn) VALUES(17,'브랜드 콜라보 팝업','STORE',17,'Y');
INSERT INTO recommended_search(rec_id,keyword,target_type,sort_order,active_yn) VALUES(18,'코스프레 소품','GOODS',18,'Y');
INSERT INTO recommended_search(rec_id,keyword,target_type,sort_order,active_yn) VALUES(19,'지난 시즌 굿즈','GOODS',19,'N');
INSERT INTO recommended_search(rec_id,keyword,target_type,sort_order,active_yn) VALUES(20,'품절 임박 굿즈','GOODS',20,'Y');
--
INSERT INTO search_log(search_id,member_id,keyword,target_type,target_id,created_at) VALUES(1,1,'홍대 팝업스토어','STORE',1,SYSDATE-10);
INSERT INTO search_log(search_id,member_id,keyword,target_type,target_id,created_at) VALUES(2,2,'강남 아이돌 굿즈','STORE',2,SYSDATE-10);
INSERT INTO search_log(search_id,member_id,keyword,target_type,target_id,created_at) VALUES(3,3,'포토카드 랜덤팩','GOODS',10,SYSDATE-9);
INSERT INTO search_log(search_id,member_id,keyword,target_type,target_id,created_at) VALUES(4,4,'피규어 한정판','GOODS',11,SYSDATE-9);
INSERT INTO search_log(search_id,member_id,keyword,target_type,target_id,created_at) VALUES(5,5,'팝업 굿즈 교환','GOODS',12,SYSDATE-8);
INSERT INTO search_log(search_id,member_id,keyword,target_type,target_id,created_at) VALUES(6,1,'카페 콜라보','STORE',3,SYSDATE-8);
INSERT INTO search_log(search_id,member_id,keyword,target_type,target_id,created_at) VALUES(7,2,'애니메이션 굿즈','GOODS',13,SYSDATE-7);
INSERT INTO search_log(search_id,member_id,keyword,target_type,target_id,created_at) VALUES(8,3,'게임 한정 굿즈','GOODS',14,SYSDATE-7);
INSERT INTO search_log(search_id,member_id,keyword,target_type,target_id,created_at) VALUES(9,4,'응원봉','GOODS',15,SYSDATE-6);
INSERT INTO search_log(search_id,member_id,keyword,target_type,target_id,created_at) VALUES(10,5,'랜덤박스','GOODS',16,SYSDATE-6);
INSERT INTO search_log(search_id,member_id,keyword,target_type,target_id,created_at) VALUES(11,1,'팝업 일정','STORE',4,SYSDATE-5);
INSERT INTO search_log(search_id,member_id,keyword,target_type,target_id,created_at) VALUES(12,2,'굿즈로드 신규 매장','STORE',5,SYSDATE-5);
INSERT INTO search_log(search_id,member_id,keyword,target_type,target_id,created_at) VALUES(13,3,'중고 굿즈 거래','GOODS',17,SYSDATE-4);
INSERT INTO search_log(search_id,member_id,keyword,target_type,target_id,created_at) VALUES(14,4,'특전 포카','GOODS',18,SYSDATE-4);
INSERT INTO search_log(search_id,member_id,keyword,target_type,target_id,created_at) VALUES(15,5,'아이돌 팬사인회 굿즈','GOODS',19,SYSDATE-3);
INSERT INTO search_log(search_id,member_id,keyword,target_type,target_id,created_at) VALUES(16,NULL,'서울 팝업 지도','STORE',6,SYSDATE-3);
INSERT INTO search_log(search_id,member_id,keyword,target_type,target_id,created_at) VALUES(17,NULL,'브랜드 콜라보 팝업','STORE',7,SYSDATE-2);
INSERT INTO search_log(search_id,member_id,keyword,target_type,target_id,created_at) VALUES(18,3,'코스프레 소품','GOODS',20,SYSDATE-2);
INSERT INTO search_log(search_id,member_id,keyword,target_type,target_id,created_at) VALUES(19,4,'지난 시즌 굿즈','GOODS',21,SYSDATE-1);
INSERT INTO search_log(search_id,member_id,keyword,target_type,target_id,created_at) VALUES(20,5,'품절 임박 굿즈','GOODS',22,SYSDATE-1);

INSERT INTO search_log(search_id,member_id,keyword,target_type,target_id,created_at) VALUES(21,1,'홍대 팝업스토어','STORE',1,SYSDATE-10);
INSERT INTO search_log(search_id,member_id,keyword,target_type,target_id,created_at) VALUES(22,2,'강남 아이돌 굿즈','STORE',2,SYSDATE-10);
INSERT INTO search_log(search_id,member_id,keyword,target_type,target_id,created_at) VALUES(23,3,'포토카드 랜덤팩','GOODS',10,SYSDATE-9);
INSERT INTO search_log(search_id,member_id,keyword,target_type,target_id,created_at) VALUES(24,4,'피규어 한정판','GOODS',11,SYSDATE-9);
INSERT INTO search_log(search_id,member_id,keyword,target_type,target_id,created_at) VALUES(25,5,'팝업 굿즈 교환','GOODS',12,SYSDATE-8);
INSERT INTO search_log(search_id,member_id,keyword,target_type,target_id,created_at) VALUES(26,1,'카페 콜라보','STORE',3,SYSDATE-8);
INSERT INTO search_log(search_id,member_id,keyword,target_type,target_id,created_at) VALUES(27,2,'애니메이션 굿즈','GOODS',13,SYSDATE-7);
INSERT INTO search_log(search_id,member_id,keyword,target_type,target_id,created_at) VALUES(28,3,'게임 한정 굿즈','GOODS',14,SYSDATE-7);
INSERT INTO search_log(search_id,member_id,keyword,target_type,target_id,created_at) VALUES(29,4,'응원봉','GOODS',15,SYSDATE-6);
INSERT INTO search_log(search_id,member_id,keyword,target_type,target_id,created_at) VALUES(30,5,'랜덤박스','GOODS',16,SYSDATE-6);
INSERT INTO search_log(search_id,member_id,keyword,target_type,target_id,created_at) VALUES(31,1,'팝업 일정','STORE',4,SYSDATE-5);
INSERT INTO search_log(search_id,member_id,keyword,target_type,target_id,created_at) VALUES(32,2,'굿즈로드 신규 매장','STORE',5,SYSDATE-5);
INSERT INTO search_log(search_id,member_id,keyword,target_type,target_id,created_at) VALUES(33,3,'중고 굿즈 거래','GOODS',17,SYSDATE-4);
INSERT INTO search_log(search_id,member_id,keyword,target_type,target_id,created_at) VALUES(34,4,'특전 포카','GOODS',18,SYSDATE-4);
INSERT INTO search_log(search_id,member_id,keyword,target_type,target_id,created_at) VALUES(35,5,'아이돌 팬사인회 굿즈','GOODS',19,SYSDATE-3);
INSERT INTO search_log(search_id,member_id,keyword,target_type,target_id,created_at) VALUES(36,NULL,'서울 팝업 지도','STORE',6,SYSDATE-3);
INSERT INTO search_log(search_id,member_id,keyword,target_type,target_id,created_at) VALUES(37,NULL,'브랜드 콜라보 팝업','STORE',7,SYSDATE-2);
INSERT INTO search_log(search_id,member_id,keyword,target_type,target_id,created_at) VALUES(38,3,'코스프레 소품','GOODS',20,SYSDATE-2);
INSERT INTO search_log(search_id,member_id,keyword,target_type,target_id,created_at) VALUES(39,4,'지난 시즌 굿즈','GOODS',21,SYSDATE-1);
INSERT INTO search_log(search_id,member_id,keyword,target_type,target_id,created_at) VALUES(40,5,'품절 임박 굿즈','GOODS',22,SYSDATE-1);

INSERT INTO search_log(search_id,member_id,keyword,target_type,target_id,created_at) VALUES(41,1,'홍대 팝업스토어','STORE',1,SYSDATE-10);
INSERT INTO search_log(search_id,member_id,keyword,target_type,target_id,created_at) VALUES(42,2,'강남 아이돌 굿즈','STORE',2,SYSDATE-10);
INSERT INTO search_log(search_id,member_id,keyword,target_type,target_id,created_at) VALUES(43,3,'포토카드 랜덤팩','GOODS',10,SYSDATE-9);
INSERT INTO search_log(search_id,member_id,keyword,target_type,target_id,created_at) VALUES(44,4,'피규어 한정판','GOODS',11,SYSDATE-9);
INSERT INTO search_log(search_id,member_id,keyword,target_type,target_id,created_at) VALUES(45,5,'팝업 굿즈 교환','GOODS',12,SYSDATE-8);
INSERT INTO search_log(search_id,member_id,keyword,target_type,target_id,created_at) VALUES(46,1,'카페 콜라보','STORE',3,SYSDATE-8);
INSERT INTO search_log(search_id,member_id,keyword,target_type,target_id,created_at) VALUES(47,2,'애니메이션 굿즈','GOODS',13,SYSDATE-7);
INSERT INTO search_log(search_id,member_id,keyword,target_type,target_id,created_at) VALUES(48,3,'게임 한정 굿즈','GOODS',14,SYSDATE-7);
INSERT INTO search_log(search_id,member_id,keyword,target_type,target_id,created_at) VALUES(49,4,'응원봉','GOODS',15,SYSDATE-6);
INSERT INTO search_log(search_id,member_id,keyword,target_type,target_id,created_at) VALUES(50,5,'랜덤박스','GOODS',16,SYSDATE-6);
INSERT INTO search_log(search_id,member_id,keyword,target_type,target_id,created_at) VALUES(51,1,'팝업 일정','STORE',4,SYSDATE-5);
INSERT INTO search_log(search_id,member_id,keyword,target_type,target_id,created_at) VALUES(52,2,'굿즈로드 신규 매장','STORE',5,SYSDATE-5);
INSERT INTO search_log(search_id,member_id,keyword,target_type,target_id,created_at) VALUES(53,3,'중고 굿즈 거래','GOODS',17,SYSDATE-4);
INSERT INTO search_log(search_id,member_id,keyword,target_type,target_id,created_at) VALUES(54,4,'특전 포카','GOODS',18,SYSDATE-4);
INSERT INTO search_log(search_id,member_id,keyword,target_type,target_id,created_at) VALUES(55,5,'아이돌 팬사인회 굿즈','GOODS',19,SYSDATE-3);
INSERT INTO search_log(search_id,member_id,keyword,target_type,target_id,created_at) VALUES(56,NULL,'서울 팝업 지도','STORE',6,SYSDATE-3);
INSERT INTO search_log(search_id,member_id,keyword,target_type,target_id,created_at) VALUES(57,NULL,'브랜드 콜라보 팝업','STORE',7,SYSDATE-2);
INSERT INTO search_log(search_id,member_id,keyword,target_type,target_id,created_at) VALUES(58,3,'코스프레 소품','GOODS',20,SYSDATE-2);
INSERT INTO search_log(search_id,member_id,keyword,target_type,target_id,created_at) VALUES(59,4,'지난 시즌 굿즈','GOODS',21,SYSDATE-1);
INSERT INTO search_log(search_id,member_id,keyword,target_type,target_id,created_at) VALUES(60,5,'품절 임박 굿즈','GOODS',22,SYSDATE-1);

INSERT INTO search_log(search_id,member_id,keyword,target_type,target_id,created_at) VALUES(61,1,'홍대 팝업스토어','STORE',1,SYSDATE-10);
INSERT INTO search_log(search_id,member_id,keyword,target_type,target_id,created_at) VALUES(62,2,'강남 아이돌 굿즈','STORE',2,SYSDATE-10);
INSERT INTO search_log(search_id,member_id,keyword,target_type,target_id,created_at) VALUES(63,3,'포토카드 랜덤팩','GOODS',10,SYSDATE-9);
INSERT INTO search_log(search_id,member_id,keyword,target_type,target_id,created_at) VALUES(64,4,'피규어 한정판','GOODS',11,SYSDATE-9);
INSERT INTO search_log(search_id,member_id,keyword,target_type,target_id,created_at) VALUES(65,5,'팝업 굿즈 교환','GOODS',12,SYSDATE-8);
INSERT INTO search_log(search_id,member_id,keyword,target_type,target_id,created_at) VALUES(66,1,'카페 콜라보','STORE',3,SYSDATE-8);
INSERT INTO search_log(search_id,member_id,keyword,target_type,target_id,created_at) VALUES(67,2,'애니메이션 굿즈','GOODS',13,SYSDATE-7);
INSERT INTO search_log(search_id,member_id,keyword,target_type,target_id,created_at) VALUES(68,3,'게임 한정 굿즈','GOODS',14,SYSDATE-7);
INSERT INTO search_log(search_id,member_id,keyword,target_type,target_id,created_at) VALUES(69,4,'응원봉','GOODS',15,SYSDATE-6);
INSERT INTO search_log(search_id,member_id,keyword,target_type,target_id,created_at) VALUES(70,5,'랜덤박스','GOODS',16,SYSDATE-6);
INSERT INTO search_log(search_id,member_id,keyword,target_type,target_id,created_at) VALUES(71,1,'팝업 일정','STORE',4,SYSDATE-5);
INSERT INTO search_log(search_id,member_id,keyword,target_type,target_id,created_at) VALUES(72,2,'굿즈로드 신규 매장','STORE',5,SYSDATE-5);
INSERT INTO search_log(search_id,member_id,keyword,target_type,target_id,created_at) VALUES(73,3,'중고 굿즈 거래','GOODS',17,SYSDATE-4);
INSERT INTO search_log(search_id,member_id,keyword,target_type,target_id,created_at) VALUES(74,4,'특전 포카','GOODS',18,SYSDATE-4);
INSERT INTO search_log(search_id,member_id,keyword,target_type,target_id,created_at) VALUES(75,5,'아이돌 팬사인회 굿즈','GOODS',19,SYSDATE-3);
INSERT INTO search_log(search_id,member_id,keyword,target_type,target_id,created_at) VALUES(76,NULL,'서울 팝업 지도','STORE',6,SYSDATE-3);
INSERT INTO search_log(search_id,member_id,keyword,target_type,target_id,created_at) VALUES(77,NULL,'브랜드 콜라보 팝업','STORE',7,SYSDATE-2);
INSERT INTO search_log(search_id,member_id,keyword,target_type,target_id,created_at) VALUES(78,3,'코스프레 소품','GOODS',20,SYSDATE-2);
INSERT INTO search_log(search_id,member_id,keyword,target_type,target_id,created_at) VALUES(79,4,'지난 시즌 굿즈','GOODS',21,SYSDATE-1);
INSERT INTO search_log(search_id,member_id,keyword,target_type,target_id,created_at) VALUES(80,5,'품절 임박 굿즈','GOODS',22,SYSDATE-1);

INSERT INTO search_log(search_id,member_id,keyword,target_type,target_id,created_at) VALUES(81,1,'홍대 팝업스토어','STORE',1,SYSDATE-10);
INSERT INTO search_log(search_id,member_id,keyword,target_type,target_id,created_at) VALUES(82,2,'강남 아이돌 굿즈','STORE',2,SYSDATE-10);
INSERT INTO search_log(search_id,member_id,keyword,target_type,target_id,created_at) VALUES(83,3,'포토카드 랜덤팩','GOODS',10,SYSDATE-9);
INSERT INTO search_log(search_id,member_id,keyword,target_type,target_id,created_at) VALUES(84,4,'피규어 한정판','GOODS',11,SYSDATE-9);
INSERT INTO search_log(search_id,member_id,keyword,target_type,target_id,created_at) VALUES(85,5,'팝업 굿즈 교환','GOODS',12,SYSDATE-8);
INSERT INTO search_log(search_id,member_id,keyword,target_type,target_id,created_at) VALUES(86,1,'카페 콜라보','STORE',3,SYSDATE-8);
INSERT INTO search_log(search_id,member_id,keyword,target_type,target_id,created_at) VALUES(87,2,'애니메이션 굿즈','GOODS',13,SYSDATE-7);
INSERT INTO search_log(search_id,member_id,keyword,target_type,target_id,created_at) VALUES(88,3,'게임 한정 굿즈','GOODS',14,SYSDATE-7);
INSERT INTO search_log(search_id,member_id,keyword,target_type,target_id,created_at) VALUES(89,4,'응원봉','GOODS',15,SYSDATE-6);
INSERT INTO search_log(search_id,member_id,keyword,target_type,target_id,created_at) VALUES(90,5,'랜덤박스','GOODS',16,SYSDATE-6);
INSERT INTO search_log(search_id,member_id,keyword,target_type,target_id,created_at) VALUES(91,1,'팝업 일정','STORE',4,SYSDATE-5);
INSERT INTO search_log(search_id,member_id,keyword,target_type,target_id,created_at) VALUES(92,2,'굿즈로드 신규 매장','STORE',5,SYSDATE-5);
INSERT INTO search_log(search_id,member_id,keyword,target_type,target_id,created_at) VALUES(93,3,'중고 굿즈 거래','GOODS',17,SYSDATE-4);
INSERT INTO search_log(search_id,member_id,keyword,target_type,target_id,created_at) VALUES(94,4,'특전 포카','GOODS',18,SYSDATE-4);
INSERT INTO search_log(search_id,member_id,keyword,target_type,target_id,created_at) VALUES(95,5,'아이돌 팬사인회 굿즈','GOODS',19,SYSDATE-3);
INSERT INTO search_log(search_id,member_id,keyword,target_type,target_id,created_at) VALUES(96,NULL,'서울 팝업 지도','STORE',6,SYSDATE-3);
INSERT INTO search_log(search_id,member_id,keyword,target_type,target_id,created_at) VALUES(97,NULL,'브랜드 콜라보 팝업','STORE',7,SYSDATE-2);
INSERT INTO search_log(search_id,member_id,keyword,target_type,target_id,created_at) VALUES(98,3,'코스프레 소품','GOODS',20,SYSDATE-2);
INSERT INTO search_log(search_id,member_id,keyword,target_type,target_id,created_at) VALUES(99,4,'지난 시즌 굿즈','GOODS',21,SYSDATE-1);
INSERT INTO search_log(search_id,member_id,keyword,target_type,target_id,created_at) VALUES(100,5,'품절 임박 굿즈','GOODS',22,SYSDATE-1);
INSERT INTO service_notice(notice_id,title,content,notice_type,start_date,end_date,created_at)
VALUES(1,'굿즈로드 서비스 오픈 안내',
       '굿즈로드 서비스를 이용해 주셔서 감사합니다. 정식 오픈과 함께 다양한 팝업스토어 및 굿즈 정보를 제공해 드립니다.',
       'NOTICE',SYSDATE-30,NULL,SYSDATE-30);

INSERT INTO service_notice(notice_id,title,content,notice_type,start_date,end_date,created_at)
VALUES(2,'개인정보 처리방침 개정 안내',
       '서비스 이용 약관 및 개인정보 처리방침이 개정되었습니다. 자세한 내용은 공지 상세 페이지를 통해 확인해 주세요.',
       'UPDATE',SYSDATE-20,NULL,SYSDATE-20);

INSERT INTO service_notice(notice_id,title,content,notice_type,start_date,end_date,created_at)
VALUES(3,'서버 점검 안내(00:00~04:00)',
       '더 안정적인 서비스 제공을 위해 새벽 시간대 서버 점검을 진행합니다. 점검 시간 동안 일부 기능 이용이 제한될 수 있습니다.',
       'NOTICE',SYSDATE-10,SYSDATE-9,SYSDATE-10);

INSERT INTO service_notice(notice_id,title,content,notice_type,start_date,end_date,created_at)
VALUES(4,'굿즈로드 앱 업데이트 안내',
       '새로운 버전의 앱이 출시되었습니다. 검색 속도 개선 및 버그 수정이 포함되어 있으니 업데이트 후 이용을 권장드립니다.',
       'UPDATE',SYSDATE-7,NULL,SYSDATE-7);

INSERT INTO service_notice(notice_id,title,content,notice_type,start_date,end_date,created_at)
VALUES(5,'오픈 기념 포인트 2배 적립 이벤트',
       '이벤트 기간 동안 매장 및 온라인에서 결제 시 기본 적립 포인트가 2배로 제공됩니다. 자세한 조건은 이벤트 상세를 확인해 주세요.',
       'EVENT',SYSDATE-5,SYSDATE+5,SYSDATE-5);

INSERT INTO service_notice(notice_id,title,content,notice_type,start_date,end_date,created_at)
VALUES(6,'팝업스토어 방문 인증 이벤트 안내',
       '지정된 팝업스토어 방문 후 인증샷을 업로드하면 추첨을 통해 한정 굿즈를 드립니다. 참여 방법은 이벤트 상세 페이지에서 확인 가능합니다.',
       'EVENT',SYSDATE-3,SYSDATE+7,SYSDATE-3);

INSERT INTO service_notice(notice_id,title,content,notice_type,start_date,end_date,created_at)
VALUES(7,'고객센터 운영 시간 변경 안내',
       '내부 사정으로 인해 고객센터 상담 가능 시간이 평일 10:00~18:00으로 변경됩니다. 챗봇 상담은 24시간 이용 가능합니다.',
       'NOTICE',SYSDATE-2,NULL,SYSDATE-2);

INSERT INTO service_notice(notice_id,title,content,notice_type,start_date,end_date,created_at)
VALUES(8,'검색 기능 개선 업데이트',
       '검색 랭킹 및 추천 검색어 기능이 개선되었습니다. 자주 찾는 팝업과 굿즈를 더 빠르게 찾을 수 있습니다.',
       'UPDATE',SYSDATE-1,NULL,SYSDATE-1);

INSERT INTO service_notice(notice_id,title,content,notice_type,start_date,end_date,created_at)
VALUES(9,'시스템 점검 완료 안내',
       '예정되었던 시스템 점검이 정상적으로 완료되었습니다. 현재 모든 서비스를 안정적으로 이용하실 수 있습니다.',
       'NOTICE',SYSDATE-1,SYSDATE-1,SYSDATE-1);

INSERT INTO service_notice(notice_id,title,content,notice_type,start_date,end_date,created_at)
VALUES(10,'연말 굿즈 페스티벌 사전 안내',
       '연말을 맞아 대규모 굿즈 페스티벌을 준비 중입니다. 참여 브랜드와 상세 일정은 추후 별도 공지를 통해 안내해 드리겠습니다.',
       'EVENT',SYSDATE+7,SYSDATE+30,SYSDATE);
INSERT INTO store_bookmark(member_id,store_id,created_at) VALUES(1,1,SYSDATE-10);
INSERT INTO store_bookmark(member_id,store_id,created_at) VALUES(1,2,SYSDATE-9);
INSERT INTO store_bookmark(member_id,store_id,created_at) VALUES(2,3,SYSDATE-8);
INSERT INTO store_bookmark(member_id,store_id,created_at) VALUES(2,4,SYSDATE-8);
INSERT INTO store_bookmark(member_id,store_id,created_at) VALUES(3,5,SYSDATE-7);
INSERT INTO store_bookmark(member_id,store_id,created_at) VALUES(3,6,SYSDATE-7);
INSERT INTO store_bookmark(member_id,store_id,created_at) VALUES(4,7,SYSDATE-6);
INSERT INTO store_bookmark(member_id,store_id,created_at) VALUES(4,8,SYSDATE-6);
INSERT INTO store_bookmark(member_id,store_id,created_at) VALUES(5,9,SYSDATE-5);
INSERT INTO store_bookmark(member_id,store_id,created_at) VALUES(5,10,SYSDATE-5);
INSERT INTO store_bookmark(member_id,store_id,created_at) VALUES(6,11,SYSDATE-4);
INSERT INTO store_bookmark(member_id,store_id,created_at) VALUES(6,12,SYSDATE-4);
INSERT INTO store_bookmark(member_id,store_id,created_at) VALUES(7,13,SYSDATE-3);
INSERT INTO store_bookmark(member_id,store_id,created_at) VALUES(7,14,SYSDATE-3);
INSERT INTO store_bookmark(member_id,store_id,created_at) VALUES(8,15,SYSDATE-2);
INSERT INTO store_bookmark(member_id,store_id,created_at) VALUES(8,16,SYSDATE-2);
INSERT INTO store_bookmark(member_id,store_id,created_at) VALUES(9,17,SYSDATE-1);
INSERT INTO store_bookmark(member_id,store_id,created_at) VALUES(9,18,SYSDATE-1);
INSERT INTO store_bookmark(member_id,store_id,created_at) VALUES(10,19,SYSDATE);
INSERT INTO store_bookmark(member_id,store_id,created_at) VALUES(10,20,SYSDATE);
INSERT INTO trade_post(trade_id,seller_id,title,content,goods_name,work_name,character_name,category,price,trade_type,trade_method,region,status,view_count,like_count,created_at,updated_at,deleted_yn) VALUES(1,1,'굿즈 거래글','테스트용 더미 데이터입니다.','더미굿즈','더미작품','더미캐릭터','포카',10000,'SELL','DIRECT','서울 홍대','ON_SALE',0,0,SYSDATE-1,NULL,'N');
INSERT INTO trade_post(trade_id,seller_id,title,content,goods_name,work_name,character_name,category,price,trade_type,trade_method,region,status,view_count,like_count,created_at,updated_at,deleted_yn) VALUES(2,1,'굿즈 거래글','테스트용 더미 데이터입니다.','더미굿즈','더미작품','더미캐릭터','포카',10000,'SELL','DIRECT','서울 홍대','ON_SALE',0,0,SYSDATE-1,NULL,'N');
INSERT INTO trade_post(trade_id,seller_id,title,content,goods_name,work_name,character_name,category,price,trade_type,trade_method,region,status,view_count,like_count,created_at,updated_at,deleted_yn) VALUES(3,1,'굿즈 거래글','테스트용 더미 데이터입니다.','더미굿즈','더미작품','더미캐릭터','포카',10000,'SELL','DIRECT','서울 홍대','ON_SALE',0,0,SYSDATE-1,NULL,'N');
INSERT INTO trade_post(trade_id,seller_id,title,content,goods_name,work_name,character_name,category,price,trade_type,trade_method,region,status,view_count,like_count,created_at,updated_at,deleted_yn) VALUES(4,1,'굿즈 거래글','테스트용 더미 데이터입니다.','더미굿즈','더미작품','더미캐릭터','포카',10000,'SELL','DIRECT','서울 홍대','ON_SALE',0,0,SYSDATE-1,NULL,'N');
INSERT INTO trade_post(trade_id,seller_id,title,content,goods_name,work_name,character_name,category,price,trade_type,trade_method,region,status,view_count,like_count,created_at,updated_at,deleted_yn) VALUES(5,1,'굿즈 거래글','테스트용 더미 데이터입니다.','더미굿즈','더미작품','더미캐릭터','포카',10000,'SELL','DIRECT','서울 홍대','ON_SALE',0,0,SYSDATE-1,NULL,'N');
INSERT INTO trade_post(trade_id,seller_id,title,content,goods_name,work_name,character_name,category,price,trade_type,trade_method,region,status,view_count,like_count,created_at,updated_at,deleted_yn) VALUES(6,1,'굿즈 거래글','테스트용 더미 데이터입니다.','더미굿즈','더미작품','더미캐릭터','포카',10000,'SELL','DIRECT','서울 홍대','ON_SALE',0,0,SYSDATE-1,NULL,'N');
INSERT INTO trade_post(trade_id,seller_id,title,content,goods_name,work_name,character_name,category,price,trade_type,trade_method,region,status,view_count,like_count,created_at,updated_at,deleted_yn) VALUES(7,1,'굿즈 거래글','테스트용 더미 데이터입니다.','더미굿즈','더미작품','더미캐릭터','포카',10000,'SELL','DIRECT','서울 홍대','ON_SALE',0,0,SYSDATE-1,NULL,'N');
INSERT INTO trade_post(trade_id,seller_id,title,content,goods_name,work_name,character_name,category,price,trade_type,trade_method,region,status,view_count,like_count,created_at,updated_at,deleted_yn) VALUES(8,1,'굿즈 거래글','테스트용 더미 데이터입니다.','더미굿즈','더미작품','더미캐릭터','포카',10000,'SELL','DIRECT','서울 홍대','ON_SALE',0,0,SYSDATE-1,NULL,'N');
INSERT INTO trade_post(trade_id,seller_id,title,content,goods_name,work_name,character_name,category,price,trade_type,trade_method,region,status,view_count,like_count,created_at,updated_at,deleted_yn) VALUES(9,1,'굿즈 거래글','테스트용 더미 데이터입니다.','더미굿즈','더미작품','더미캐릭터','포카',10000,'SELL','DIRECT','서울 홍대','ON_SALE',0,0,SYSDATE-1,NULL,'N');
INSERT INTO trade_post(trade_id,seller_id,title,content,goods_name,work_name,character_name,category,price,trade_type,trade_method,region,status,view_count,like_count,created_at,updated_at,deleted_yn) VALUES(10,1,'굿즈 거래글','테스트용 더미 데이터입니다.','더미굿즈','더미작품','더미캐릭터','포카',10000,'SELL','DIRECT','서울 홍대','ON_SALE',0,0,SYSDATE-1,NULL,'N');

INSERT INTO trade_post(trade_id,seller_id,title,content,goods_name,work_name,character_name,category,price,trade_type,trade_method,region,status,view_count,like_count,created_at,updated_at,deleted_yn) VALUES(11,1,'굿즈 거래글','테스트용 더미 데이터입니다.','더미굿즈','더미작품','더미캐릭터','포카',10000,'SELL','DIRECT','서울 홍대','ON_SALE',0,0,SYSDATE-1,NULL,'N');
INSERT INTO trade_post(trade_id,seller_id,title,content,goods_name,work_name,character_name,category,price,trade_type,trade_method,region,status,view_count,like_count,created_at,updated_at,deleted_yn) VALUES(12,1,'굿즈 거래글','테스트용 더미 데이터입니다.','더미굿즈','더미작품','더미캐릭터','포카',10000,'SELL','DIRECT','서울 홍대','ON_SALE',0,0,SYSDATE-1,NULL,'N');
INSERT INTO trade_post(trade_id,seller_id,title,content,goods_name,work_name,character_name,category,price,trade_type,trade_method,region,status,view_count,like_count,created_at,updated_at,deleted_yn) VALUES(13,1,'굿즈 거래글','테스트용 더미 데이터입니다.','더미굿즈','더미작품','더미캐릭터','포카',10000,'SELL','DIRECT','서울 홍대','ON_SALE',0,0,SYSDATE-1,NULL,'N');
INSERT INTO trade_post(trade_id,seller_id,title,content,goods_name,work_name,character_name,category,price,trade_type,trade_method,region,status,view_count,like_count,created_at,updated_at,deleted_yn) VALUES(14,1,'굿즈 거래글','테스트용 더미 데이터입니다.','더미굿즈','더미작품','더미캐릭터','포카',10000,'SELL','DIRECT','서울 홍대','ON_SALE',0,0,SYSDATE-1,NULL,'N');
INSERT INTO trade_post(trade_id,seller_id,title,content,goods_name,work_name,character_name,category,price,trade_type,trade_method,region,status,view_count,like_count,created_at,updated_at,deleted_yn) VALUES(15,1,'굿즈 거래글','테스트용 더미 데이터입니다.','더미굿즈','더미작품','더미캐릭터','포카',10000,'SELL','DIRECT','서울 홍대','ON_SALE',0,0,SYSDATE-1,NULL,'N');
INSERT INTO trade_post(trade_id,seller_id,title,content,goods_name,work_name,character_name,category,price,trade_type,trade_method,region,status,view_count,like_count,created_at,updated_at,deleted_yn) VALUES(16,1,'굿즈 거래글','테스트용 더미 데이터입니다.','더미굿즈','더미작품','더미캐릭터','포카',10000,'SELL','DIRECT','서울 홍대','ON_SALE',0,0,SYSDATE-1,NULL,'N');
INSERT INTO trade_post(trade_id,seller_id,title,content,goods_name,work_name,character_name,category,price,trade_type,trade_method,region,status,view_count,like_count,created_at,updated_at,deleted_yn) VALUES(17,1,'굿즈 거래글','테스트용 더미 데이터입니다.','더미굿즈','더미작품','더미캐릭터','포카',10000,'SELL','DIRECT','서울 홍대','ON_SALE',0,0,SYSDATE-1,NULL,'N');
INSERT INTO trade_post(trade_id,seller_id,title,content,goods_name,work_name,character_name,category,price,trade_type,trade_method,region,status,view_count,like_count,created_at,updated_at,deleted_yn) VALUES(18,1,'굿즈 거래글','테스트용 더미 데이터입니다.','더미굿즈','더미작품','더미캐릭터','포카',10000,'SELL','DIRECT','서울 홍대','ON_SALE',0,0,SYSDATE-1,NULL,'N');
INSERT INTO trade_post(trade_id,seller_id,title,content,goods_name,work_name,character_name,category,price,trade_type,trade_method,region,status,view_count,like_count,created_at,updated_at,deleted_yn) VALUES(19,1,'굿즈 거래글','테스트용 더미 데이터입니다.','더미굿즈','더미작품','더미캐릭터','포카',10000,'SELL','DIRECT','서울 홍대','ON_SALE',0,0,SYSDATE-1,NULL,'N');
INSERT INTO trade_post(trade_id,seller_id,title,content,goods_name,work_name,character_name,category,price,trade_type,trade_method,region,status,view_count,like_count,created_at,updated_at,deleted_yn) VALUES(20,1,'굿즈 거래글','테스트용 더미 데이터입니다.','더미굿즈','더미작품','더미캐릭터','포카',10000,'SELL','DIRECT','서울 홍대','ON_SALE',0,0,SYSDATE-1,NULL,'N');

INSERT INTO trade_post(trade_id,seller_id,title,content,goods_name,work_name,character_name,category,price,trade_type,trade_method,region,status,view_count,like_count,created_at,updated_at,deleted_yn) VALUES(21,1,'굿즈 거래글','테스트용 더미 데이터입니다.','더미굿즈','더미작품','더미캐릭터','포카',10000,'SELL','DIRECT','서울 홍대','ON_SALE',0,0,SYSDATE-1,NULL,'N');
INSERT INTO trade_post(trade_id,seller_id,title,content,goods_name,work_name,character_name,category,price,trade_type,trade_method,region,status,view_count,like_count,created_at,updated_at,deleted_yn) VALUES(22,1,'굿즈 거래글','테스트용 더미 데이터입니다.','더미굿즈','더미작품','더미캐릭터','포카',10000,'SELL','DIRECT','서울 홍대','ON_SALE',0,0,SYSDATE-1,NULL,'N');
INSERT INTO trade_post(trade_id,seller_id,title,content,goods_name,work_name,character_name,category,price,trade_type,trade_method,region,status,view_count,like_count,created_at,updated_at,deleted_yn) VALUES(23,1,'굿즈 거래글','테스트용 더미 데이터입니다.','더미굿즈','더미작품','더미캐릭터','포카',10000,'SELL','DIRECT','서울 홍대','ON_SALE',0,0,SYSDATE-1,NULL,'N');
INSERT INTO trade_post(trade_id,seller_id,title,content,goods_name,work_name,character_name,category,price,trade_type,trade_method,region,status,view_count,like_count,created_at,updated_at,deleted_yn) VALUES(24,1,'굿즈 거래글','테스트용 더미 데이터입니다.','더미굿즈','더미작품','더미캐릭터','포카',10000,'SELL','DIRECT','서울 홍대','ON_SALE',0,0,SYSDATE-1,NULL,'N');
INSERT INTO trade_post(trade_id,seller_id,title,content,goods_name,work_name,character_name,category,price,trade_type,trade_method,region,status,view_count,like_count,created_at,updated_at,deleted_yn) VALUES(25,1,'굿즈 거래글','테스트용 더미 데이터입니다.','더미굿즈','더미작품','더미캐릭터','포카',10000,'SELL','DIRECT','서울 홍대','ON_SALE',0,0,SYSDATE-1,NULL,'N');
INSERT INTO trade_post(trade_id,seller_id,title,content,goods_name,work_name,character_name,category,price,trade_type,trade_method,region,status,view_count,like_count,created_at,updated_at,deleted_yn) VALUES(26,1,'굿즈 거래글','테스트용 더미 데이터입니다.','더미굿즈','더미작품','더미캐릭터','포카',10000,'SELL','DIRECT','서울 홍대','ON_SALE',0,0,SYSDATE-1,NULL,'N');
INSERT INTO trade_post(trade_id,seller_id,title,content,goods_name,work_name,character_name,category,price,trade_type,trade_method,region,status,view_count,like_count,created_at,updated_at,deleted_yn) VALUES(27,1,'굿즈 거래글','테스트용 더미 데이터입니다.','더미굿즈','더미작품','더미캐릭터','포카',10000,'SELL','DIRECT','서울 홍대','ON_SALE',0,0,SYSDATE-1,NULL,'N');
INSERT INTO trade_post(trade_id,seller_id,title,content,goods_name,work_name,character_name,category,price,trade_type,trade_method,region,status,view_count,like_count,created_at,updated_at,deleted_yn) VALUES(28,1,'굿즈 거래글','테스트용 더미 데이터입니다.','더미굿즈','더미작품','더미캐릭터','포카',10000,'SELL','DIRECT','서울 홍대','ON_SALE',0,0,SYSDATE-1,NULL,'N');
INSERT INTO trade_post(trade_id,seller_id,title,content,goods_name,work_name,character_name,category,price,trade_type,trade_method,region,status,view_count,like_count,created_at,updated_at,deleted_yn) VALUES(29,1,'굿즈 거래글','테스트용 더미 데이터입니다.','더미굿즈','더미작품','더미캐릭터','포카',10000,'SELL','DIRECT','서울 홍대','ON_SALE',0,0,SYSDATE-1,NULL,'N');
INSERT INTO trade_post(trade_id,seller_id,title,content,goods_name,work_name,character_name,category,price,trade_type,trade_method,region,status,view_count,like_count,created_at,updated_at,deleted_yn) VALUES(30,1,'굿즈 거래글','테스트용 더미 데이터입니다.','더미굿즈','더미작품','더미캐릭터','포카',10000,'SELL','DIRECT','서울 홍대','ON_SALE',0,0,SYSDATE-1,NULL,'N');

-- (동일 패턴으로 trade_id만 변경해서 100번까지)
INSERT INTO trade_post(trade_id,seller_id,title,content,goods_name,work_name,character_name,category,price,trade_type,trade_method,region,status,view_count,like_count,created_at,updated_at,deleted_yn) VALUES(31,1,'굿즈 거래글','테스트용 더미 데이터입니다.','더미굿즈','더미작품','더미캐릭터','포카',10000,'SELL','DIRECT','서울 홍대','ON_SALE',0,0,SYSDATE-1,NULL,'N');
INSERT INTO trade_post(trade_id,seller_id,title,content,goods_name,work_name,character_name,category,price,trade_type,trade_method,region,status,view_count,like_count,created_at,updated_at,deleted_yn) VALUES(32,1,'굿즈 거래글','테스트용 더미 데이터입니다.','더미굿즈','더미작품','더미캐릭터','포카',10000,'SELL','DIRECT','서울 홍대','ON_SALE',0,0,SYSDATE-1,NULL,'N');
INSERT INTO trade_post(trade_id,seller_id,title,content,goods_name,work_name,character_name,category,price,trade_type,trade_method,region,status,view_count,like_count,created_at,updated_at,deleted_yn) VALUES(33,1,'굿즈 거래글','테스트용 더미 데이터입니다.','더미굿즈','더미작품','더미캐릭터','포카',10000,'SELL','DIRECT','서울 홍대','ON_SALE',0,0,SYSDATE-1,NULL,'N');
INSERT INTO trade_post(trade_id,seller_id,title,content,goods_name,work_name,character_name,category,price,trade_type,trade_method,region,status,view_count,like_count,created_at,updated_at,deleted_yn) VALUES(34,1,'굿즈 거래글','테스트용 더미 데이터입니다.','더미굿즈','더미작품','더미캐릭터','포카',10000,'SELL','DIRECT','서울 홍대','ON_SALE',0,0,SYSDATE-1,NULL,'N');
INSERT INTO trade_post(trade_id,seller_id,title,content,goods_name,work_name,character_name,category,price,trade_type,trade_method,region,status,view_count,like_count,created_at,updated_at,deleted_yn) VALUES(35,1,'굿즈 거래글','테스트용 더미 데이터입니다.','더미굿즈','더미작품','더미캐릭터','포카',10000,'SELL','DIRECT','서울 홍대','ON_SALE',0,0,SYSDATE-1,NULL,'N');
INSERT INTO trade_post(trade_id,seller_id,title,content,goods_name,work_name,character_name,category,price,trade_type,trade_method,region,status,view_count,like_count,created_at,updated_at,deleted_yn) VALUES(36,1,'굿즈 거래글','테스트용 더미 데이터입니다.','더미굿즈','더미작품','더미캐릭터','포카',10000,'SELL','DIRECT','서울 홍대','ON_SALE',0,0,SYSDATE-1,NULL,'N');
INSERT INTO trade_post(trade_id,seller_id,title,content,goods_name,work_name,character_name,category,price,trade_type,trade_method,region,status,view_count,like_count,created_at,updated_at,deleted_yn) VALUES(37,1,'굿즈 거래글','테스트용 더미 데이터입니다.','더미굿즈','더미작품','더미캐릭터','포카',10000,'SELL','DIRECT','서울 홍대','ON_SALE',0,0,SYSDATE-1,NULL,'N');
INSERT INTO trade_post(trade_id,seller_id,title,content,goods_name,work_name,character_name,category,price,trade_type,trade_method,region,status,view_count,like_count,created_at,updated_at,deleted_yn) VALUES(38,1,'굿즈 거래글','테스트용 더미 데이터입니다.','더미굿즈','더미작품','더미캐릭터','포카',10000,'SELL','DIRECT','서울 홍대','ON_SALE',0,0,SYSDATE-1,NULL,'N');
INSERT INTO trade_post(trade_id,seller_id,title,content,goods_name,work_name,character_name,category,price,trade_type,trade_method,region,status,view_count,like_count,created_at,updated_at,deleted_yn) VALUES(39,1,'굿즈 거래글','테스트용 더미 데이터입니다.','더미굿즈','더미작품','더미캐릭터','포카',10000,'SELL','DIRECT','서울 홍대','ON_SALE',0,0,SYSDATE-1,NULL,'N');
INSERT INTO trade_post(trade_id,seller_id,title,content,goods_name,work_name,character_name,category,price,trade_type,trade_method,region,status,view_count,like_count,created_at,updated_at,deleted_yn) VALUES(40,1,'굿즈 거래글','테스트용 더미 데이터입니다.','더미굿즈','더미작품','더미캐릭터','포카',10000,'SELL','DIRECT','서울 홍대','ON_SALE',0,0,SYSDATE-1,NULL,'N');

INSERT INTO trade_post(trade_id,seller_id,title,content,goods_name,work_name,character_name,category,price,trade_type,trade_method,region,status,view_count,like_count,created_at,updated_at,deleted_yn) VALUES(41,1,'굿즈 거래글','테스트용 더미 데이터입니다.','더미굿즈','더미작품','더미캐릭터','포카',10000,'SELL','DIRECT','서울 홍대','ON_SALE',0,0,SYSDATE-1,NULL,'N');
INSERT INTO trade_post(trade_id,seller_id,title,content,goods_name,work_name,character_name,category,price,trade_type,trade_method,region,status,view_count,like_count,created_at,updated_at,deleted_yn) VALUES(42,1,'굿즈 거래글','테스트용 더미 데이터입니다.','더미굿즈','더미작품','더미캐릭터','포카',10000,'SELL','DIRECT','서울 홍대','ON_SALE',0,0,SYSDATE-1,NULL,'N');
INSERT INTO trade_post(trade_id,seller_id,title,content,goods_name,work_name,character_name,category,price,trade_type,trade_method,region,status,view_count,like_count,created_at,updated_at,deleted_yn) VALUES(43,1,'굿즈 거래글','테스트용 더미 데이터입니다.','더미굿즈','더미작품','더미캐릭터','포카',10000,'SELL','DIRECT','서울 홍대','ON_SALE',0,0,SYSDATE-1,NULL,'N');
INSERT INTO trade_post(trade_id,seller_id,title,content,goods_name,work_name,character_name,category,price,trade_type,trade_method,region,status,view_count,like_count,created_at,updated_at,deleted_yn) VALUES(44,1,'굿즈 거래글','테스트용 더미 데이터입니다.','더미굿즈','더미작품','더미캐릭터','포카',10000,'SELL','DIRECT','서울 홍대','ON_SALE',0,0,SYSDATE-1,NULL,'N');
INSERT INTO trade_post(trade_id,seller_id,title,content,goods_name,work_name,character_name,category,price,trade_type,trade_method,region,status,view_count,like_count,created_at,updated_at,deleted_yn) VALUES(45,1,'굿즈 거래글','테스트용 더미 데이터입니다.','더미굿즈','더미작품','더미캐릭터','포카',10000,'SELL','DIRECT','서울 홍대','ON_SALE',0,0,SYSDATE-1,NULL,'N');
INSERT INTO trade_post(trade_id,seller_id,title,content,goods_name,work_name,character_name,category,price,trade_type,trade_method,region,status,view_count,like_count,created_at,updated_at,deleted_yn) VALUES(46,1,'굿즈 거래글','테스트용 더미 데이터입니다.','더미굿즈','더미작품','더미캐릭터','포카',10000,'SELL','DIRECT','서울 홍대','ON_SALE',0,0,SYSDATE-1,NULL,'N');
INSERT INTO trade_post(trade_id,seller_id,title,content,goods_name,work_name,character_name,category,price,trade_type,trade_method,region,status,view_count,like_count,created_at,updated_at,deleted_yn) VALUES(47,1,'굿즈 거래글','테스트용 더미 데이터입니다.','더미굿즈','더미작품','더미캐릭터','포카',10000,'SELL','DIRECT','서울 홍대','ON_SALE',0,0,SYSDATE-1,NULL,'N');
INSERT INTO trade_post(trade_id,seller_id,title,content,goods_name,work_name,character_name,category,price,trade_type,trade_method,region,status,view_count,like_count,created_at,updated_at,deleted_yn) VALUES(48,1,'굿즈 거래글','테스트용 더미 데이터입니다.','더미굿즈','더미작품','더미캐릭터','포카',10000,'SELL','DIRECT','서울 홍대','ON_SALE',0,0,SYSDATE-1,NULL,'N');
INSERT INTO trade_post(trade_id,seller_id,title,content,goods_name,work_name,character_name,category,price,trade_type,trade_method,region,status,view_count,like_count,created_at,updated_at,deleted_yn) VALUES(49,1,'굿즈 거래글','테스트용 더미 데이터입니다.','더미굿즈','더미작품','더미캐릭터','포카',10000,'SELL','DIRECT','서울 홍대','ON_SALE',0,0,SYSDATE-1,NULL,'N');
INSERT INTO trade_post(trade_id,seller_id,title,content,goods_name,work_name,character_name,category,price,trade_type,trade_method,region,status,view_count,like_count,created_at,updated_at,deleted_yn) VALUES(50,1,'굿즈 거래글','테스트용 더미 데이터입니다.','더미굿즈','더미작품','더미캐릭터','포카',10000,'SELL','DIRECT','서울 홍대','ON_SALE',0,0,SYSDATE-1,NULL,'N');

-- 51 ~ 100
INSERT INTO trade_post(trade_id,seller_id,title,content,goods_name,work_name,character_name,category,price,trade_type,trade_method,region,status,view_count,like_count,created_at,updated_at,deleted_yn) VALUES(51,1,'굿즈 거래글','테스트용 더미 데이터입니다.','더미굿즈','더미작품','더미캐릭터','포카',10000,'SELL','DIRECT','서울 홍대','ON_SALE',0,0,SYSDATE-1,NULL,'N');
INSERT INTO trade_post(trade_id,seller_id,title,content,goods_name,work_name,character_name,category,price,trade_type,trade_method,region,status,view_count,like_count,created_at,updated_at,deleted_yn) VALUES(52,1,'굿즈 거래글','테스트용 더미 데이터입니다.','더미굿즈','더미작품','더미캐릭터','포카',10000,'SELL','DIRECT','서울 홍대','ON_SALE',0,0,SYSDATE-1,NULL,'N');
INSERT INTO trade_post(trade_id,seller_id,title,content,goods_name,work_name,character_name,category,price,trade_type,trade_method,region,status,view_count,like_count,created_at,updated_at,deleted_yn) VALUES(53,1,'굿즈 거래글','테스트용 더미 데이터입니다.','더미굿즈','더미작품','더미캐릭터','포카',10000,'SELL','DIRECT','서울 홍대','ON_SALE',0,0,SYSDATE-1,NULL,'N');
INSERT INTO trade_post(trade_id,seller_id,title,content,goods_name,work_name,character_name,category,price,trade_type,trade_method,region,status,view_count,like_count,created_at,updated_at,deleted_yn) VALUES(54,1,'굿즈 거래글','테스트용 더미 데이터입니다.','더미굿즈','더미작품','더미캐릭터','포카',10000,'SELL','DIRECT','서울 홍대','ON_SALE',0,0,SYSDATE-1,NULL,'N');
INSERT INTO trade_post(trade_id,seller_id,title,content,goods_name,work_name,character_name,category,price,trade_type,trade_method,region,status,view_count,like_count,created_at,updated_at,deleted_yn) VALUES(55,1,'굿즈 거래글','테스트용 더미 데이터입니다.','더미굿즈','더미작품','더미캐릭터','포카',10000,'SELL','DIRECT','서울 홍대','ON_SALE',0,0,SYSDATE-1,NULL,'N');
INSERT INTO trade_post(trade_id,seller_id,title,content,goods_name,work_name,character_name,category,price,trade_type,trade_method,region,status,view_count,like_count,created_at,updated_at,deleted_yn) VALUES(56,1,'굿즈 거래글','테스트용 더미 데이터입니다.','더미굿즈','더미작품','더미캐릭터','포카',10000,'SELL','DIRECT','서울 홍대','ON_SALE',0,0,SYSDATE-1,NULL,'N');
INSERT INTO trade_post(trade_id,seller_id,title,content,goods_name,work_name,character_name,category,price,trade_type,trade_method,region,status,view_count,like_count,created_at,updated_at,deleted_yn) VALUES(57,1,'굿즈 거래글','테스트용 더미 데이터입니다.','더미굿즈','더미작품','더미캐릭터','포카',10000,'SELL','DIRECT','서울 홍대','ON_SALE',0,0,SYSDATE-1,NULL,'N');
INSERT INTO trade_post(trade_id,seller_id,title,content,goods_name,work_name,character_name,category,price,trade_type,trade_method,region,status,view_count,like_count,created_at,updated_at,deleted_yn) VALUES(58,1,'굿즈 거래글','테스트용 더미 데이터입니다.','더미굿즈','더미작품','더미캐릭터','포카',10000,'SELL','DIRECT','서울 홍대','ON_SALE',0,0,SYSDATE-1,NULL,'N');
INSERT INTO trade_post(trade_id,seller_id,title,content,goods_name,work_name,character_name,category,price,trade_type,trade_method,region,status,view_count,like_count,created_at,updated_at,deleted_yn) VALUES(59,1,'굿즈 거래글','테스트용 더미 데이터입니다.','더미굿즈','더미작품','더미캐릭터','포카',10000,'SELL','DIRECT','서울 홍대','ON_SALE',0,0,SYSDATE-1,NULL,'N');
INSERT INTO trade_post(trade_id,seller_id,title,content,goods_name,work_name,character_name,category,price,trade_type,trade_method,region,status,view_count,like_count,created_at,updated_at,deleted_yn) VALUES(60,1,'굿즈 거래글','테스트용 더미 데이터입니다.','더미굿즈','더미작품','더미캐릭터','포카',10000,'SELL','DIRECT','서울 홍대','ON_SALE',0,0,SYSDATE-1,NULL,'N');

INSERT INTO trade_post(trade_id,seller_id,title,content,goods_name,work_name,character_name,category,price,trade_type,trade_method,region,status,view_count,like_count,created_at,updated_at,deleted_yn) VALUES(61,1,'굿즈 거래글','테스트용 더미 데이터입니다.','더미굿즈','더미작품','더미캐릭터','포카',10000,'SELL','DIRECT','서울 홍대','ON_SALE',0,0,SYSDATE-1,NULL,'N');
INSERT INTO trade_post(trade_id,seller_id,title,content,goods_name,work_name,character_name,category,price,trade_type,trade_method,region,status,view_count,like_count,created_at,updated_at,deleted_yn) VALUES(62,1,'굿즈 거래글','테스트용 더미 데이터입니다.','더미굿즈','더미작품','더미캐릭터','포카',10000,'SELL','DIRECT','서울 홍대','ON_SALE',0,0,SYSDATE-1,NULL,'N');
INSERT INTO trade_post(trade_id,seller_id,title,content,goods_name,work_name,character_name,category,price,trade_type,trade_method,region,status,view_count,like_count,created_at,updated_at,deleted_yn) VALUES(63,1,'굿즈 거래글','테스트용 더미 데이터입니다.','더미굿즈','더미작품','더미캐릭터','포카',10000,'SELL','DIRECT','서울 홍대','ON_SALE',0,0,SYSDATE-1,NULL,'N');
INSERT INTO trade_post(trade_id,seller_id,title,content,goods_name,work_name,character_name,category,price,trade_type,trade_method,region,status,view_count,like_count,created_at,updated_at,deleted_yn) VALUES(64,1,'굿즈 거래글','테스트용 더미 데이터입니다.','더미굿즈','더미작품','더미캐릭터','포카',10000,'SELL','DIRECT','서울 홍대','ON_SALE',0,0,SYSDATE-1,NULL,'N');
INSERT INTO trade_post(trade_id,seller_id,title,content,goods_name,work_name,character_name,category,price,trade_type,trade_method,region,status,view_count,like_count,created_at,updated_at,deleted_yn) VALUES(65,1,'굿즈 거래글','테스트용 더미 데이터입니다.','더미굿즈','더미작품','더미캐릭터','포카',10000,'SELL','DIRECT','서울 홍대','ON_SALE',0,0,SYSDATE-1,NULL,'N');
INSERT INTO trade_post(trade_id,seller_id,title,content,goods_name,work_name,character_name,category,price,trade_type,trade_method,region,status,view_count,like_count,created_at,updated_at,deleted_yn) VALUES(66,1,'굿즈 거래글','테스트용 더미 데이터입니다.','더미굿즈','더미작품','더미캐릭터','포카',10000,'SELL','DIRECT','서울 홍대','ON_SALE',0,0,SYSDATE-1,NULL,'N');
INSERT INTO trade_post(trade_id,seller_id,title,content,goods_name,work_name,character_name,category,price,trade_type,trade_method,region,status,view_count,like_count,created_at,updated_at,deleted_yn) VALUES(67,1,'굿즈 거래글','테스트용 더미 데이터입니다.','더미굿즈','더미작품','더미캐릭터','포카',10000,'SELL','DIRECT','서울 홍대','ON_SALE',0,0,SYSDATE-1,NULL,'N');
INSERT INTO trade_post(trade_id,seller_id,title,content,goods_name,work_name,character_name,category,price,trade_type,trade_method,region,status,view_count,like_count,created_at,updated_at,deleted_yn) VALUES(68,1,'굿즈 거래글','테스트용 더미 데이터입니다.','더미굿즈','더미작품','더미캐릭터','포카',10000,'SELL','DIRECT','서울 홍대','ON_SALE',0,0,SYSDATE-1,NULL,'N');
INSERT INTO trade_post(trade_id,seller_id,title,content,goods_name,work_name,character_name,category,price,trade_type,trade_method,region,status,view_count,like_count,created_at,updated_at,deleted_yn) VALUES(69,1,'굿즈 거래글','테스트용 더미 데이터입니다.','더미굿즈','더미작품','더미캐릭터','포카',10000,'SELL','DIRECT','서울 홍대','ON_SALE',0,0,SYSDATE-1,NULL,'N');
INSERT INTO trade_post(trade_id,seller_id,title,content,goods_name,work_name,character_name,category,price,trade_type,trade_method,region,status,view_count,like_count,created_at,updated_at,deleted_yn) VALUES(70,1,'굿즈 거래글','테스트용 더미 데이터입니다.','더미굿즈','더미작품','더미캐릭터','포카',10000,'SELL','DIRECT','서울 홍대','ON_SALE',0,0,SYSDATE-1,NULL,'N');

INSERT INTO trade_post(trade_id,seller_id,title,content,goods_name,work_name,character_name,category,price,trade_type,trade_method,region,status,view_count,like_count,created_at,updated_at,deleted_yn) VALUES(71,1,'굿즈 거래글','테스트용 더미 데이터입니다.','더미굿즈','더미작품','더미캐릭터','포카',10000,'SELL','DIRECT','서울 홍대','ON_SALE',0,0,SYSDATE-1,NULL,'N');
INSERT INTO trade_post(trade_id,seller_id,title,content,goods_name,work_name,character_name,category,price,trade_type,trade_method,region,status,view_count,like_count,created_at,updated_at,deleted_yn) VALUES(72,1,'굿즈 거래글','테스트용 더미 데이터입니다.','더미굿즈','더미작품','더미캐릭터','포카',10000,'SELL','DIRECT','서울 홍대','ON_SALE',0,0,SYSDATE-1,NULL,'N');
INSERT INTO trade_post(trade_id,seller_id,title,content,goods_name,work_name,character_name,category,price,trade_type,trade_method,region,status,view_count,like_count,created_at,updated_at,deleted_yn) VALUES(73,1,'굿즈 거래글','테스트용 더미 데이터입니다.','더미굿즈','더미작품','더미캐릭터','포카',10000,'SELL','DIRECT','서울 홍대','ON_SALE',0,0,SYSDATE-1,NULL,'N');
INSERT INTO trade_post(trade_id,seller_id,title,content,goods_name,work_name,character_name,category,price,trade_type,trade_method,region,status,view_count,like_count,created_at,updated_at,deleted_yn) VALUES(74,1,'굿즈 거래글','테스트용 더미 데이터입니다.','더미굿즈','더미작품','더미캐릭터','포카',10000,'SELL','DIRECT','서울 홍대','ON_SALE',0,0,SYSDATE-1,NULL,'N');
INSERT INTO trade_post(trade_id,seller_id,title,content,goods_name,work_name,character_name,category,price,trade_type,trade_method,region,status,view_count,like_count,created_at,updated_at,deleted_yn) VALUES(75,1,'굿즈 거래글','테스트용 더미 데이터입니다.','더미굿즈','더미작품','더미캐릭터','포카',10000,'SELL','DIRECT','서울 홍대','ON_SALE',0,0,SYSDATE-1,NULL,'N');
INSERT INTO trade_post(trade_id,seller_id,title,content,goods_name,work_name,character_name,category,price,trade_type,trade_method,region,status,view_count,like_count,created_at,updated_at,deleted_yn) VALUES(76,1,'굿즈 거래글','테스트용 더미 데이터입니다.','더미굿즈','더미작품','더미캐릭터','포카',10000,'SELL','DIRECT','서울 홍대','ON_SALE',0,0,SYSDATE-1,NULL,'N');
INSERT INTO trade_post(trade_id,seller_id,title,content,goods_name,work_name,character_name,category,price,trade_type,trade_method,region,status,view_count,like_count,created_at,updated_at,deleted_yn) VALUES(77,1,'굿즈 거래글','테스트용 더미 데이터입니다.','더미굿즈','더미작품','더미캐릭터','포카',10000,'SELL','DIRECT','서울 홍대','ON_SALE',0,0,SYSDATE-1,NULL,'N');
INSERT INTO trade_post(trade_id,seller_id,title,content,goods_name,work_name,character_name,category,price,trade_type,trade_method,region,status,view_count,like_count,created_at,updated_at,deleted_yn) VALUES(78,1,'굿즈 거래글','테스트용 더미 데이터입니다.','더미굿즈','더미작품','더미캐릭터','포카',10000,'SELL','DIRECT','서울 홍대','ON_SALE',0,0,SYSDATE-1,NULL,'N');
INSERT INTO trade_post(trade_id,seller_id,title,content,goods_name,work_name,character_name,category,price,trade_type,trade_method,region,status,view_count,like_count,created_at,updated_at,deleted_yn) VALUES(79,1,'굿즈 거래글','테스트용 더미 데이터입니다.','더미굿즈','더미작품','더미캐릭터','포카',10000,'SELL','DIRECT','서울 홍대','ON_SALE',0,0,SYSDATE-1,NULL,'N');
INSERT INTO trade_post(trade_id,seller_id,title,content,goods_name,work_name,character_name,category,price,trade_type,trade_method,region,status,view_count,like_count,created_at,updated_at,deleted_yn) VALUES(80,1,'굿즈 거래글','테스트용 더미 데이터입니다.','더미굿즈','더미작품','더미캐릭터','포카',10000,'SELL','DIRECT','서울 홍대','ON_SALE',0,0,SYSDATE-1,NULL,'N');

INSERT INTO trade_post(trade_id,seller_id,title,content,goods_name,work_name,character_name,category,price,trade_type,trade_method,region,status,view_count,like_count,created_at,updated_at,deleted_yn) VALUES(81,1,'굿즈 거래글','테스트용 더미 데이터입니다.','더미굿즈','더미작품','더미캐릭터','포카',10000,'SELL','DIRECT','서울 홍대','ON_SALE',0,0,SYSDATE-1,NULL,'N');
INSERT INTO trade_post(trade_id,seller_id,title,content,goods_name,work_name,character_name,category,price,trade_type,trade_method,region,status,view_count,like_count,created_at,updated_at,deleted_yn) VALUES(82,1,'굿즈 거래글','테스트용 더미 데이터입니다.','더미굿즈','더미작품','더미캐릭터','포카',10000,'SELL','DIRECT','서울 홍대','ON_SALE',0,0,SYSDATE-1,NULL,'N');
INSERT INTO trade_post(trade_id,seller_id,title,content,goods_name,work_name,character_name,category,price,trade_type,trade_method,region,status,view_count,like_count,created_at,updated_at,deleted_yn) VALUES(83,1,'굿즈 거래글','테스트용 더미 데이터입니다.','더미굿즈','더미작품','더미캐릭터','포카',10000,'SELL','DIRECT','서울 홍대','ON_SALE',0,0,SYSDATE-1,NULL,'N');
INSERT INTO trade_post(trade_id,seller_id,title,content,goods_name,work_name,character_name,category,price,trade_type,trade_method,region,status,view_count,like_count,created_at,updated_at,deleted_yn) VALUES(84,1,'굿즈 거래글','테스트용 더미 데이터입니다.','더미굿즈','더미작품','더미캐릭터','포카',10000,'SELL','DIRECT','서울 홍대','ON_SALE',0,0,SYSDATE-1,NULL,'N');
INSERT INTO trade_post(trade_id,seller_id,title,content,goods_name,work_name,character_name,category,price,trade_type,trade_method,region,status,view_count,like_count,created_at,updated_at,deleted_yn) VALUES(85,1,'굿즈 거래글','테스트용 더미 데이터입니다.','더미굿즈','더미작품','더미캐릭터','포카',10000,'SELL','DIRECT','서울 홍대','ON_SALE',0,0,SYSDATE-1,NULL,'N');
INSERT INTO trade_post(trade_id,seller_id,title,content,goods_name,work_name,character_name,category,price,trade_type,trade_method,region,status,view_count,like_count,created_at,updated_at,deleted_yn) VALUES(86,1,'굿즈 거래글','테스트용 더미 데이터입니다.','더미굿즈','더미작품','더미캐릭터','포카',10000,'SELL','DIRECT','서울 홍대','ON_SALE',0,0,SYSDATE-1,NULL,'N');
INSERT INTO trade_post(trade_id,seller_id,title,content,goods_name,work_name,character_name,category,price,trade_type,trade_method,region,status,view_count,like_count,created_at,updated_at,deleted_yn) VALUES(87,1,'굿즈 거래글','테스트용 더미 데이터입니다.','더미굿즈','더미작품','더미캐릭터','포카',10000,'SELL','DIRECT','서울 홍대','ON_SALE',0,0,SYSDATE-1,NULL,'N');
INSERT INTO trade_post(trade_id,seller_id,title,content,goods_name,work_name,character_name,category,price,trade_type,trade_method,region,status,view_count,like_count,created_at,updated_at,deleted_yn) VALUES(88,1,'굿즈 거래글','테스트용 더미 데이터입니다.','더미굿즈','더미작품','더미캐릭터','포카',10000,'SELL','DIRECT','서울 홍대','ON_SALE',0,0,SYSDATE-1,NULL,'N');
INSERT INTO trade_post(trade_id,seller_id,title,content,goods_name,work_name,character_name,category,price,trade_type,trade_method,region,status,view_count,like_count,created_at,updated_at,deleted_yn) VALUES(89,1,'굿즈 거래글','테스트용 더미 데이터입니다.','더미굿즈','더미작품','더미캐릭터','포카',10000,'SELL','DIRECT','서울 홍대','ON_SALE',0,0,SYSDATE-1,NULL,'N');
INSERT INTO trade_post(trade_id,seller_id,title,content,goods_name,work_name,character_name,category,price,trade_type,trade_method,region,status,view_count,like_count,created_at,updated_at,deleted_yn) VALUES(90,1,'굿즈 거래글','테스트용 더미 데이터입니다.','더미굿즈','더미작품','더미캐릭터','포카',10000,'SELL','DIRECT','서울 홍대','ON_SALE',0,0,SYSDATE-1,NULL,'N');

INSERT INTO trade_post(trade_id,seller_id,title,content,goods_name,work_name,character_name,category,price,trade_type,trade_method,region,status,view_count,like_count,created_at,updated_at,deleted_yn) VALUES(91,1,'굿즈 거래글','테스트용 더미 데이터입니다.','더미굿즈','더미작품','더미캐릭터','포카',10000,'SELL','DIRECT','서울 홍대','ON_SALE',0,0,SYSDATE-1,NULL,'N');
INSERT INTO trade_post(trade_id,seller_id,title,content,goods_name,work_name,character_name,category,price,trade_type,trade_method,region,status,view_count,like_count,created_at,updated_at,deleted_yn) VALUES(92,1,'굿즈 거래글','테스트용 더미 데이터입니다.','더미굿즈','더미작품','더미캐릭터','포카',10000,'SELL','DIRECT','서울 홍대','ON_SALE',0,0,SYSDATE-1,NULL,'N');
INSERT INTO trade_post(trade_id,seller_id,title,content,goods_name,work_name,character_name,category,price,trade_type,trade_method,region,status,view_count,like_count,created_at,updated_at,deleted_yn) VALUES(93,1,'굿즈 거래글','테스트용 더미 데이터입니다.','더미굿즈','더미작품','더미캐릭터','포카',10000,'SELL','DIRECT','서울 홍대','ON_SALE',0,0,SYSDATE-1,NULL,'N');
INSERT INTO trade_post(trade_id,seller_id,title,content,goods_name,work_name,character_name,category,price,trade_type,trade_method,region,status,view_count,like_count,created_at,updated_at,deleted_yn) VALUES(94,1,'굿즈 거래글','테스트용 더미 데이터입니다.','더미굿즈','더미작품','더미캐릭터','포카',10000,'SELL','DIRECT','서울 홍대','ON_SALE',0,0,SYSDATE-1,NULL,'N');
INSERT INTO trade_post(trade_id,seller_id,title,content,goods_name,work_name,character_name,category,price,trade_type,trade_method,region,status,view_count,like_count,created_at,updated_at,deleted_yn) VALUES(95,1,'굿즈 거래글','테스트용 더미 데이터입니다.','더미굿즈','더미작품','더미캐릭터','포카',10000,'SELL','DIRECT','서울 홍대','ON_SALE',0,0,SYSDATE-1,NULL,'N');
INSERT INTO trade_post(trade_id,seller_id,title,content,goods_name,work_name,character_name,category,price,trade_type,trade_method,region,status,view_count,like_count,created_at,updated_at,deleted_yn) VALUES(96,1,'굿즈 거래글','테스트용 더미 데이터입니다.','더미굿즈','더미작품','더미캐릭터','포카',10000,'SELL','DIRECT','서울 홍대','ON_SALE',0,0,SYSDATE-1,NULL,'N');
INSERT INTO trade_post(trade_id,seller_id,title,content,goods_name,work_name,character_name,category,price,trade_type,trade_method,region,status,view_count,like_count,created_at,updated_at,deleted_yn) VALUES(97,1,'굿즈 거래글','테스트용 더미 데이터입니다.','더미굿즈','더미작품','더미캐릭터','포카',10000,'SELL','DIRECT','서울 홍대','ON_SALE',0,0,SYSDATE-1,NULL,'N');
INSERT INTO trade_post(trade_id,seller_id,title,content,goods_name,work_name,character_name,category,price,trade_type,trade_method,region,status,view_count,like_count,created_at,updated_at,deleted_yn) VALUES(98,1,'굿즈 거래글','테스트용 더미 데이터입니다.','더미굿즈','더미작품','더미캐릭터','포카',10000,'SELL','DIRECT','서울 홍대','ON_SALE',0,0,SYSDATE-1,NULL,'N');
INSERT INTO trade_post(trade_id,seller_id,title,content,goods_name,work_name,character_name,category,price,trade_type,trade_method,region,status,view_count,like_count,created_at,updated_at,deleted_yn) VALUES(99,1,'굿즈 거래글','테스트용 더미 데이터입니다.','더미굿즈','더미작품','더미캐릭터','포카',10000,'SELL','DIRECT','서울 홍대','ON_SALE',0,0,SYSDATE-1,NULL,'N');
INSERT INTO trade_post(trade_id,seller_id,title,content,goods_name,work_name,character_name,category,price,trade_type,trade_method,region,status,view_count,like_count,created_at,updated_at,deleted_yn) VALUES(100,1,'굿즈 거래글','테스트용 더미 데이터입니다.','더미굿즈','더미작품','더미캐릭터','포카',10000,'SELL','DIRECT','서울 홍대','ON_SALE',0,0,SYSDATE-1,NULL,'N');
INSERT INTO trade_bookmark(member_id,trade_id,created_at) VALUES(1,1,SYSDATE-10);
INSERT INTO trade_bookmark(member_id,trade_id,created_at) VALUES(1,2,SYSDATE-9);
INSERT INTO trade_bookmark(member_id,trade_id,created_at) VALUES(2,3,SYSDATE-8);
INSERT INTO trade_bookmark(member_id,trade_id,created_at) VALUES(2,4,SYSDATE-7);
INSERT INTO trade_bookmark(member_id,trade_id,created_at) VALUES(3,5,SYSDATE-6);
INSERT INTO trade_bookmark(member_id,trade_id,created_at) VALUES(3,6,SYSDATE-5);
INSERT INTO trade_bookmark(member_id,trade_id,created_at) VALUES(4,7,SYSDATE-4);
INSERT INTO trade_bookmark(member_id,trade_id,created_at) VALUES(4,8,SYSDATE-3);
INSERT INTO trade_bookmark(member_id,trade_id,created_at) VALUES(5,9,SYSDATE-2);
INSERT INTO trade_bookmark(member_id,trade_id,created_at) VALUES(5,10,SYSDATE-1);

INSERT INTO trade_bookmark(member_id,trade_id,created_at) VALUES(6,11,SYSDATE-10);
INSERT INTO trade_bookmark(member_id,trade_id,created_at) VALUES(6,12,SYSDATE-9);
INSERT INTO trade_bookmark(member_id,trade_id,created_at) VALUES(7,13,SYSDATE-8);
INSERT INTO trade_bookmark(member_id,trade_id,created_at) VALUES(7,14,SYSDATE-7);
INSERT INTO trade_bookmark(member_id,trade_id,created_at) VALUES(8,15,SYSDATE-6);
INSERT INTO trade_bookmark(member_id,trade_id,created_at) VALUES(8,16,SYSDATE-5);
INSERT INTO trade_bookmark(member_id,trade_id,created_at) VALUES(9,17,SYSDATE-4);
INSERT INTO trade_bookmark(member_id,trade_id,created_at) VALUES(9,18,SYSDATE-3);
INSERT INTO trade_bookmark(member_id,trade_id,created_at) VALUES(10,19,SYSDATE-2);
INSERT INTO trade_bookmark(member_id,trade_id,created_at) VALUES(10,20,SYSDATE-1);

INSERT INTO trade_bookmark(member_id,trade_id,created_at) VALUES(1,21,SYSDATE-10);
INSERT INTO trade_bookmark(member_id,trade_id,created_at) VALUES(2,22,SYSDATE-9);
INSERT INTO trade_bookmark(member_id,trade_id,created_at) VALUES(3,23,SYSDATE-8);
INSERT INTO trade_bookmark(member_id,trade_id,created_at) VALUES(4,24,SYSDATE-7);
INSERT INTO trade_bookmark(member_id,trade_id,created_at) VALUES(5,25,SYSDATE-6);
INSERT INTO trade_bookmark(member_id,trade_id,created_at) VALUES(6,26,SYSDATE-5);
INSERT INTO trade_bookmark(member_id,trade_id,created_at) VALUES(7,27,SYSDATE-4);
INSERT INTO trade_bookmark(member_id,trade_id,created_at) VALUES(8,28,SYSDATE-3);
INSERT INTO trade_bookmark(member_id,trade_id,created_at) VALUES(9,29,SYSDATE-2);
INSERT INTO trade_bookmark(member_id,trade_id,created_at) VALUES(10,30,SYSDATE-1);

INSERT INTO trade_bookmark(member_id,trade_id,created_at) VALUES(11,31,SYSDATE-10);
INSERT INTO trade_bookmark(member_id,trade_id,created_at) VALUES(11,32,SYSDATE-9);
INSERT INTO trade_bookmark(member_id,trade_id,created_at) VALUES(12,33,SYSDATE-8);
INSERT INTO trade_bookmark(member_id,trade_id,created_at) VALUES(12,34,SYSDATE-7);
INSERT INTO trade_bookmark(member_id,trade_id,created_at) VALUES(13,35,SYSDATE-6);
INSERT INTO trade_bookmark(member_id,trade_id,created_at) VALUES(13,36,SYSDATE-5);
INSERT INTO trade_bookmark(member_id,trade_id,created_at) VALUES(14,37,SYSDATE-4);
INSERT INTO trade_bookmark(member_id,trade_id,created_at) VALUES(14,38,SYSDATE-3);
INSERT INTO trade_bookmark(member_id,trade_id,created_at) VALUES(15,39,SYSDATE-2);
INSERT INTO trade_bookmark(member_id,trade_id,created_at) VALUES(15,40,SYSDATE-1);
INSERT INTO popup_goods(popup_goods_id,popup_id,name,description,category,price,thumbnail_url) VALUES(1,1,'굿즈001','더미굿즈001','포카',8000,'g001.jpg');
INSERT INTO popup_goods(popup_goods_id,popup_id,name,description,category,price,thumbnail_url) VALUES(2,1,'굿즈002','더미굿즈002','키링',9000,'g002.jpg');
INSERT INTO popup_goods(popup_goods_id,popup_id,name,description,category,price,thumbnail_url) VALUES(3,1,'굿즈003','더미굿즈003','피규어',10000,'g003.jpg');
INSERT INTO popup_goods(popup_goods_id,popup_id,name,description,category,price,thumbnail_url) VALUES(4,1,'굿즈004','더미굿즈004','스티커',11000,'g004.jpg');
INSERT INTO popup_goods(popup_goods_id,popup_id,name,description,category,price,thumbnail_url) VALUES(5,1,'굿즈005','더미굿즈005','의류',12000,'g005.jpg');
INSERT INTO popup_goods(popup_goods_id,popup_id,name,description,category,price,thumbnail_url) VALUES(6,1,'굿즈006','더미굿즈006','소품',13000,'g006.jpg');
INSERT INTO popup_goods(popup_goods_id,popup_id,name,description,category,price,thumbnail_url) VALUES(7,1,'굿즈007','더미굿즈007','포스터',14000,'g007.jpg');

INSERT INTO popup_goods(popup_goods_id,popup_id,name,description,category,price,thumbnail_url) VALUES(8,2,'굿즈008','더미굿즈008','랜덤',15000,'g008.jpg');
INSERT INTO popup_goods(popup_goods_id,popup_id,name,description,category,price,thumbnail_url) VALUES(9,2,'굿즈009','더미굿즈009','앨범',16000,'g009.jpg');
INSERT INTO popup_goods(popup_goods_id,popup_id,name,description,category,price,thumbnail_url) VALUES(10,2,'굿즈010','더미굿즈010','기타',17000,'g010.jpg');
INSERT INTO popup_goods(popup_goods_id,popup_id,name,description,category,price,thumbnail_url) VALUES(11,2,'굿즈011','더미굿즈011','포카',8000,'g011.jpg');
INSERT INTO popup_goods(popup_goods_id,popup_id,name,description,category,price,thumbnail_url) VALUES(12,2,'굿즈012','더미굿즈012','키링',9000,'g012.jpg');
INSERT INTO popup_goods(popup_goods_id,popup_id,name,description,category,price,thumbnail_url) VALUES(13,2,'굿즈013','더미굿즈013','피규어',10000,'g013.jpg');
INSERT INTO popup_goods(popup_goods_id,popup_id,name,description,category,price,thumbnail_url) VALUES(14,2,'굿즈014','더미굿즈014','스티커',11000,'g014.jpg');

INSERT INTO popup_goods(popup_goods_id,popup_id,name,description,category,price,thumbnail_url) VALUES(15,3,'굿즈015','더미굿즈015','의류',12000,'g015.jpg');
INSERT INTO popup_goods(popup_goods_id,popup_id,name,description,category,price,thumbnail_url) VALUES(16,3,'굿즈016','더미굿즈016','소품',13000,'g016.jpg');
INSERT INTO popup_goods(popup_goods_id,popup_id,name,description,category,price,thumbnail_url) VALUES(17,3,'굿즈017','더미굿즈017','포스터',14000,'g017.jpg');
INSERT INTO popup_goods(popup_goods_id,popup_id,name,description,category,price,thumbnail_url) VALUES(18,3,'굿즈018','더미굿즈018','랜덤',15000,'g018.jpg');
INSERT INTO popup_goods(popup_goods_id,popup_id,name,description,category,price,thumbnail_url) VALUES(19,3,'굿즈019','더미굿즈019','앨범',16000,'g019.jpg');
INSERT INTO popup_goods(popup_goods_id,popup_id,name,description,category,price,thumbnail_url) VALUES(20,3,'굿즈020','더미굿즈020','기타',17000,'g020.jpg');
INSERT INTO popup_goods(popup_goods_id,popup_id,name,description,category,price,thumbnail_url) VALUES(21,3,'굿즈021','더미굿즈021','포카',8000,'g021.jpg');

INSERT INTO popup_goods(popup_goods_id,popup_id,name,description,category,price,thumbnail_url) VALUES(22,4,'굿즈022','더미굿즈022','키링',9000,'g022.jpg');
INSERT INTO popup_goods(popup_goods_id,popup_id,name,description,category,price,thumbnail_url) VALUES(23,4,'굿즈023','더미굿즈023','피규어',10000,'g023.jpg');
INSERT INTO popup_goods(popup_goods_id,popup_id,name,description,category,price,thumbnail_url) VALUES(24,4,'굿즈024','더미굿즈024','스티커',11000,'g024.jpg');
INSERT INTO popup_goods(popup_goods_id,popup_id,name,description,category,price,thumbnail_url) VALUES(25,4,'굿즈025','더미굿즈025','의류',12000,'g025.jpg');
INSERT INTO popup_goods(popup_goods_id,popup_id,name,description,category,price,thumbnail_url) VALUES(26,4,'굿즈026','더미굿즈026','소품',13000,'g026.jpg');
INSERT INTO popup_goods(popup_goods_id,popup_id,name,description,category,price,thumbnail_url) VALUES(27,4,'굿즈027','더미굿즈027','포스터',14000,'g027.jpg');
INSERT INTO popup_goods(popup_goods_id,popup_id,name,description,category,price,thumbnail_url) VALUES(28,4,'굿즈028','더미굿즈028','랜덤',15000,'g028.jpg');

INSERT INTO popup_goods(popup_goods_id,popup_id,name,description,category,price,thumbnail_url) VALUES(29,5,'굿즈029','더미굿즈029','앨범',16000,'g029.jpg');
INSERT INTO popup_goods(popup_goods_id,popup_id,name,description,category,price,thumbnail_url) VALUES(30,5,'굿즈030','더미굿즈030','기타',17000,'g030.jpg');
INSERT INTO popup_goods(popup_goods_id,popup_id,name,description,category,price,thumbnail_url) VALUES(31,5,'굿즈031','더미굿즈031','포카',8000,'g031.jpg');
INSERT INTO popup_goods(popup_goods_id,popup_id,name,description,category,price,thumbnail_url) VALUES(32,5,'굿즈032','더미굿즈032','키링',9000,'g032.jpg');
INSERT INTO popup_goods(popup_goods_id,popup_id,name,description,category,price,thumbnail_url) VALUES(33,5,'굿즈033','더미굿즈033','피규어',10000,'g033.jpg');
INSERT INTO popup_goods(popup_goods_id,popup_id,name,description,category,price,thumbnail_url) VALUES(34,5,'굿즈034','더미굿즈034','스티커',11000,'g034.jpg');
INSERT INTO popup_goods(popup_goods_id,popup_id,name,description,category,price,thumbnail_url) VALUES(35,5,'굿즈035','더미굿즈035','의류',12000,'g035.jpg');

INSERT INTO popup_goods(popup_goods_id,popup_id,name,description,category,price,thumbnail_url) VALUES(36,6,'굿즈036','더미굿즈036','소품',13000,'g036.jpg');
INSERT INTO popup_goods(popup_goods_id,popup_id,name,description,category,price,thumbnail_url) VALUES(37,6,'굿즈037','더미굿즈037','포스터',14000,'g037.jpg');
INSERT INTO popup_goods(popup_goods_id,popup_id,name,description,category,price,thumbnail_url) VALUES(38,6,'굿즈038','더미굿즈038','랜덤',15000,'g038.jpg');
INSERT INTO popup_goods(popup_goods_id,popup_id,name,description,category,price,thumbnail_url) VALUES(39,6,'굿즈039','더미굿즈039','앨범',16000,'g039.jpg');
INSERT INTO popup_goods(popup_goods_id,popup_id,name,description,category,price,thumbnail_url) VALUES(40,6,'굿즈040','더미굿즈040','기타',17000,'g040.jpg');
INSERT INTO popup_goods(popup_goods_id,popup_id,name,description,category,price,thumbnail_url) VALUES(41,6,'굿즈041','더미굿즈041','포카',8000,'g041.jpg');
INSERT INTO popup_goods(popup_goods_id,popup_id,name,description,category,price,thumbnail_url) VALUES(42,6,'굿즈042','더미굿즈042','키링',9000,'g042.jpg');

INSERT INTO popup_goods(popup_goods_id,popup_id,name,description,category,price,thumbnail_url) VALUES(43,7,'굿즈043','더미굿즈043','피규어',10000,'g043.jpg');
INSERT INTO popup_goods(popup_goods_id,popup_id,name,description,category,price,thumbnail_url) VALUES(44,7,'굿즈044','더미굿즈044','스티커',11000,'g044.jpg');
INSERT INTO popup_goods(popup_goods_id,popup_id,name,description,category,price,thumbnail_url) VALUES(45,7,'굿즈045','더미굿즈045','의류',12000,'g045.jpg');
INSERT INTO popup_goods(popup_goods_id,popup_id,name,description,category,price,thumbnail_url) VALUES(46,7,'굿즈046','더미굿즈046','소품',13000,'g046.jpg');
INSERT INTO popup_goods(popup_goods_id,popup_id,name,description,category,price,thumbnail_url) VALUES(47,7,'굿즈047','더미굿즈047','포스터',14000,'g047.jpg');
INSERT INTO popup_goods(popup_goods_id,popup_id,name,description,category,price,thumbnail_url) VALUES(48,7,'굿즈048','더미굿즈048','랜덤',15000,'g048.jpg');
INSERT INTO popup_goods(popup_goods_id,popup_id,name,description,category,price,thumbnail_url) VALUES(49,7,'굿즈049','더미굿즈049','앨범',16000,'g049.jpg');

INSERT INTO popup_goods(popup_goods_id,popup_id,name,description,category,price,thumbnail_url) VALUES(50,8,'굿즈050','더미굿즈050','기타',17000,'g050.jpg');
INSERT INTO popup_goods(popup_goods_id,popup_id,name,description,category,price,thumbnail_url) VALUES(51,8,'굿즈051','더미굿즈051','포카',8000,'g051.jpg');
INSERT INTO popup_goods(popup_goods_id,popup_id,name,description,category,price,thumbnail_url) VALUES(52,8,'굿즈052','더미굿즈052','키링',9000,'g052.jpg');
INSERT INTO popup_goods(popup_goods_id,popup_id,name,description,category,price,thumbnail_url) VALUES(53,8,'굿즈053','더미굿즈053','피규어',10000,'g053.jpg');
INSERT INTO popup_goods(popup_goods_id,popup_id,name,description,category,price,thumbnail_url) VALUES(54,8,'굿즈054','더미굿즈054','스티커',11000,'g054.jpg');
INSERT INTO popup_goods(popup_goods_id,popup_id,name,description,category,price,thumbnail_url) VALUES(55,8,'굿즈055','더미굿즈055','의류',12000,'g055.jpg');
INSERT INTO popup_goods(popup_goods_id,popup_id,name,description,category,price,thumbnail_url) VALUES(56,8,'굿즈056','더미굿즈056','소품',13000,'g056.jpg');

INSERT INTO popup_goods(popup_goods_id,popup_id,name,description,category,price,thumbnail_url) VALUES(57,9,'굿즈057','더미굿즈057','포스터',14000,'g057.jpg');
INSERT INTO popup_goods(popup_goods_id,popup_id,name,description,category,price,thumbnail_url) VALUES(58,9,'굿즈058','더미굿즈058','랜덤',15000,'g058.jpg');
INSERT INTO popup_goods(popup_goods_id,popup_id,name,description,category,price,thumbnail_url) VALUES(59,9,'굿즈059','더미굿즈059','앨범',16000,'g059.jpg');
INSERT INTO popup_goods(popup_goods_id,popup_id,name,description,category,price,thumbnail_url) VALUES(60,9,'굿즈060','더미굿즈060','기타',17000,'g060.jpg');
INSERT INTO popup_goods(popup_goods_id,popup_id,name,description,category,price,thumbnail_url) VALUES(61,9,'굿즈061','더미굿즈061','포카',8000,'g061.jpg');
INSERT INTO popup_goods(popup_goods_id,popup_id,name,description,category,price,thumbnail_url) VALUES(62,9,'굿즈062','더미굿즈062','키링',9000,'g062.jpg');
INSERT INTO popup_goods(popup_goods_id,popup_id,name,description,category,price,thumbnail_url) VALUES(63,9,'굿즈063','더미굿즈063','피규어',10000,'g063.jpg');

INSERT INTO popup_goods(popup_goods_id,popup_id,name,description,category,price,thumbnail_url) VALUES(64,10,'굿즈064','더미굿즈064','스티커',11000,'g064.jpg');
INSERT INTO popup_goods(popup_goods_id,popup_id,name,description,category,price,thumbnail_url) VALUES(65,10,'굿즈065','더미굿즈065','의류',12000,'g065.jpg');
INSERT INTO popup_goods(popup_goods_id,popup_id,name,description,category,price,thumbnail_url) VALUES(66,10,'굿즈066','더미굿즈066','소품',13000,'g066.jpg');
INSERT INTO popup_goods(popup_goods_id,popup_id,name,description,category,price,thumbnail_url) VALUES(67,10,'굿즈067','더미굿즈067','포스터',14000,'g067.jpg');
INSERT INTO popup_goods(popup_goods_id,popup_id,name,description,category,price,thumbnail_url) VALUES(68,10,'굿즈068','더미굿즈068','랜덤',15000,'g068.jpg');
INSERT INTO popup_goods(popup_goods_id,popup_id,name,description,category,price,thumbnail_url) VALUES(69,10,'굿즈069','더미굿즈069','앨범',16000,'g069.jpg');
INSERT INTO popup_goods(popup_goods_id,popup_id,name,description,category,price,thumbnail_url) VALUES(70,10,'굿즈070','더미굿즈070','기타',17000,'g070.jpg');

INSERT INTO popup_goods(popup_goods_id,popup_id,name,description,category,price,thumbnail_url) VALUES(71,11,'굿즈071','더미굿즈071','포카',8000,'g071.jpg');
INSERT INTO popup_goods(popup_goods_id,popup_id,name,description,category,price,thumbnail_url) VALUES(72,11,'굿즈072','더미굿즈072','키링',9000,'g072.jpg');
INSERT INTO popup_goods(popup_goods_id,popup_id,name,description,category,price,thumbnail_url) VALUES(73,11,'굿즈073','더미굿즈073','피규어',10000,'g073.jpg');
INSERT INTO popup_goods(popup_goods_id,popup_id,name,description,category,price,thumbnail_url) VALUES(74,11,'굿즈074','더미굿즈074','스티커',11000,'g074.jpg');
INSERT INTO popup_goods(popup_goods_id,popup_id,name,description,category,price,thumbnail_url) VALUES(75,11,'굿즈075','더미굿즈075','의류',12000,'g075.jpg');
INSERT INTO popup_goods(popup_goods_id,popup_id,name,description,category,price,thumbnail_url) VALUES(76,11,'굿즈076','더미굿즈076','소품',13000,'g076.jpg');
INSERT INTO popup_goods(popup_goods_id,popup_id,name,description,category,price,thumbnail_url) VALUES(77,11,'굿즈077','더미굿즈077','포스터',14000,'g077.jpg');

INSERT INTO popup_goods(popup_goods_id,popup_id,name,description,category,price,thumbnail_url) VALUES(78,12,'굿즈078','더미굿즈078','랜덤',15000,'g078.jpg');
INSERT INTO popup_goods(popup_goods_id,popup_id,name,description,category,price,thumbnail_url) VALUES(79,12,'굿즈079','더미굿즈079','앨범',16000,'g079.jpg');
INSERT INTO popup_goods(popup_goods_id,popup_id,name,description,category,price,thumbnail_url) VALUES(80,12,'굿즈080','더미굿즈080','기타',17000,'g080.jpg');
INSERT INTO popup_goods(popup_goods_id,popup_id,name,description,category,price,thumbnail_url) VALUES(81,12,'굿즈081','더미굿즈081','포카',8000,'g081.jpg');
INSERT INTO popup_goods(popup_goods_id,popup_id,name,description,category,price,thumbnail_url) VALUES(82,12,'굿즈082','더미굿즈082','키링',9000,'g082.jpg');
INSERT INTO popup_goods(popup_goods_id,popup_id,name,description,category,price,thumbnail_url) VALUES(83,12,'굿즈083','더미굿즈083','피규어',10000,'g083.jpg');
INSERT INTO popup_goods(popup_goods_id,popup_id,name,description,category,price,thumbnail_url) VALUES(84,12,'굿즈084','더미굿즈084','스티커',11000,'g084.jpg');

INSERT INTO popup_goods(popup_goods_id,popup_id,name,description,category,price,thumbnail_url) VALUES(85,13,'굿즈085','더미굿즈085','의류',12000,'g085.jpg');
INSERT INTO popup_goods(popup_goods_id,popup_id,name,description,category,price,thumbnail_url) VALUES(86,13,'굿즈086','더미굿즈086','소품',13000,'g086.jpg');
INSERT INTO popup_goods(popup_goods_id,popup_id,name,description,category,price,thumbnail_url) VALUES(87,13,'굿즈087','더미굿즈087','포스터',14000,'g087.jpg');
INSERT INTO popup_goods(popup_goods_id,popup_id,name,description,category,price,thumbnail_url) VALUES(88,13,'굿즈088','더미굿즈088','랜덤',15000,'g088.jpg');
INSERT INTO popup_goods(popup_goods_id,popup_id,name,description,category,price,thumbnail_url) VALUES(89,13,'굿즈089','더미굿즈089','앨범',16000,'g089.jpg');
INSERT INTO popup_goods(popup_goods_id,popup_id,name,description,category,price,thumbnail_url) VALUES(90,13,'굿즈090','더미굿즈090','기타',17000,'g090.jpg');
INSERT INTO popup_goods(popup_goods_id,popup_id,name,description,category,price,thumbnail_url) VALUES(91,13,'굿즈091','더미굿즈091','포카',8000,'g091.jpg');

INSERT INTO popup_goods(popup_goods_id,popup_id,name,description,category,price,thumbnail_url) VALUES(92,14,'굿즈092','더미굿즈092','키링',9000,'g092.jpg');
INSERT INTO popup_goods(popup_goods_id,popup_id,name,description,category,price,thumbnail_url) VALUES(93,14,'굿즈093','더미굿즈093','피규어',10000,'g093.jpg');
INSERT INTO popup_goods(popup_goods_id,popup_id,name,description,category,price,thumbnail_url) VALUES(94,14,'굿즈094','더미굿즈094','스티커',11000,'g094.jpg');
INSERT INTO popup_goods(popup_goods_id,popup_id,name,description,category,price,thumbnail_url) VALUES(95,14,'굿즈095','더미굿즈095','의류',12000,'g095.jpg');
INSERT INTO popup_goods(popup_goods_id,popup_id,name,description,category,price,thumbnail_url) VALUES(96,14,'굿즈096','더미굿즈096','소품',13000,'g096.jpg');
INSERT INTO popup_goods(popup_goods_id,popup_id,name,description,category,price,thumbnail_url) VALUES(97,14,'굿즈097','더미굿즈097','포스터',14000,'g097.jpg');
INSERT INTO popup_goods(popup_goods_id,popup_id,name,description,category,price,thumbnail_url) VALUES(98,14,'굿즈098','더미굿즈098','랜덤',15000,'g098.jpg');

INSERT INTO popup_goods(popup_goods_id,popup_id,name,description,category,price,thumbnail_url) VALUES(99,15,'굿즈099','더미굿즈099','앨범',16000,'g099.jpg');
INSERT INTO popup_goods(popup_goods_id,popup_id,name,description,category,price,thumbnail_url) VALUES(100,15,'굿즈100','더미굿즈100','기타',17000,'g100.jpg');
INSERT INTO trade_chat_room(room_id,trade_id,member_id,type,created_at,last_message_at) VALUES(1, 1, 1, 'SELLER',SYSDATE-10,SYSDATE-9);
INSERT INTO trade_chat_room(room_id,trade_id,member_id,type,created_at,last_message_at) VALUES(2,2,1,'SELLER',SYSDATE-9,SYSDATE-8);
INSERT INTO trade_chat_room(room_id,trade_id,member_id,type,created_at,last_message_at) VALUES(3,3,1,'SELLER',SYSDATE-8,SYSDATE-7);
INSERT INTO trade_chat_room(room_id,trade_id,member_id,type,created_at,last_message_at) VALUES(4,4,1,'SELLER',SYSDATE-7,SYSDATE-6);
INSERT INTO trade_chat_room(room_id,trade_id,member_id,type,created_at,last_message_at) VALUES(5,5,1,'SELLER',SYSDATE-6,SYSDATE-5);

INSERT INTO trade_chat_room(room_id,trade_id,member_id,type,created_at,last_message_at) VALUES(6,6,1,'SELLER',SYSDATE-5,SYSDATE-4);
INSERT INTO trade_chat_room(room_id,trade_id,member_id,type,created_at,last_message_at) VALUES(7,7,1,'SELLER',SYSDATE-4,SYSDATE-3);
INSERT INTO trade_chat_room(room_id,trade_id,member_id,type,created_at,last_message_at) VALUES(8,8,1,'SELLER',SYSDATE-3,SYSDATE-2);
INSERT INTO trade_chat_room(room_id,trade_id,member_id,type,created_at,last_message_at) VALUES(9,9,1,'SELLER',SYSDATE-2,SYSDATE-1);
INSERT INTO trade_chat_room(room_id,trade_id,member_id,type,created_at,last_message_at) VALUES(10,10,1,'SELLER',SYSDATE-1,SYSDATE);

INSERT INTO trade_chat_room(room_id,trade_id,member_id,type,created_at,last_message_at) VALUES(11,11,1,'SELLER',SYSDATE-9,SYSDATE-8);
INSERT INTO trade_chat_room(room_id,trade_id,member_id,type,created_at,last_message_at) VALUES(12,12,1,'SELLER',SYSDATE-8,SYSDATE-7);
INSERT INTO trade_chat_room(room_id,trade_id,member_id,type,created_at,last_message_at) VALUES(13,13,1,'SELLER',SYSDATE-7,SYSDATE-6);
INSERT INTO trade_chat_room(room_id,trade_id,member_id,type,created_at,last_message_at) VALUES(14,14,1,'SELLER',SYSDATE-6,SYSDATE-5);
INSERT INTO trade_chat_room(room_id,trade_id,member_id,type,created_at,last_message_at) VALUES(15,15,1,'SELLER',SYSDATE-5,SYSDATE-4);

INSERT INTO trade_chat_room(room_id,trade_id,member_id,type,created_at,last_message_at) VALUES(16,16,1,'SELLER',SYSDATE-4,SYSDATE-3);
INSERT INTO trade_chat_room(room_id,trade_id,member_id,type,created_at,last_message_at) VALUES(17,17,1,'SELLER',SYSDATE-3,SYSDATE-2);
INSERT INTO trade_chat_room(room_id,trade_id,member_id,type,created_at,last_message_at) VALUES(18,18,1,'SELLER',SYSDATE-2,SYSDATE-1);
INSERT INTO trade_chat_room(room_id,trade_id,member_id,type,created_at,last_message_at) VALUES(19,19,1,'SELLER',SYSDATE-1,SYSDATE);
INSERT INTO trade_chat_room(room_id,trade_id,member_id,type,created_at,last_message_at) VALUES(20,20,1,'SELLER',SYSDATE-1,SYSDATE);

INSERT INTO trade_chat_message(message_id,room_id,sender_id,message,created_at,read_yn) VALUES(1,1,2,'안녕하세요, 거래 가능할까요?',SYSDATE-10,'N');
INSERT INTO trade_chat_message(message_id,room_id,sender_id,message,created_at,read_yn) VALUES(2,2,3,'가격 네고 가능할까요?',SYSDATE-10,'Y');
INSERT INTO trade_chat_message(message_id,room_id,sender_id,message,created_at,read_yn) VALUES(3,3,4,'직거래 가능한 지역이 어떻게 되나요?',SYSDATE-10,'N');
INSERT INTO trade_chat_message(message_id,room_id,sender_id,message,created_at,read_yn) VALUES(4,4,5,'입금 완료했습니다, 확인 부탁드려요.',SYSDATE-10,'Y');
INSERT INTO trade_chat_message(message_id,room_id,sender_id,message,created_at,read_yn) VALUES(5,5,6,'오늘 저녁에 거래해도 괜찮을까요?',SYSDATE-10,'N');
INSERT INTO trade_chat_message(message_id,room_id,sender_id,message,created_at,read_yn) VALUES(6,6,7,'사진 추가로 보내주실 수 있나요?',SYSDATE-10,'Y');
INSERT INTO trade_chat_message(message_id,room_id,sender_id,message,created_at,read_yn) VALUES(7,7,8,'안녕하세요, 거래 가능할까요?',SYSDATE-10,'N');
INSERT INTO trade_chat_message(message_id,room_id,sender_id,message,created_at,read_yn) VALUES(8,8,9,'가격 네고 가능할까요?',SYSDATE-10,'Y');
INSERT INTO trade_chat_message(message_id,room_id,sender_id,message,created_at,read_yn) VALUES(9,9,10,'직거래 가능한 지역이 어떻게 되나요?',SYSDATE-10,'N');
INSERT INTO trade_chat_message(message_id,room_id,sender_id,message,created_at,read_yn) VALUES(10,10,11,'입금 완료했습니다, 확인 부탁드려요.',SYSDATE-10,'Y');
INSERT INTO trade_chat_message(message_id,room_id,sender_id,message,created_at,read_yn) VALUES(11,11,12,'오늘 저녁에 거래해도 괜찮을까요?',SYSDATE-10,'N');
INSERT INTO trade_chat_message(message_id,room_id,sender_id,message,created_at,read_yn) VALUES(12,12,13,'사진 추가로 보내주실 수 있나요?',SYSDATE-10,'Y');
INSERT INTO trade_chat_message(message_id,room_id,sender_id,message,created_at,read_yn) VALUES(13,13,14,'안녕하세요, 거래 가능할까요?',SYSDATE-10,'N');
INSERT INTO trade_chat_message(message_id,room_id,sender_id,message,created_at,read_yn) VALUES(14,14,15,'가격 네고 가능할까요?',SYSDATE-10,'Y');
INSERT INTO trade_chat_message(message_id,room_id,sender_id,message,created_at,read_yn) VALUES(15,15,16,'직거래 가능한 지역이 어떻게 되나요?',SYSDATE-10,'N');
INSERT INTO trade_chat_message(message_id,room_id,sender_id,message,created_at,read_yn) VALUES(16,16,17,'입금 완료했습니다, 확인 부탁드려요.',SYSDATE-10,'Y');
INSERT INTO trade_chat_message(message_id,room_id,sender_id,message,created_at,read_yn) VALUES(17,17,18,'오늘 저녁에 거래해도 괜찮을까요?',SYSDATE-10,'N');
INSERT INTO trade_chat_message(message_id,room_id,sender_id,message,created_at,read_yn) VALUES(18,18,19,'사진 추가로 보내주실 수 있나요?',SYSDATE-10,'Y');
INSERT INTO trade_chat_message(message_id,room_id,sender_id,message,created_at,read_yn) VALUES(19,19,20,'안녕하세요, 거래 가능할까요?',SYSDATE-10,'N');
INSERT INTO trade_chat_message(message_id,room_id,sender_id,message,created_at,read_yn) VALUES(20,20,21,'가격 네고 가능할까요?',SYSDATE-10,'Y');

INSERT INTO trade_chat_message(message_id,room_id,sender_id,message,created_at,read_yn) VALUES(21,1,2,'직거래 가능한 지역이 어떻게 되나요?',SYSDATE-8,'N');
INSERT INTO trade_chat_message(message_id,room_id,sender_id,message,created_at,read_yn) VALUES(22,2,3,'입금 완료했습니다, 확인 부탁드려요.',SYSDATE-8,'Y');
INSERT INTO trade_chat_message(message_id,room_id,sender_id,message,created_at,read_yn) VALUES(23,3,4,'오늘 저녁에 거래해도 괜찮을까요?',SYSDATE-8,'N');
INSERT INTO trade_chat_message(message_id,room_id,sender_id,message,created_at,read_yn) VALUES(24,4,5,'사진 추가로 보내주실 수 있나요?',SYSDATE-8,'Y');
INSERT INTO trade_chat_message(message_id,room_id,sender_id,message,created_at,read_yn) VALUES(25,5,6,'안녕하세요, 거래 가능할까요?',SYSDATE-8,'N');
INSERT INTO trade_chat_message(message_id,room_id,sender_id,message,created_at,read_yn) VALUES(26,6,7,'가격 네고 가능할까요?',SYSDATE-8,'Y');
INSERT INTO trade_chat_message(message_id,room_id,sender_id,message,created_at,read_yn) VALUES(27,7,8,'직거래 가능한 지역이 어떻게 되나요?',SYSDATE-8,'N');
INSERT INTO trade_chat_message(message_id,room_id,sender_id,message,created_at,read_yn) VALUES(28,8,9,'입금 완료했습니다, 확인 부탁드려요.',SYSDATE-8,'Y');
INSERT INTO trade_chat_message(message_id,room_id,sender_id,message,created_at,read_yn) VALUES(29,9,10,'오늘 저녁에 거래해도 괜찮을까요?',SYSDATE-8,'N');
INSERT INTO trade_chat_message(message_id,room_id,sender_id,message,created_at,read_yn) VALUES(30,10,11,'사진 추가로 보내주실 수 있나요?',SYSDATE-8,'Y');
INSERT INTO trade_chat_message(message_id,room_id,sender_id,message,created_at,read_yn) VALUES(31,11,12,'안녕하세요, 거래 가능할까요?',SYSDATE-8,'N');
INSERT INTO trade_chat_message(message_id,room_id,sender_id,message,created_at,read_yn) VALUES(32,12,13,'가격 네고 가능할까요?',SYSDATE-8,'Y');
INSERT INTO trade_chat_message(message_id,room_id,sender_id,message,created_at,read_yn) VALUES(33,13,14,'직거래 가능한 지역이 어떻게 되나요?',SYSDATE-8,'N');
INSERT INTO trade_chat_message(message_id,room_id,sender_id,message,created_at,read_yn) VALUES(34,14,15,'입금 완료했습니다, 확인 부탁드려요.',SYSDATE-8,'Y');
INSERT INTO trade_chat_message(message_id,room_id,sender_id,message,created_at,read_yn) VALUES(35,15,16,'오늘 저녁에 거래해도 괜찮을까요?',SYSDATE-8,'N');
INSERT INTO trade_chat_message(message_id,room_id,sender_id,message,created_at,read_yn) VALUES(36,16,17,'사진 추가로 보내주실 수 있나요?',SYSDATE-8,'Y');
INSERT INTO trade_chat_message(message_id,room_id,sender_id,message,created_at,read_yn) VALUES(37,17,18,'안녕하세요, 거래 가능할까요?',SYSDATE-8,'N');
INSERT INTO trade_chat_message(message_id,room_id,sender_id,message,created_at,read_yn) VALUES(38,18,19,'가격 네고 가능할까요?',SYSDATE-8,'Y');
INSERT INTO trade_chat_message(message_id,room_id,sender_id,message,created_at,read_yn) VALUES(39,19,20,'직거래 가능한 지역이 어떻게 되나요?',SYSDATE-8,'N');
INSERT INTO trade_chat_message(message_id,room_id,sender_id,message,created_at,read_yn) VALUES(40,20,21,'입금 완료했습니다, 확인 부탁드려요.',SYSDATE-8,'Y');

INSERT INTO trade_chat_message(message_id,room_id,sender_id,message,created_at,read_yn) VALUES(41,1,2,'오늘 저녁에 거래해도 괜찮을까요?',SYSDATE-6,'N');
INSERT INTO trade_chat_message(message_id,room_id,sender_id,message,created_at,read_yn) VALUES(42,2,3,'사진 추가로 보내주실 수 있나요?',SYSDATE-6,'Y');
INSERT INTO trade_chat_message(message_id,room_id,sender_id,message,created_at,read_yn) VALUES(43,3,4,'안녕하세요, 거래 가능할까요?',SYSDATE-6,'N');
INSERT INTO trade_chat_message(message_id,room_id,sender_id,message,created_at,read_yn) VALUES(44,4,5,'가격 네고 가능할까요?',SYSDATE-6,'Y');
INSERT INTO trade_chat_message(message_id,room_id,sender_id,message,created_at,read_yn) VALUES(45,5,6,'직거래 가능한 지역이 어떻게 되나요?',SYSDATE-6,'N');
INSERT INTO trade_chat_message(message_id,room_id,sender_id,message,created_at,read_yn) VALUES(46,6,7,'입금 완료했습니다, 확인 부탁드려요.',SYSDATE-6,'Y');
INSERT INTO trade_chat_message(message_id,room_id,sender_id,message,created_at,read_yn) VALUES(47,7,8,'오늘 저녁에 거래해도 괜찮을까요?',SYSDATE-6,'N');
INSERT INTO trade_chat_message(message_id,room_id,sender_id,message,created_at,read_yn) VALUES(48,8,9,'사진 추가로 보내주실 수 있나요?',SYSDATE-6,'Y');
INSERT INTO trade_chat_message(message_id,room_id,sender_id,message,created_at,read_yn) VALUES(49,9,10,'안녕하세요, 거래 가능할까요?',SYSDATE-6,'N');
INSERT INTO trade_chat_message(message_id,room_id,sender_id,message,created_at,read_yn) VALUES(50,10,11,'가격 네고 가능할까요?',SYSDATE-6,'Y');
INSERT INTO trade_chat_message(message_id,room_id,sender_id,message,created_at,read_yn) VALUES(51,11,12,'직거래 가능한 지역이 어떻게 되나요?',SYSDATE-6,'N');
INSERT INTO trade_chat_message(message_id,room_id,sender_id,message,created_at,read_yn) VALUES(52,12,13,'입금 완료했습니다, 확인 부탁드려요.',SYSDATE-6,'Y');
INSERT INTO trade_chat_message(message_id,room_id,sender_id,message,created_at,read_yn) VALUES(53,13,14,'오늘 저녁에 거래해도 괜찮을까요?',SYSDATE-6,'N');
INSERT INTO trade_chat_message(message_id,room_id,sender_id,message,created_at,read_yn) VALUES(54,14,15,'사진 추가로 보내주실 수 있나요?',SYSDATE-6,'Y');
INSERT INTO trade_chat_message(message_id,room_id,sender_id,message,created_at,read_yn) VALUES(55,15,16,'안녕하세요, 거래 가능할까요?',SYSDATE-6,'N');
INSERT INTO trade_chat_message(message_id,room_id,sender_id,message,created_at,read_yn) VALUES(56,16,17,'가격 네고 가능할까요?',SYSDATE-6,'Y');
INSERT INTO trade_chat_message(message_id,room_id,sender_id,message,created_at,read_yn) VALUES(57,17,18,'직거래 가능한 지역이 어떻게 되나요?',SYSDATE-6,'N');
INSERT INTO trade_chat_message(message_id,room_id,sender_id,message,created_at,read_yn) VALUES(58,18,19,'입금 완료했습니다, 확인 부탁드려요.',SYSDATE-6,'Y');
INSERT INTO trade_chat_message(message_id,room_id,sender_id,message,created_at,read_yn) VALUES(59,19,20,'오늘 저녁에 거래해도 괜찮을까요?',SYSDATE-6,'N');
INSERT INTO trade_chat_message(message_id,room_id,sender_id,message,created_at,read_yn) VALUES(60,20,21,'사진 추가로 보내주실 수 있나요?',SYSDATE-6,'Y');

INSERT INTO trade_chat_message(message_id,room_id,sender_id,message,created_at,read_yn) VALUES(61,1,2,'안녕하세요, 거래 가능할까요?',SYSDATE-4,'N');
INSERT INTO trade_chat_message(message_id,room_id,sender_id,message,created_at,read_yn) VALUES(62,2,3,'가격 네고 가능할까요?',SYSDATE-4,'Y');
INSERT INTO trade_chat_message(message_id,room_id,sender_id,message,created_at,read_yn) VALUES(63,3,4,'직거래 가능한 지역이 어떻게 되나요?',SYSDATE-4,'N');
INSERT INTO trade_chat_message(message_id,room_id,sender_id,message,created_at,read_yn) VALUES(64,4,5,'입금 완료했습니다, 확인 부탁드려요.',SYSDATE-4,'Y');
INSERT INTO trade_chat_message(message_id,room_id,sender_id,message,created_at,read_yn) VALUES(65,5,6,'오늘 저녁에 거래해도 괜찮을까요?',SYSDATE-4,'N');
INSERT INTO trade_chat_message(message_id,room_id,sender_id,message,created_at,read_yn) VALUES(66,6,7,'사진 추가로 보내주실 수 있나요?',SYSDATE-4,'Y');
INSERT INTO trade_chat_message(message_id,room_id,sender_id,message,created_at,read_yn) VALUES(67,7,8,'안녕하세요, 거래 가능할까요?',SYSDATE-4,'N');
INSERT INTO trade_chat_message(message_id,room_id,sender_id,message,created_at,read_yn) VALUES(68,8,9,'가격 네고 가능할까요?',SYSDATE-4,'Y');
INSERT INTO trade_chat_message(message_id,room_id,sender_id,message,created_at,read_yn) VALUES(69,9,10,'직거래 가능한 지역이 어떻게 되나요?',SYSDATE-4,'N');
INSERT INTO trade_chat_message(message_id,room_id,sender_id,message,created_at,read_yn) VALUES(70,10,11,'입금 완료했습니다, 확인 부탁드려요.',SYSDATE-4,'Y');
INSERT INTO trade_chat_message(message_id,room_id,sender_id,message,created_at,read_yn) VALUES(71,11,12,'오늘 저녁에 거래해도 괜찮을까요?',SYSDATE-4,'N');
INSERT INTO trade_chat_message(message_id,room_id,sender_id,message,created_at,read_yn) VALUES(72,12,13,'사진 추가로 보내주실 수 있나요?',SYSDATE-4,'Y');
INSERT INTO trade_chat_message(message_id,room_id,sender_id,message,created_at,read_yn) VALUES(73,13,14,'안녕하세요, 거래 가능할까요?',SYSDATE-4,'N');
INSERT INTO trade_chat_message(message_id,room_id,sender_id,message,created_at,read_yn) VALUES(74,14,15,'가격 네고 가능할까요?',SYSDATE-4,'Y');
INSERT INTO trade_chat_message(message_id,room_id,sender_id,message,created_at,read_yn) VALUES(75,15,16,'직거래 가능한 지역이 어떻게 되나요?',SYSDATE-4,'N');
INSERT INTO trade_chat_message(message_id,room_id,sender_id,message,created_at,read_yn) VALUES(76,16,17,'입금 완료했습니다, 확인 부탁드려요.',SYSDATE-4,'Y');
INSERT INTO trade_chat_message(message_id,room_id,sender_id,message,created_at,read_yn) VALUES(77,17,18,'오늘 저녁에 거래해도 괜찮을까요?',SYSDATE-4,'N');
INSERT INTO trade_chat_message(message_id,room_id,sender_id,message,created_at,read_yn) VALUES(78,18,19,'사진 추가로 보내주실 수 있나요?',SYSDATE-4,'Y');
INSERT INTO trade_chat_message(message_id,room_id,sender_id,message,created_at,read_yn) VALUES(79,19,20,'안녕하세요, 거래 가능할까요?',SYSDATE-4,'N');
INSERT INTO trade_chat_message(message_id,room_id,sender_id,message,created_at,read_yn) VALUES(80,20,21,'가격 네고 가능할까요?',SYSDATE-4,'Y');

INSERT INTO trade_chat_message(message_id,room_id,sender_id,message,created_at,read_yn) VALUES(81,1,2,'직거래 가능한 지역이 어떻게 되나요?',SYSDATE-2,'N');
INSERT INTO trade_chat_message(message_id,room_id,sender_id,message,created_at,read_yn) VALUES(82,2,3,'입금 완료했습니다, 확인 부탁드려요.',SYSDATE-2,'Y');
INSERT INTO trade_chat_message(message_id,room_id,sender_id,message,created_at,read_yn) VALUES(83,3,4,'오늘 저녁에 거래해도 괜찮을까요?',SYSDATE-2,'N');
INSERT INTO trade_chat_message(message_id,room_id,sender_id,message,created_at,read_yn) VALUES(84,4,5,'사진 추가로 보내주실 수 있나요?',SYSDATE-2,'Y');
INSERT INTO trade_chat_message(message_id,room_id,sender_id,message,created_at,read_yn) VALUES(85,5,6,'안녕하세요, 거래 가능할까요?',SYSDATE-2,'N');
INSERT INTO trade_chat_message(message_id,room_id,sender_id,message,created_at,read_yn) VALUES(86,6,7,'가격 네고 가능할까요?',SYSDATE-2,'Y');
INSERT INTO trade_chat_message(message_id,room_id,sender_id,message,created_at,read_yn) VALUES(87,7,8,'직거래 가능한 지역이 어떻게 되나요?',SYSDATE-2,'N');
INSERT INTO trade_chat_message(message_id,room_id,sender_id,message,created_at,read_yn) VALUES(88,8,9,'입금 완료했습니다, 확인 부탁드려요.',SYSDATE-2,'Y');
INSERT INTO trade_chat_message(message_id,room_id,sender_id,message,created_at,read_yn) VALUES(89,9,10,'오늘 저녁에 거래해도 괜찮을까요?',SYSDATE-2,'N');
INSERT INTO trade_chat_message(message_id,room_id,sender_id,message,created_at,read_yn) VALUES(90,10,11,'사진 추가로 보내주실 수 있나요?',SYSDATE-2,'Y');
INSERT INTO trade_chat_message(message_id,room_id,sender_id,message,created_at,read_yn) VALUES(91,11,12,'안녕하세요, 거래 가능할까요?',SYSDATE-2,'N');
INSERT INTO trade_chat_message(message_id,room_id,sender_id,message,created_at,read_yn) VALUES(92,12,13,'가격 네고 가능할까요?',SYSDATE-2,'Y');
INSERT INTO trade_chat_message(message_id,room_id,sender_id,message,created_at,read_yn) VALUES(93,13,14,'직거래 가능한 지역이 어떻게 되나요?',SYSDATE-2,'N');
INSERT INTO trade_chat_message(message_id,room_id,sender_id,message,created_at,read_yn) VALUES(94,14,15,'입금 완료했습니다, 확인 부탁드려요.',SYSDATE-2,'Y');
INSERT INTO trade_chat_message(message_id,room_id,sender_id,message,created_at,read_yn) VALUES(95,15,16,'오늘 저녁에 거래해도 괜찮을까요?',SYSDATE-2,'N');
INSERT INTO trade_chat_message(message_id,room_id,sender_id,message,created_at,read_yn) VALUES(96,16,17,'사진 추가로 보내주실 수 있나요?',SYSDATE-2,'Y');
INSERT INTO trade_chat_message(message_id,room_id,sender_id,message,created_at,read_yn) VALUES(97,17,18,'안녕하세요, 거래 가능할까요?',SYSDATE-2,'N');
INSERT INTO trade_chat_message(message_id,room_id,sender_id,message,created_at,read_yn) VALUES(98,18,19,'가격 네고 가능할까요?',SYSDATE-2,'Y');
INSERT INTO trade_chat_message(message_id,room_id,sender_id,message,created_at,read_yn) VALUES(99,19,20,'직거래 가능한 지역이 어떻게 되나요?',SYSDATE-2,'N');
INSERT INTO trade_chat_message(message_id,room_id,sender_id,message,created_at,read_yn) VALUES(100,20,21,'입금 완료했습니다, 확인 부탁드려요.',SYSDATE-2,'Y');
INSERT INTO trade_post_image(image_id,trade_id,image_url,sort_order) VALUES(1,1,'trade1_img1.jpg',1);
INSERT INTO trade_post_image(image_id,trade_id,image_url,sort_order) VALUES(2,1,'trade1_img2.jpg',2);
INSERT INTO trade_post_image(image_id,trade_id,image_url,sort_order) VALUES(3,1,'trade1_img3.jpg',3);
INSERT INTO trade_post_image(image_id,trade_id,image_url,sort_order) VALUES(4,1,'trade1_img4.jpg',4);

INSERT INTO trade_post_image(image_id,trade_id,image_url,sort_order) VALUES(5,2,'trade2_img1.jpg',1);
INSERT INTO trade_post_image(image_id,trade_id,image_url,sort_order) VALUES(6,2,'trade2_img2.jpg',2);
INSERT INTO trade_post_image(image_id,trade_id,image_url,sort_order) VALUES(7,2,'trade2_img3.jpg',3);
INSERT INTO trade_post_image(image_id,trade_id,image_url,sort_order) VALUES(8,2,'trade2_img4.jpg',4);

INSERT INTO trade_post_image(image_id,trade_id,image_url,sort_order) VALUES(9,3,'trade3_img1.jpg',1);
INSERT INTO trade_post_image(image_id,trade_id,image_url,sort_order) VALUES(10,3,'trade3_img2.jpg',2);
INSERT INTO trade_post_image(image_id,trade_id,image_url,sort_order) VALUES(11,3,'trade3_img3.jpg',3);
INSERT INTO trade_post_image(image_id,trade_id,image_url,sort_order) VALUES(12,3,'trade3_img4.jpg',4);

INSERT INTO trade_post_image(image_id,trade_id,image_url,sort_order) VALUES(13,4,'trade4_img1.jpg',1);
INSERT INTO trade_post_image(image_id,trade_id,image_url,sort_order) VALUES(14,4,'trade4_img2.jpg',2);
INSERT INTO trade_post_image(image_id,trade_id,image_url,sort_order) VALUES(15,4,'trade4_img3.jpg',3);
INSERT INTO trade_post_image(image_id,trade_id,image_url,sort_order) VALUES(16,4,'trade4_img4.jpg',4);

INSERT INTO trade_post_image(image_id,trade_id,image_url,sort_order) VALUES(17,5,'trade5_img1.jpg',1);
INSERT INTO trade_post_image(image_id,trade_id,image_url,sort_order) VALUES(18,5,'trade5_img2.jpg',2);
INSERT INTO trade_post_image(image_id,trade_id,image_url,sort_order) VALUES(19,5,'trade5_img3.jpg',3);
INSERT INTO trade_post_image(image_id,trade_id,image_url,sort_order) VALUES(20,5,'trade5_img4.jpg',4);

INSERT INTO trade_post_image(image_id,trade_id,image_url,sort_order) VALUES(21,6,'trade6_img1.jpg',1);
INSERT INTO trade_post_image(image_id,trade_id,image_url,sort_order) VALUES(22,6,'trade6_img2.jpg',2);
INSERT INTO trade_post_image(image_id,trade_id,image_url,sort_order) VALUES(23,6,'trade6_img3.jpg',3);
INSERT INTO trade_post_image(image_id,trade_id,image_url,sort_order) VALUES(24,6,'trade6_img4.jpg',4);

INSERT INTO trade_post_image(image_id,trade_id,image_url,sort_order) VALUES(25,7,'trade7_img1.jpg',1);
INSERT INTO trade_post_image(image_id,trade_id,image_url,sort_order) VALUES(26,7,'trade7_img2.jpg',2);
INSERT INTO trade_post_image(image_id,trade_id,image_url,sort_order) VALUES(27,7,'trade7_img3.jpg',3);
INSERT INTO trade_post_image(image_id,trade_id,image_url,sort_order) VALUES(28,7,'trade7_img4.jpg',4);

INSERT INTO trade_post_image(image_id,trade_id,image_url,sort_order) VALUES(29,8,'trade8_img1.jpg',1);
INSERT INTO trade_post_image(image_id,trade_id,image_url,sort_order) VALUES(30,8,'trade8_img2.jpg',2);
INSERT INTO trade_post_image(image_id,trade_id,image_url,sort_order) VALUES(31,8,'trade8_img3.jpg',3);
INSERT INTO trade_post_image(image_id,trade_id,image_url,sort_order) VALUES(32,8,'trade8_img4.jpg',4);

INSERT INTO trade_post_image(image_id,trade_id,image_url,sort_order) VALUES(33,9,'trade9_img1.jpg',1);
INSERT INTO trade_post_image(image_id,trade_id,image_url,sort_order) VALUES(34,9,'trade9_img2.jpg',2);
INSERT INTO trade_post_image(image_id,trade_id,image_url,sort_order) VALUES(35,9,'trade9_img3.jpg',3);
INSERT INTO trade_post_image(image_id,trade_id,image_url,sort_order) VALUES(36,9,'trade9_img4.jpg',4);

INSERT INTO trade_post_image(image_id,trade_id,image_url,sort_order) VALUES(37,10,'trade10_img1.jpg',1);
INSERT INTO trade_post_image(image_id,trade_id,image_url,sort_order) VALUES(38,10,'trade10_img2.jpg',2);
INSERT INTO trade_post_image(image_id,trade_id,image_url,sort_order) VALUES(39,10,'trade10_img3.jpg',3);
INSERT INTO trade_post_image(image_id,trade_id,image_url,sort_order) VALUES(40,10,'trade10_img4.jpg',4);

INSERT INTO board_report(report_id,post_id,comment_id,reporter_id,reason,status,created_at)
VALUES(1,1,NULL,5,'스팸/홍보성 게시글입니다.','WAIT',SYSDATE-10);

INSERT INTO board_report(report_id,post_id,comment_id,reporter_id,reason,status,created_at)
VALUES(2,2,NULL,8,'주제와 맞지 않는 내용입니다.','WAIT',SYSDATE-9);

INSERT INTO board_report(report_id,post_id,comment_id,reporter_id,reason,status,created_at)
VALUES(3,3,NULL,12,'욕설 및 비방이 포함되어 있습니다.','WAIT',SYSDATE-9);

INSERT INTO board_report(report_id,post_id,comment_id,reporter_id,reason,status,created_at)
VALUES(4,4,NULL,7,'중복 게시글로 보입니다.','DONE',SYSDATE-8);

INSERT INTO board_report(report_id,post_id,comment_id,reporter_id,reason,status,created_at)
VALUES(5,5,NULL,10,'허위 정보가 포함된 것 같습니다.','WAIT',SYSDATE-8);

INSERT INTO board_report(report_id,post_id,comment_id,reporter_id,reason,status,created_at)
VALUES(6,6,NULL,3,'선정적인 내용이 포함되어 있습니다.','WAIT',SYSDATE-7);

INSERT INTO board_report(report_id,post_id,comment_id,reporter_id,reason,status,created_at)
VALUES(7,7,NULL,4,'저작권을 침해하는 이미지가 포함된 것 같습니다.','DONE',SYSDATE-7);

INSERT INTO board_report(report_id,post_id,comment_id,reporter_id,reason,status,created_at)
VALUES(8,8,NULL,9,'타인 사칭이 의심되는 게시글입니다.','WAIT',SYSDATE-6);

INSERT INTO board_report(report_id,post_id,comment_id,reporter_id,reason,status,created_at)
VALUES(9,9,NULL,2,'광고/홍보 목적의 글로 보입니다.','WAIT',SYSDATE-6);

INSERT INTO board_report(report_id,post_id,comment_id,reporter_id,reason,status,created_at)
VALUES(10,10,NULL,11,'비속어 사용이 심한 게시글입니다.','DONE',SYSDATE-5);

-- 댓글 신고 (comment_id 기준)
INSERT INTO board_report(report_id,post_id,comment_id,reporter_id,reason,status,created_at)
VALUES(11,NULL,1,5,'댓글에 욕설이 포함되어 있습니다.','WAIT',SYSDATE-5);

INSERT INTO board_report(report_id,post_id,comment_id,reporter_id,reason,status,created_at)
VALUES(12,NULL,2,6,'도배성 댓글로 보입니다.','WAIT',SYSDATE-5);

INSERT INTO board_report(report_id,post_id,comment_id,reporter_id,reason,status,created_at)
VALUES(13,NULL,3,7,'타인을 비방하는 내용입니다.','DONE',SYSDATE-4);

INSERT INTO board_report(report_id,post_id,comment_id,reporter_id,reason,status,created_at)
VALUES(14,NULL,4,8,'정치/사회 분쟁을 유도하는 댓글입니다.','WAIT',SYSDATE-4);

INSERT INTO board_report(report_id,post_id,comment_id,reporter_id,reason,status,created_at)
VALUES(15,NULL,5,9,'개인정보 노출이 우려됩니다.','WAIT',SYSDATE-4);

INSERT INTO board_report(report_id,post_id,comment_id,reporter_id,reason,status,created_at)
VALUES(16,NULL,6,10,'성적인 표현이 포함되어 있습니다.','DONE',SYSDATE-3);

INSERT INTO board_report(report_id,post_id,comment_id,reporter_id,reason,status,created_at)
VALUES(17,NULL,7,11,'상대방을 괴롭히는 내용입니다.','WAIT',SYSDATE-3);

INSERT INTO board_report(report_id,post_id,comment_id,reporter_id,reason,status,created_at)
VALUES(18,NULL,8,12,'지나친 비하 표현이 있습니다.','WAIT',SYSDATE-3);

INSERT INTO board_report(report_id,post_id,comment_id,reporter_id,reason,status,created_at)
VALUES(19,NULL,9,13,'광고 링크가 포함된 댓글입니다.','DONE',SYSDATE-2);

INSERT INTO board_report(report_id,post_id,comment_id,reporter_id,reason,status,created_at)
VALUES(20,NULL,10,14,'도배성 이모티콘 댓글입니다.','WAIT',SYSDATE-2);

-- 게시글 신고 추가
INSERT INTO board_report(report_id,post_id,comment_id,reporter_id,reason,status,created_at)
VALUES(21,11,NULL,15,'규칙 위반으로 보이는 게시글입니다.','WAIT',SYSDATE-2);

INSERT INTO board_report(report_id,post_id,comment_id,reporter_id,reason,status,created_at)
VALUES(22,12,NULL,16,'불쾌감을 주는 표현이 있습니다.','DONE',SYSDATE-2);

INSERT INTO board_report(report_id,post_id,comment_id,reporter_id,reason,status,created_at)
VALUES(23,13,NULL,17,'특정 대상을 괴롭히는 내용입니다.','WAIT',SYSDATE-1);

INSERT INTO board_report(report_id,post_id,comment_id,reporter_id,reason,status,created_at)
VALUES(24,14,NULL,18,'거래 사기를 유도하는 것 같습니다.','WAIT',SYSDATE-1);

INSERT INTO board_report(report_id,post_id,comment_id,reporter_id,reason,status,created_at)
VALUES(25,15,NULL,19,'허위 사실을 유포하는 내용 같습니다.','DONE',SYSDATE-1);

INSERT INTO board_report(report_id,post_id,comment_id,reporter_id,reason,status,created_at)
VALUES(26,16,NULL,20,'게시판 규칙에 맞지 않는 홍보글입니다.','WAIT',SYSDATE-1);

INSERT INTO board_report(report_id,post_id,comment_id,reporter_id,reason,status,created_at)
VALUES(27,17,NULL,21,'타인의 명예를 훼손하는 내용입니다.','WAIT',SYSDATE);

INSERT INTO board_report(report_id,post_id,comment_id,reporter_id,reason,status,created_at)
VALUES(28,18,NULL,22,'부적절한 이미지가 포함되어 있습니다.','DONE',SYSDATE);

-- 댓글 신고 추가
INSERT INTO board_report(report_id,post_id,comment_id,reporter_id,reason,status,created_at)
VALUES(29,NULL,11,5,'게시글과 관련 없는 내용의 댓글입니다.','WAIT',SYSDATE-1);

INSERT INTO board_report(report_id,post_id,comment_id,reporter_id,reason,status,created_at)
VALUES(30,NULL,12,6,'타인을 조롱하는 내용입니다.','WAIT',SYSDATE-1);

INSERT INTO board_report(report_id,post_id,comment_id,reporter_id,reason,status,created_at)
VALUES(31,NULL,13,7,'허위 정보를 퍼뜨리는 댓글 같습니다.','DONE',SYSDATE-1);

INSERT INTO board_report(report_id,post_id,comment_id,reporter_id,reason,status,created_at)
VALUES(32,NULL,14,8,'도배성 댓글 신고합니다.','WAIT',SYSDATE-1);

INSERT INTO board_report(report_id,post_id,comment_id,reporter_id,reason,status,created_at)
VALUES(33,NULL,15,9,'욕설이 반복적으로 사용되었습니다.','WAIT',SYSDATE);

INSERT INTO board_report(report_id,post_id,comment_id,reporter_id,reason,status,created_at)
VALUES(34,NULL,16,10,'개인을 공격하는 표현이 있습니다.','DONE',SYSDATE);

INSERT INTO board_report(report_id,post_id,comment_id,reporter_id,reason,status,created_at)
VALUES(35,NULL,17,11,'정치적 분쟁을 유도하는 댓글입니다.','WAIT',SYSDATE);

INSERT INTO board_report(report_id,post_id,comment_id,reporter_id,reason,status,created_at)
VALUES(36,NULL,18,12,'상업적 광고로 보입니다.','WAIT',SYSDATE);

INSERT INTO board_report(report_id,post_id,comment_id,reporter_id,reason,status,created_at)
VALUES(37,NULL,19,13,'불법 거래를 암시하는 내용입니다.','WAIT',SYSDATE);

INSERT INTO board_report(report_id,post_id,comment_id,reporter_id,reason,status,created_at)
VALUES(38,NULL,20,14,'타 커뮤니티로 유도하는 스팸 댓글입니다.','DONE',SYSDATE);

-- 게시글/댓글 혼합
INSERT INTO board_report(report_id,post_id,comment_id,reporter_id,reason,status,created_at)
VALUES(39,19,NULL,15,'게시판 성격과 맞지 않는 홍보성 글입니다.','WAIT',SYSDATE);

INSERT INTO board_report(report_id,post_id,comment_id,reporter_id,reason,status,created_at)
VALUES(40,20,NULL,16,'과도한 비방 표현이 포함된 게시글입니다.','WAIT',SYSDATE);

commit ;

