INSERT INTO MEMBER(login_id,login_pw,nickname,profile_image_url,intro,user_level,email,gender,nationality,deleted_yn) VALUES('user001','pw001','닉네임001','https://example.com/profile/sample1.png','안녕하세요, 유저001입니다.',2,'user001@example.com','남자','내국인','N');
INSERT INTO MEMBER(login_id,login_pw,nickname,profile_image_url,intro,user_level,email,gender,nationality,deleted_yn) VALUES('user002','pw002','닉네임002','https://example.com/profile/sample1.png','안녕하세요, 유저002입니다.',2,'user002@example.com','여자','내국인','N');
INSERT INTO MEMBER(login_id,login_pw,nickname,profile_image_url,intro,user_level,email,gender,nationality,deleted_yn) VALUES('user003','pw003','닉네임003','https://example.com/profile/sample1.png','안녕하세요, 유저003입니다.',2,'user003@example.com','남자','내국인','N');
INSERT INTO MEMBER(login_id,login_pw,nickname,profile_image_url,intro,user_level,email,gender,nationality,deleted_yn) VALUES('user004','pw004','닉네임004','https://example.com/profile/sample1.png','안녕하세요, 유저004입니다.',2,'user004@example.com','여자','내국인','N');
INSERT INTO MEMBER(login_id,login_pw,nickname,profile_image_url,intro,user_level,email,gender,nationality,deleted_yn) VALUES('user005','pw005','닉네임005','https://example.com/profile/sample1.png','안녕하세요, 유저005입니다.',2,'user005@example.com','남자','외국인','N');
INSERT INTO MEMBER(login_id,login_pw,nickname,profile_image_url,intro,user_level,email,gender,nationality,deleted_yn) VALUES('user006','pw006','닉네임006','https://example.com/profile/sample1.png','안녕하세요, 유저006입니다.',2,'user006@example.com','여자','내국인','N');
INSERT INTO MEMBER(login_id,login_pw,nickname,profile_image_url,intro,user_level,email,gender,nationality,deleted_yn) VALUES('user007','pw007','닉네임007','https://example.com/profile/sample1.png','안녕하세요, 유저007입니다.',2,'user007@example.com','남자','내국인','N');
INSERT INTO MEMBER(login_id,login_pw,nickname,profile_image_url,intro,user_level,email,gender,nationality,deleted_yn) VALUES('user008','pw008','닉네임008','https://example.com/profile/sample1.png','안녕하세요, 유저008입니다.',2,'user008@example.com','여자','내국인','N');
INSERT INTO MEMBER(login_id,login_pw,nickname,profile_image_url,intro,user_level,email,gender,nationality,deleted_yn) VALUES('user009','pw009','닉네임009','https://example.com/profile/sample1.png','안녕하세요, 유저009입니다.',2,'user009@example.com','남자','내국인','N');
INSERT INTO MEMBER(login_id,login_pw,nickname,profile_image_url,intro,user_level,email,gender,nationality,deleted_yn) VALUES('user010','pw010','닉네임010','https://example.com/profile/sample1.png','안녕하세요, 유저010입니다.',2,'user010@example.com','여자','외국인','N');
INSERT INTO MEMBER(login_id,login_pw,nickname,profile_image_url,intro,user_level,email,gender,nationality,deleted_yn) VALUES('user011','pw011','닉네임011','https://example.com/profile/sample2.png','안녕하세요, 유저011입니다.',2,'user011@example.com','남자','내국인','N');
INSERT INTO MEMBER(login_id,login_pw,nickname,profile_image_url,intro,user_level,email,gender,nationality,deleted_yn) VALUES('user012','pw012','닉네임012','https://example.com/profile/sample2.png','안녕하세요, 유저012입니다.',2,'user012@example.com','여자','내국인','N');
INSERT INTO MEMBER(login_id,login_pw,nickname,profile_image_url,intro,user_level,email,gender,nationality,deleted_yn) VALUES('user013','pw013','닉네임013','https://example.com/profile/sample2.png','안녕하세요, 유저013입니다.',2,'user013@example.com','남자','내국인','N');
INSERT INTO MEMBER(login_id,login_pw,nickname,profile_image_url,intro,user_level,email,gender,nationality,deleted_yn) VALUES('user014','pw014','닉네임014','https://example.com/profile/sample2.png','안녕하세요, 유저014입니다.',2,'user014@example.com','여자','내국인','N');
INSERT INTO MEMBER(login_id,login_pw,nickname,profile_image_url,intro,user_level,email,gender,nationality,deleted_yn) VALUES('user015','pw015','닉네임015','https://example.com/profile/sample2.png','안녕하세요, 유저015입니다.',2,'user015@example.com','남자','외국인','N');
INSERT INTO MEMBER(login_id,login_pw,nickname,profile_image_url,intro,user_level,email,gender,nationality,deleted_yn) VALUES('user016','pw016','닉네임016','https://example.com/profile/sample2.png','안녕하세요, 유저016입니다.',2,'user016@example.com','여자','내국인','N');
INSERT INTO MEMBER(login_id,login_pw,nickname,profile_image_url,intro,user_level,email,gender,nationality,deleted_yn) VALUES('user017','pw017','닉네임017','https://example.com/profile/sample2.png','안녕하세요, 유저017입니다.',2,'user017@example.com','남자','내국인','N');
INSERT INTO MEMBER(login_id,login_pw,nickname,profile_image_url,intro,user_level,email,gender,nationality,deleted_yn) VALUES('user018','pw018','닉네임018','https://example.com/profile/sample2.png','안녕하세요, 유저018입니다.',2,'user018@example.com','여자','내국인','N');
INSERT INTO MEMBER(login_id,login_pw,nickname,profile_image_url,intro,user_level,email,gender,nationality,deleted_yn) VALUES('user019','pw019','닉네임019','https://example.com/profile/sample2.png','안녕하세요, 유저019입니다.',2,'user019@example.com','남자','내국인','N');
INSERT INTO MEMBER(login_id,login_pw,nickname,profile_image_url,intro,user_level,email,gender,nationality,deleted_yn) VALUES('user020','pw020','닉네임020','https://example.com/profile/sample2.png','안녕하세요, 유저020입니다.',2,'user020@example.com','여자','외국인','N');
INSERT INTO MEMBER(login_id,login_pw,nickname,profile_image_url,intro,user_level,email,gender,nationality,deleted_yn) VALUES('user021','pw021','닉네임021','https://example.com/profile/sample3.png','안녕하세요, 유저021입니다.',2,'user021@example.com','남자','내국인','N');
INSERT INTO MEMBER(login_id,login_pw,nickname,profile_image_url,intro,user_level,email,gender,nationality,deleted_yn) VALUES('user022','pw022','닉네임022','https://example.com/profile/sample3.png','안녕하세요, 유저022입니다.',2,'user022@example.com','여자','내국인','N');
INSERT INTO MEMBER(login_id,login_pw,nickname,profile_image_url,intro,user_level,email,gender,nationality,deleted_yn) VALUES('user023','pw023','닉네임023','https://example.com/profile/sample3.png','안녕하세요, 유저023입니다.',2,'user023@example.com','남자','내국인','N');
INSERT INTO MEMBER(login_id,login_pw,nickname,profile_image_url,intro,user_level,email,gender,nationality,deleted_yn) VALUES('user024','pw024','닉네임024','https://example.com/profile/sample3.png','안녕하세요, 유저024입니다.',2,'user024@example.com','여자','내국인','N');
INSERT INTO MEMBER(login_id,login_pw,nickname,profile_image_url,intro,user_level,email,gender,nationality,deleted_yn) VALUES('user025','pw025','닉네임025','https://example.com/profile/sample3.png','안녕하세요, 유저025입니다.',2,'user025@example.com','남자','외국인','N');
INSERT INTO MEMBER(login_id,login_pw,nickname,profile_image_url,intro,user_level,email,gender,nationality,deleted_yn) VALUES('user026','pw026','닉네임026','https://example.com/profile/sample3.png','안녕하세요, 유저026입니다.',2,'user026@example.com','여자','내국인','N');
INSERT INTO MEMBER(login_id,login_pw,nickname,profile_image_url,intro,user_level,email,gender,nationality,deleted_yn) VALUES('user027','pw027','닉네임027','https://example.com/profile/sample3.png','안녕하세요, 유저027입니다.',2,'user027@example.com','남자','내국인','N');
INSERT INTO MEMBER(login_id,login_pw,nickname,profile_image_url,intro,user_level,email,gender,nationality,deleted_yn) VALUES('user028','pw028','닉네임028','https://example.com/profile/sample3.png','안녕하세요, 유저028입니다.',2,'user028@example.com','여자','내국인','N');
INSERT INTO MEMBER(login_id,login_pw,nickname,profile_image_url,intro,user_level,email,gender,nationality,deleted_yn) VALUES('user029','pw029','닉네임029','https://example.com/profile/sample3.png','안녕하세요, 유저029입니다.',2,'user029@example.com','남자','내국인','N');
INSERT INTO MEMBER(login_id,login_pw,nickname,profile_image_url,intro,user_level,email,gender,nationality,deleted_yn) VALUES('user030','pw030','닉네임030','https://example.com/profile/sample3.png','안녕하세요, 유저030입니다.',2,'user030@example.com','여자','외국인','N');
INSERT INTO MEMBER(login_id,login_pw,nickname,profile_image_url,intro,user_level,email,gender,nationality,deleted_yn) VALUES('user031','pw031','닉네임031',NULL,'안녕하세요, 유저031입니다.',2,'user031@example.com','남자','내국인','N');
INSERT INTO MEMBER(login_id,login_pw,nickname,profile_image_url,intro,user_level,email,gender,nationality,deleted_yn) VALUES('user032','pw032','닉네임032',NULL,'안녕하세요, 유저032입니다.',2,'user032@example.com','여자','내국인','N');
INSERT INTO MEMBER(login_id,login_pw,nickname,profile_image_url,intro,user_level,email,gender,nationality,deleted_yn) VALUES('user033','pw033','닉네임033',NULL,'안녕하세요, 유저033입니다.',2,'user033@example.com','남자','내국인','N');
INSERT INTO MEMBER(login_id,login_pw,nickname,profile_image_url,intro,user_level,email,gender,nationality,deleted_yn) VALUES('user034','pw034','닉네임034',NULL,'안녕하세요, 유저034입니다.',2,'user034@example.com','여자','내국인','N');
INSERT INTO MEMBER(login_id,login_pw,nickname,profile_image_url,intro,user_level,email,gender,nationality,deleted_yn) VALUES('user035','pw035','닉네임035',NULL,'안녕하세요, 유저035입니다.',2,'user035@example.com','남자','외국인','N');
INSERT INTO MEMBER(login_id,login_pw,nickname,profile_image_url,intro,user_level,email,gender,nationality,deleted_yn) VALUES('user036','pw036','닉네임036',NULL,'안녕하세요, 유저036입니다.',2,'user036@example.com','여자','내국인','N');
INSERT INTO MEMBER(login_id,login_pw,nickname,profile_image_url,intro,user_level,email,gender,nationality,deleted_yn) VALUES('user037','pw037','닉네임037',NULL,'안녕하세요, 유저037입니다.',2,'user037@example.com','남자','내국인','N');
INSERT INTO MEMBER(login_id,login_pw,nickname,profile_image_url,intro,user_level,email,gender,nationality,deleted_yn) VALUES('user038','pw038','닉네임038',NULL,'안녕하세요, 유저038입니다.',2,'user038@example.com','여자','내국인','N');
INSERT INTO MEMBER(login_id,login_pw,nickname,profile_image_url,intro,user_level,email,gender,nationality,deleted_yn) VALUES('user039','pw039','닉네임039',NULL,'안녕하세요, 유저039입니다.',2,'user039@example.com','남자','내국인','N');
INSERT INTO MEMBER(login_id,login_pw,nickname,profile_image_url,intro,user_level,email,gender,nationality,deleted_yn) VALUES('user040','pw040','닉네임040',NULL,'안녕하세요, 유저040입니다.',2,'user040@example.com','여자','외국인','N');
INSERT INTO MEMBER(login_id,login_pw,nickname,profile_image_url,intro,user_level,email,gender,nationality,deleted_yn) VALUES('user041','pw041','닉네임041',NULL,'안녕하세요, 유저041입니다.',2,'user041@example.com','남자','내국인','N');
INSERT INTO MEMBER(login_id,login_pw,nickname,profile_image_url,intro,user_level,email,gender,nationality,deleted_yn) VALUES('user042','pw042','닉네임042',NULL,'안녕하세요, 유저042입니다.',2,'user042@example.com','여자','내국인','N');
INSERT INTO MEMBER(login_id,login_pw,nickname,profile_image_url,intro,user_level,email,gender,nationality,deleted_yn) VALUES('user043','pw043','닉네임043',NULL,'안녕하세요, 유저043입니다.',2,'user043@example.com','남자','내국인','N');
INSERT INTO MEMBER(login_id,login_pw,nickname,profile_image_url,intro,user_level,email,gender,nationality,deleted_yn) VALUES('user044','pw044','닉네임044',NULL,'안녕하세요, 유저044입니다.',2,'user044@example.com','여자','내국인','N');
INSERT INTO MEMBER(login_id,login_pw,nickname,profile_image_url,intro,user_level,email,gender,nationality,deleted_yn) VALUES('user045','pw045','닉네임045',NULL,'안녕하세요, 유저045입니다.',2,'user045@example.com','남자','외국인','N');
INSERT INTO MEMBER(login_id,login_pw,nickname,profile_image_url,intro,user_level,email,gender,nationality,deleted_yn) VALUES('user046','pw046','닉네임046',NULL,'안녕하세요, 유저046입니다.',2,'user046@example.com','여자','내국인','N');
INSERT INTO MEMBER(login_id,login_pw,nickname,profile_image_url,intro,user_level,email,gender,nationality,deleted_yn) VALUES('user047','pw047','닉네임047',NULL,'안녕하세요, 유저047입니다.',2,'user047@example.com','남자','내국인','N');
INSERT INTO MEMBER(login_id,login_pw,nickname,profile_image_url,intro,user_level,email,gender,nationality,deleted_yn) VALUES('user048','pw048','닉네임048',NULL,'안녕하세요, 유저048입니다.',2,'user048@example.com','여자','내국인','N');
INSERT INTO MEMBER(login_id,login_pw,nickname,profile_image_url,intro,user_level,email,gender,nationality,deleted_yn) VALUES('user049','pw049','닉네임049',NULL,'안녕하세요, 유저049입니다.',2,'user049@example.com','남자','내국인','N');
INSERT INTO MEMBER(login_id,login_pw,nickname,profile_image_url,intro,user_level,email,gender,nationality,deleted_yn) VALUES('user050','pw050','닉네임050',NULL,'안녕하세요, 유저050입니다.',2,'user050@example.com','여자','외국인','N');
INSERT INTO MEMBER(login_id,login_pw,nickname,profile_image_url,intro,user_level,email,gender,nationality,deleted_yn) VALUES('user051','pw051','닉네임051',NULL,'안녕하세요, 유저051입니다.',2,'user051@example.com','남자','내국인','N');
INSERT INTO MEMBER(login_id,login_pw,nickname,profile_image_url,intro,user_level,email,gender,nationality,deleted_yn) VALUES('user052','pw052','닉네임052',NULL,'안녕하세요, 유저052입니다.',2,'user052@example.com','여자','내국인','N');
INSERT INTO MEMBER(login_id,login_pw,nickname,profile_image_url,intro,user_level,email,gender,nationality,deleted_yn) VALUES('user053','pw053','닉네임053',NULL,'안녕하세요, 유저053입니다.',2,'user053@example.com','남자','내국인','N');
INSERT INTO MEMBER(login_id,login_pw,nickname,profile_image_url,intro,user_level,email,gender,nationality,deleted_yn) VALUES('user054','pw054','닉네임054',NULL,'안녕하세요, 유저054입니다.',2,'user054@example.com','여자','내국인','N');
INSERT INTO MEMBER(login_id,login_pw,nickname,profile_image_url,intro,user_level,email,gender,nationality,deleted_yn) VALUES('user055','pw055','닉네임055',NULL,'안녕하세요, 유저055입니다.',2,'user055@example.com','남자','외국인','N');
INSERT INTO MEMBER(login_id,login_pw,nickname,profile_image_url,intro,user_level,email,gender,nationality,deleted_yn) VALUES('user056','pw056','닉네임056',NULL,'안녕하세요, 유저056입니다.',2,'user056@example.com','여자','내국인','N');
INSERT INTO MEMBER(login_id,login_pw,nickname,profile_image_url,intro,user_level,email,gender,nationality,deleted_yn) VALUES('user057','pw057','닉네임057',NULL,'안녕하세요, 유저057입니다.',2,'user057@example.com','남자','내국인','N');
INSERT INTO MEMBER(login_id,login_pw,nickname,profile_image_url,intro,user_level,email,gender,nationality,deleted_yn) VALUES('user058','pw058','닉네임058',NULL,'안녕하세요, 유저058입니다.',2,'user058@example.com','여자','내국인','N');
INSERT INTO MEMBER(login_id,login_pw,nickname,profile_image_url,intro,user_level,email,gender,nationality,deleted_yn) VALUES('user059','pw059','닉네임059',NULL,'안녕하세요, 유저059입니다.',2,'user059@example.com','남자','내국인','N');
INSERT INTO MEMBER(login_id,login_pw,nickname,profile_image_url,intro,user_level,email,gender,nationality,deleted_yn) VALUES('user060','pw060','닉네임060',NULL,'안녕하세요, 유저060입니다.',2,'user060@example.com','여자','외국인','N');
INSERT INTO MEMBER(login_id,login_pw,nickname,profile_image_url,intro,user_level,email,gender,nationality,deleted_yn) VALUES('user061','pw061','닉네임061',NULL,'안녕하세요, 유저061입니다.',2,'user061@example.com','남자','내국인','N');
INSERT INTO MEMBER(login_id,login_pw,nickname,profile_image_url,intro,user_level,email,gender,nationality,deleted_yn) VALUES('user062','pw062','닉네임062',NULL,'안녕하세요, 유저062입니다.',2,'user062@example.com','여자','내국인','N');
INSERT INTO MEMBER(login_id,login_pw,nickname,profile_image_url,intro,user_level,email,gender,nationality,deleted_yn) VALUES('user063','pw063','닉네임063',NULL,'안녕하세요, 유저063입니다.',2,'user063@example.com','남자','내국인','N');
INSERT INTO MEMBER(login_id,login_pw,nickname,profile_image_url,intro,user_level,email,gender,nationality,deleted_yn) VALUES('user064','pw064','닉네임064',NULL,'안녕하세요, 유저064입니다.',2,'user064@example.com','여자','내국인','N');
INSERT INTO MEMBER(login_id,login_pw,nickname,profile_image_url,intro,user_level,email,gender,nationality,deleted_yn) VALUES('user065','pw065','닉네임065',NULL,'안녕하세요, 유저065입니다.',2,'user065@example.com','남자','외국인','N');
INSERT INTO MEMBER(login_id,login_pw,nickname,profile_image_url,intro,user_level,email,gender,nationality,deleted_yn) VALUES('user066','pw066','닉네임066',NULL,'안녕하세요, 유저066입니다.',2,'user066@example.com','여자','내국인','N');
INSERT INTO MEMBER(login_id,login_pw,nickname,profile_image_url,intro,user_level,email,gender,nationality,deleted_yn) VALUES('user067','pw067','닉네임067',NULL,'안녕하세요, 유저067입니다.',2,'user067@example.com','남자','내국인','N');
INSERT INTO MEMBER(login_id,login_pw,nickname,profile_image_url,intro,user_level,email,gender,nationality,deleted_yn) VALUES('user068','pw068','닉네임068',NULL,'안녕하세요, 유저068입니다.',2,'user068@example.com','여자','내국인','N');
INSERT INTO MEMBER(login_id,login_pw,nickname,profile_image_url,intro,user_level,email,gender,nationality,deleted_yn) VALUES('user069','pw069','닉네임069',NULL,'안녕하세요, 유저069입니다.',2,'user069@example.com','남자','내국인','N');
INSERT INTO MEMBER(login_id,login_pw,nickname,profile_image_url,intro,user_level,email,gender,nationality,deleted_yn) VALUES('user070','pw070','닉네임070',NULL,'안녕하세요, 유저070입니다.',2,'user070@example.com','여자','외국인','N');
INSERT INTO MEMBER(login_id,login_pw,nickname,profile_image_url,intro,user_level,email,gender,nationality,deleted_yn) VALUES('user071','pw071','닉네임071',NULL,'안녕하세요, 유저071입니다.',2,'user071@example.com','남자','내국인','N');
INSERT INTO MEMBER(login_id,login_pw,nickname,profile_image_url,intro,user_level,email,gender,nationality,deleted_yn) VALUES('user072','pw072','닉네임072',NULL,'안녕하세요, 유저072입니다.',2,'user072@example.com','여자','내국인','N');
INSERT INTO MEMBER(login_id,login_pw,nickname,profile_image_url,intro,user_level,email,gender,nationality,deleted_yn) VALUES('user073','pw073','닉네임073',NULL,'안녕하세요, 유저073입니다.',2,'user073@example.com','남자','내국인','N');
INSERT INTO MEMBER(login_id,login_pw,nickname,profile_image_url,intro,user_level,email,gender,nationality,deleted_yn) VALUES('user074','pw074','닉네임074',NULL,'안녕하세요, 유저074입니다.',2,'user074@example.com','여자','내국인','N');
INSERT INTO MEMBER(login_id,login_pw,nickname,profile_image_url,intro,user_level,email,gender,nationality,deleted_yn) VALUES('user075','pw075','닉네임075',NULL,'안녕하세요, 유저075입니다.',2,'user075@example.com','남자','외국인','N');
INSERT INTO MEMBER(login_id,login_pw,nickname,profile_image_url,intro,user_level,email,gender,nationality,deleted_yn) VALUES('user076','pw076','닉네임076',NULL,'안녕하세요, 유저076입니다.',2,'user076@example.com','여자','내국인','N');
INSERT INTO MEMBER(login_id,login_pw,nickname,profile_image_url,intro,user_level,email,gender,nationality,deleted_yn) VALUES('user077','pw077','닉네임077',NULL,'안녕하세요, 유저077입니다.',2,'user077@example.com','남자','내국인','N');
INSERT INTO MEMBER(login_id,login_pw,nickname,profile_image_url,intro,user_level,email,gender,nationality,deleted_yn) VALUES('user078','pw078','닉네임078',NULL,'안녕하세요, 유저078입니다.',2,'user078@example.com','여자','내국인','N');
INSERT INTO MEMBER(login_id,login_pw,nickname,profile_image_url,intro,user_level,email,gender,nationality,deleted_yn) VALUES('user079','pw079','닉네임079',NULL,'안녕하세요, 유저079입니다.',2,'user079@example.com','남자','내국인','N');
INSERT INTO MEMBER(login_id,login_pw,nickname,profile_image_url,intro,user_level,email,gender,nationality,deleted_yn) VALUES('user080','pw080','닉네임080',NULL,'안녕하세요, 유저080입니다.',2,'user080@example.com','여자','외국인','N');
INSERT INTO MEMBER(login_id,login_pw,nickname,profile_image_url,intro,user_level,email,gender,nationality,deleted_yn) VALUES('user081','pw081','닉네임081',NULL,'안녕하세요, 유저081입니다.',2,'user081@example.com','남자','내국인','N');
INSERT INTO MEMBER(login_id,login_pw,nickname,profile_image_url,intro,user_level,email,gender,nationality,deleted_yn) VALUES('user082','pw082','닉네임082',NULL,'안녕하세요, 유저082입니다.',2,'user082@example.com','여자','내국인','N');
INSERT INTO MEMBER(login_id,login_pw,nickname,profile_image_url,intro,user_level,email,gender,nationality,deleted_yn) VALUES('user083','pw083','닉네임083',NULL,'안녕하세요, 유저083입니다.',2,'user083@example.com','남자','내국인','N');
INSERT INTO MEMBER(login_id,login_pw,nickname,profile_image_url,intro,user_level,email,gender,nationality,deleted_yn) VALUES('user084','pw084','닉네임084',NULL,'안녕하세요, 유저084입니다.',2,'user084@example.com','여자','내국인','N');
INSERT INTO MEMBER(login_id,login_pw,nickname,profile_image_url,intro,user_level,email,gender,nationality,deleted_yn) VALUES('user085','pw085','닉네임085',NULL,'안녕하세요, 유저085입니다.',2,'user085@example.com','남자','외국인','N');
INSERT INTO MEMBER(login_id,login_pw,nickname,profile_image_url,intro,user_level,email,gender,nationality,deleted_yn) VALUES('user086','pw086','닉네임086',NULL,'안녕하세요, 유저086입니다.',2,'user086@example.com','여자','내국인','N');
INSERT INTO MEMBER(login_id,login_pw,nickname,profile_image_url,intro,user_level,email,gender,nationality,deleted_yn) VALUES('user087','pw087','닉네임087',NULL,'안녕하세요, 유저087입니다.',2,'user087@example.com','남자','내국인','N');
INSERT INTO MEMBER(login_id,login_pw,nickname,profile_image_url,intro,user_level,email,gender,nationality,deleted_yn) VALUES('user088','pw088','닉네임088',NULL,'안녕하세요, 유저088입니다.',2,'user088@example.com','여자','내국인','N');
INSERT INTO MEMBER(login_id,login_pw,nickname,profile_image_url,intro,user_level,email,gender,nationality,deleted_yn) VALUES('user089','pw089','닉네임089',NULL,'안녕하세요, 유저089입니다.',2,'user089@example.com','남자','내국인','N');
INSERT INTO MEMBER(login_id,login_pw,nickname,profile_image_url,intro,user_level,email,gender,nationality,deleted_yn) VALUES('user090','pw090','닉네임090',NULL,'안녕하세요, 유저090입니다.',2,'user090@example.com','여자','외국인','N');
INSERT INTO MEMBER(login_id,login_pw,nickname,profile_image_url,intro,user_level,email,gender,nationality,deleted_yn) VALUES('user091','pw091','닉네임091',NULL,'안녕하세요, 유저091입니다.',2,'user091@example.com','남자','내국인','N');
INSERT INTO MEMBER(login_id,login_pw,nickname,profile_image_url,intro,user_level,email,gender,nationality,deleted_yn) VALUES('user092','pw092','닉네임092',NULL,'안녕하세요, 유저092입니다.',2,'user092@example.com','여자','내국인','N');
INSERT INTO MEMBER(login_id,login_pw,nickname,profile_image_url,intro,user_level,email,gender,nationality,deleted_yn) VALUES('user093','pw093','닉네임093',NULL,'안녕하세요, 유저093입니다.',2,'user093@example.com','남자','내국인','N');
INSERT INTO MEMBER(login_id,login_pw,nickname,profile_image_url,intro,user_level,email,gender,nationality,deleted_yn) VALUES('user094','pw094','닉네임094',NULL,'안녕하세요, 유저094입니다.',2,'user094@example.com','여자','내국인','N');
INSERT INTO MEMBER(login_id,login_pw,nickname,profile_image_url,intro,user_level,email,gender,nationality,deleted_yn) VALUES('user095','pw095','닉네임095',NULL,'안녕하세요, 유저095입니다.',2,'user095@example.com','남자','외국인','N');
INSERT INTO MEMBER(login_id,login_pw,nickname,profile_image_url,intro,user_level,email,gender,nationality,deleted_yn) VALUES('user096','pw096','닉네임096',NULL,'안녕하세요, 유저096입니다.',2,'user096@example.com','여자','내국인','N');
INSERT INTO MEMBER(login_id,login_pw,nickname,profile_image_url,intro,user_level,email,gender,nationality,deleted_yn) VALUES('user097','pw097','닉네임097',NULL,'안녕하세요, 유저097입니다.',2,'user097@example.com','남자','내국인','N');
INSERT INTO MEMBER(login_id,login_pw,nickname,profile_image_url,intro,user_level,email,gender,nationality,deleted_yn) VALUES('user098','pw098','닉네임098',NULL,'안녕하세요, 유저098입니다.',2,'user098@example.com','여자','내국인','N');
INSERT INTO MEMBER(login_id,login_pw,nickname,profile_image_url,intro,user_level,email,gender,nationality,deleted_yn) VALUES('user099','pw099','닉네임099',NULL,'안녕하세요, 유저099입니다.',2,'user099@example.com','남자','내국인','N');
INSERT INTO MEMBER(login_id,login_pw,nickname,profile_image_url,intro,user_level,email,gender,nationality,deleted_yn) VALUES('user100','pw100','닉네임100',NULL,'안녕하세요, 유저100입니다.',2,'user100@example.com','여자','외국인','N');

commit ;



INSERT INTO store (name, one_line_desc, address, region_name, latitude, longitude, avg_rating, bookmark_count, phone)
VALUES ('피규어프레소 서초점(국전점)','국제전자센터 9층에 위치한 대형 피규어·굿즈샵','서울 서초구 효령로 304 국제전자센터 9층','서초/국전',37.485300,127.016700,4.70,180,'010-9000-0001');
INSERT INTO store (name, one_line_desc, address, region_name, latitude, longitude, avg_rating, bookmark_count, phone)
VALUES ('피규어프레소 홍대점','홍대 서교동 일대 피규어·굿즈 전문 매장','서울 마포구 잔다리로6길 25 2층','홍대',37.556000,126.923000,4.60,200,'010-9000-0002');
INSERT INTO store (name, one_line_desc, address, region_name, latitude, longitude, avg_rating, bookmark_count, phone)
VALUES ('피규어프레소 에프피점(FP점)','카페 겸 굿즈샵 컨셉의 홍대 FP점','서울 마포구 와우산로29길 48-11','홍대',37.556500,126.923500,4.50,150,'010-9000-0003');
INSERT INTO store (name, one_line_desc, address, region_name, latitude, longitude, avg_rating, bookmark_count, phone)
VALUES ('POP MART 코엑스점','코엑스몰 내 라라부·블라인드 피규어 전문 매장','서울 강남구 영동대로 513 코엑스몰','코엑스/삼성',37.511300,127.058800,4.40,220,'010-9000-0004');
INSERT INTO store (name, one_line_desc, address, region_name, latitude, longitude, avg_rating, bookmark_count, phone)
VALUES ('토이쩔어스 건대점','토이 스토리·디즈니 피규어 위주 키덜트샵','서울 광진구 아차산로26길 27','건대',37.540000,127.070000,4.30,130,'010-9000-0005');
INSERT INTO store (name, one_line_desc, address, region_name, latitude, longitude, avg_rating, bookmark_count, phone)
VALUES ('조아하비 신도림점','프라모델·RC·건담 전문 대형 키덜트샵','서울 구로구 새말로 97','신도림',37.509000,126.889000,4.60,260,'010-9000-0006');
INSERT INTO store (name, one_line_desc, address, region_name, latitude, longitude, avg_rating, bookmark_count, phone)
VALUES ('킨키로봇 한남점','디자이너 토이와 아트토이 중심 편집 굿즈샵','서울 용산구 이태원로54길 16-3','한남',37.539000,127.000000,4.50,190,'010-9000-0007');
INSERT INTO store (name, one_line_desc, address, region_name, latitude, longitude, avg_rating, bookmark_count, phone)
VALUES ('핑크버스 홍대점','디즈니·산리오 등 캐릭터 소품 위주 굿즈샵','서울 마포구 와우산로27길 31','홍대',37.556500,126.924000,4.20,140,'010-9000-0008');
INSERT INTO store (name, one_line_desc, address, region_name, latitude, longitude, avg_rating, bookmark_count, phone)
VALUES ('장난감놀이터 신림점','레트로 장난감·피규어·RC 등 키덜트 소품샵','서울 관악구 남부순환로172길 7','신림',37.482000,126.929000,4.30,135,'010-9000-0009');
INSERT INTO store (name, one_line_desc, address, region_name, latitude, longitude, avg_rating, bookmark_count, phone)
VALUES ('애니플러스 합정점','애니메이션 공식 굿즈·피규어 중심 매장','서울 마포구 월드컵로3길 14','합정',37.550000,126.914000,4.50,210,'010-9000-0010');
INSERT INTO store (name, one_line_desc, address, region_name, latitude, longitude, avg_rating, bookmark_count, phone)
VALUES ('애니통 신림점','코믹북·건프라·제일복권 등 종합 키덜트샵','서울 관악구 남부순환로 1568','신림',37.482500,126.929500,4.30,160,'010-9000-0011');
INSERT INTO store (name, one_line_desc, address, region_name, latitude, longitude, avg_rating, bookmark_count, phone)
VALUES ('POP MART 홍대점','홍대 거리 인근 블라인드 피규어 전문 매장','서울 마포구 와우산로23길 56','홍대',37.556700,126.923500,4.40,230,'010-9000-0012');
INSERT INTO store (name, one_line_desc, address, region_name, latitude, longitude, avg_rating, bookmark_count, phone)
VALUES ('POP MART 명동점','명동 메인 스트리트에 위치한 팝마트 매장','서울 중구 명동8길 36','명동',37.563500,126.985500,4.20,170,'010-9000-0013');
INSERT INTO store (name, one_line_desc, address, region_name, latitude, longitude, avg_rating, bookmark_count, phone)
VALUES ('POP MART 용산 아이파크몰점','용산 아이파크몰 내 팝마트 오프라인 매장','서울 용산구 한강대로23길 55 HDC아이파크몰','용산',37.529900,126.964500,4.30,185,'010-9000-0014');
INSERT INTO store (name, one_line_desc, address, region_name, latitude, longitude, avg_rating, bookmark_count, phone)
VALUES ('POP MART 수원점','수원역 인근 쇼핑몰 내 팝마트 매장','경기 수원시 팔달구 덕영대로 일대','수원',37.265000,127.000000,4.10,120,'010-9000-0015');
INSERT INTO store (name, one_line_desc, address, region_name, latitude, longitude, avg_rating, bookmark_count, phone)
VALUES ('EGO SHOWROOM 1호점','애니·캐릭터 굿즈 중심의 성수 쇼룸 1호점','서울 성동구 연무장3길 10 1층','성수',37.544000,127.055000,4.30,110,'010-9000-0016');
INSERT INTO store (name, one_line_desc, address, region_name, latitude, longitude, avg_rating, bookmark_count, phone)
VALUES ('EGO SHOWROOM 2호점','EGO 굿즈 추가 전시·판매 공간인 2호점','서울 성동구 연무장3길 9-8 2층','성수',37.544200,127.055200,4.20,95,'010-9000-0017');
INSERT INTO store (name, one_line_desc, address, region_name, latitude, longitude, avg_rating, bookmark_count, phone)
VALUES ('헬로수미코 홍대점','산리오·일본 캐릭터 굿즈 중심 소규모 샵','서울 마포구 월드컵북로1길 26-13 1층','홍대',37.557800,126.921800,4.20,90,'010-9000-0018');
INSERT INTO store (name, one_line_desc, address, region_name, latitude, longitude, avg_rating, bookmark_count, phone)
VALUES ('가챠오션 홍대점','일본식 캡슐토이(가챠) 위주 키덜트샵','서울 마포구 동교로38길 29 1.5층','홍대',37.557000,126.923500,4.10,80,'010-9000-0019');
INSERT INTO store (name, one_line_desc, address, region_name, latitude, longitude, avg_rating, bookmark_count, phone)
VALUES ('츄플레이 홍대점','랜덤 피규어·가챠·굿즈를 모아놓은 홍대 샵','서울 마포구 월드컵북로2길 93 301호','홍대',37.557500,126.922500,4.00,75,'010-9000-0020');
INSERT INTO store (name, one_line_desc, address, region_name, latitude, longitude, avg_rating, bookmark_count, phone)
VALUES ('덕쿠 홍대점','홍대 랜덤박스·가챠·피규어 전문 굿즈샵','서울 마포구 홍익로6길 38 지하1층','홍대',37.555800,126.924200,4.60,190,'0507-1310-8869');
INSERT INTO store (name, one_line_desc, address, region_name, latitude, longitude, avg_rating, bookmark_count, phone)
VALUES ('제이에스스토어 홍대점','경품 뽑기와 피규어를 함께 즐기는 홍대 경품샵','서울 마포구 와우산로29길 48-24 1층','홍대',37.556200,126.924000,4.40,150,'02-337-3338');
INSERT INTO store (name, one_line_desc, address, region_name, latitude, longitude, avg_rating, bookmark_count, phone)
VALUES ('브라더굿즈 홍대점','일본 애니 굿즈와 가챠 캡슐토이 전문샵','서울 마포구 신촌로6길 24 2층','홍대',37.556800,126.925000,4.50,170,'070-8657-2105');
INSERT INTO store (name, one_line_desc, address, region_name, latitude, longitude, avg_rating, bookmark_count, phone)
VALUES ('레인몰 홍대점','아이돌·애니 굿즈와 트레이딩 카드 취급 굿즈샵','서울 마포구 독막로 67-1 3층','홍대',37.553800,126.921500,4.30,120,'010-2691-3912');
INSERT INTO store (name, one_line_desc, address, region_name, latitude, longitude, avg_rating, bookmark_count, phone)
VALUES ('애니메이트 홍대점','일본 애니 공식 굿즈·서적·피규어 대형 매장','서울 마포구 동교동 192-45 AK& 홍대 5층','홍대',37.557000,126.924500,4.70,250,'02-3144-7357');
INSERT INTO store (name, one_line_desc, address, region_name, latitude, longitude, avg_rating, bookmark_count, phone)
VALUES ('피규어프렌즈 홍대점','피규어·프라모델 중심 중고·신품 굿즈샵','서울 마포구 양화로18안길 8 지층','홍대',37.556000,126.922800,4.50,160,'010-8223-7922');
INSERT INTO store (name, one_line_desc, address, region_name, latitude, longitude, avg_rating, bookmark_count, phone)
VALUES ('애니세카이 홍대점','애니메이션 캐릭터 굿즈와 피규어 전문 매장','서울 마포구 동교동 170-38 2층','홍대',37.556900,126.923300,4.40,140,'0507-1367-2048');
INSERT INTO store (name, one_line_desc, address, region_name, latitude, longitude, avg_rating, bookmark_count, phone)
VALUES ('모와즐 홍대점','서브컬처 의류와 굿즈를 모아놓은 편집샵','서울 마포구 양화로18안길 12 지층','홍대',37.555900,126.923000,4.20,110,'0507-1361-3402');
INSERT INTO store (name, one_line_desc, address, region_name, latitude, longitude, avg_rating, bookmark_count, phone)
VALUES ('CIH+SHOP 홍대점','일본 케이북스와 함께하는 중고 애니 굿즈샵','서울 마포구 동교동 159-5 케이스퀘어','홍대',37.555200,126.922000,4.30,130,'02-6081-2555');
INSERT INTO store (name, one_line_desc, address, region_name, latitude, longitude, avg_rating, bookmark_count, phone)
VALUES ('유포테이블 카페 홍대점','귀멸의 칼날 등 콜라보 굿즈 판매 카페','서울 마포구 와우산로23길 9 칼리오페 2층','홍대',37.554000,126.921800,4.10,90,'02-6406-3321');
INSERT INTO store (name, one_line_desc, address, region_name, latitude, longitude, avg_rating, bookmark_count, phone)
VALUES ('POP MART 스타필드 안성점','스타필드 안성 내 블라인드 피규어 전문 팝마트','경기 안성시 공도읍 서동대로 3930-39 스타필드 안성','경기/안성',36.997800,127.202500,4.20,100,'031-8092-1658');
INSERT INTO store (name, one_line_desc, address, region_name, latitude, longitude, avg_rating, bookmark_count, phone)
VALUES ('토이킹덤 스타필드 안성점','스타필드 안성 2층 완구·피규어 대형 토이샵','경기 안성시 공도읍 서동대로 3930-39 스타필드 안성 2층 토이킹덤','경기/안성',36.997900,127.202600,4.30,95,'031-8092-1715');
INSERT INTO store (name, one_line_desc, address, region_name, latitude, longitude, avg_rating, bookmark_count, phone)
VALUES ('피규어뮤지엄W 청담점','피규어·토이 전시와 판매를 겸한 피규어 전문 뮤지엄','서울 강남구 선릉로158길 3','청담/강남',37.5257998,127.0403869,4.50,190,'070-7404-2240');
INSERT INTO store (name, one_line_desc, address, region_name, latitude, longitude, avg_rating, bookmark_count, phone)
VALUES ('제이굿즈 수원점','수원역 인근 애니메이션·아이돌 굿즈 전문샵','경기 수원시 팔달구 매산로2가 27-62 헌욱빌딩 2층','수원역',37.2689432,127.0036858,4.40,130,'031-246-4249');
INSERT INTO store (name, one_line_desc, address, region_name, latitude, longitude, avg_rating, bookmark_count, phone)
VALUES ('조이하비 신도림 테크노마트점','건프라·RC·피규어 중심 대형 하비샵','서울 구로구 새말로 97 신도림테크노마트 3층','신도림/테크노마트',37.5063209,126.8903608,4.60,250,'02-2111-5212');
INSERT INTO store (name, one_line_desc, address, region_name, latitude, longitude, avg_rating, bookmark_count, phone)
VALUES ('카카오프렌즈 홍대 플래그십 스토어','홍대입구역 앞 카카오 캐릭터 공식 굿즈샵','서울 마포구 양화로 162 카카오프렌즈 홍대점','홍대',37.556900,126.923500,4.80,320,'02-6010-0104');
INSERT INTO store (name, one_line_desc, address, region_name, latitude, longitude, avg_rating, bookmark_count, phone)
VALUES ('카카오프렌즈 스타필드 코엑스몰점','코엑스몰 지하에 위치한 카카오프렌즈 공식 매장','서울 강남구 영동대로 513 스타필드 코엑스몰 B1층','코엑스/삼성',37.512500,127.058000,4.60,280,'02-6002-1880');
INSERT INTO store (name, one_line_desc, address, region_name, latitude, longitude, avg_rating, bookmark_count, phone)
VALUES ('카카오프렌즈 잠실 롯데월드몰점','롯데월드몰 내 카카오프렌즈·라이언 굿즈 전문샵','서울 송파구 올림픽로 300 롯데월드몰 5층','잠실',37.511000,127.098000,4.70,300,'02-3213-4514');
INSERT INTO store (name, one_line_desc, address, region_name, latitude, longitude, avg_rating, bookmark_count, phone)
VALUES ('카카오프렌즈 영등포 타임스퀘어점','타임스퀘어 1층 캐릭터·문구·인형 굿즈샵','서울 영등포구 영중로 15 타임스퀘어 1층','영등포/타임스퀘어',37.517200,126.903000,4.50,220,'02-2638-2750');
INSERT INTO store (name, one_line_desc, address, region_name, latitude, longitude, avg_rating, bookmark_count, phone)
VALUES ('카카오프렌즈 DDP 동대문점','DDP 지하에 위치한 카카오프렌즈 공식 스토어','서울 중구 을지로 281 동대문디자인플라자 B2층','동대문/DDP',37.566000,127.009500,4.40,190,'02-2231-3552');
INSERT INTO store (name, one_line_desc, address, region_name, latitude, longitude, avg_rating, bookmark_count, phone)
VALUES ('카카오프렌즈 롯데월드타워 면세점','롯데월드타워 내 면세점 카카오프렌즈 숍','서울 송파구 올림픽로 300 롯데월드타워 8층 롯데면세점','잠실',37.513000,127.102000,4.30,160,'02-3213-6743');
INSERT INTO store (name, one_line_desc, address, region_name, latitude, longitude, avg_rating, bookmark_count, phone)
VALUES ('라인프렌즈 스퀘어 명동','브라운·코니·BT21 등 라인프렌즈 플래그십 스토어','서울 중구 명동길 43 라인프렌즈 스퀘어 명동','명동',37.564700,126.985000,4.70,310,'070-4060-3534');
INSERT INTO store (name, one_line_desc, address, region_name, latitude, longitude, avg_rating, bookmark_count, phone)
VALUES ('라인프렌즈 롯데영플라자 명동점','롯데영플라자 내 라인프렌즈 캐릭터 굿즈샵','서울 중구 남대문로 67 롯데영플라자 1층','명동',37.563300,126.981900,4.50,230,'02-318-7942');
INSERT INTO store (name, one_line_desc, address, region_name, latitude, longitude, avg_rating, bookmark_count, phone)
VALUES ('리락쿠마 스미코구라시 플러스 홍대점','AK플라자 3층 SAN-X 공식 리락쿠마·스미코 상설샵','서울 마포구 양화로 188 AK플라자 홍대점 3층','홍대',37.557300,126.923000,4.60,260,'02-789-9800');
INSERT INTO store (name, one_line_desc, address, region_name, latitude, longitude, avg_rating, bookmark_count, phone)
VALUES ('위드뮤 AK플라자 홍대점','K-POP 앨범·아이돌 굿즈 중심 편집샵','서울 마포구 양화로 188 AK플라자 홍대점 내 위드뮤 매장','홍대',37.557400,126.923200,4.50,210,'0507-1343-0429');
INSERT INTO store (name, one_line_desc, address, region_name, latitude, longitude, avg_rating, bookmark_count, phone)
VALUES ('도토리숲 롯데월드몰점','지브리 스튜디오 공식 토토로·키키 캐릭터 샵','서울 송파구 올림픽로 300 쇼핑몰 캐주얼동 지하1층 도토리숲','잠실',37.511200,127.098200,4.60,240,'02-3213-4747');
INSERT INTO store (name, one_line_desc, address, region_name, latitude, longitude, avg_rating, bookmark_count, phone)
VALUES ('애니메이트 잠실 롯데점','애니메이션·만화 공식 굿즈·피규어 전문점','서울 송파구 올림픽로 240 롯데월드 쇼핑몰동 B1층 애니메이트','잠실',37.511400,127.098500,4.70,280,'02-2143-1571');
INSERT INTO store (name, one_line_desc, address, region_name, latitude, longitude, avg_rating, bookmark_count, phone)
VALUES ('팝퍼블 용산 아이파크몰점','원피스·짱구 등 콜라보 팝업·굿즈 카페','서울 용산구 한강대로23길 55 용산역 아이파크몰 6층 팝콘D스퀘어','용산',37.529900,126.964400,4.50,220,'02-6373-3360');
INSERT INTO store (name, one_line_desc, address, region_name, latitude, longitude, avg_rating, bookmark_count, phone)
VALUES ('얌꽁굿즈 병점점','병점 롯데시네마 내 캔뱃지·스티커 위주 굿즈샵','경기 화성시 병점로 31 롯데시네마 병점점 2층 얌꽁굿즈','경기/화성',37.206700,127.032500,4.30,120,'031-000-1111');
INSERT INTO store (name, one_line_desc, address, region_name, latitude, longitude, avg_rating, bookmark_count, phone)
VALUES ('꼼지락 하비샵 & 게임몬스터','프라모델·보드게임·피규어를 함께 파는 하비샵','경기 고양시 덕양구 백양로 84 1층 꼼지락 하비샵 & 게임몬스터','경기/고양',37.632500,126.832000,4.40,140,'0507-1313-3146');
INSERT INTO store (name, one_line_desc, address, region_name, latitude, longitude, avg_rating, bookmark_count, phone)
VALUES ('피규어플렉스 부천시청역점','부천시청역 인근 피규어·가챠·굿즈 전문샵','경기 부천시 석천로177번길 28 2층 피규어플렉스 부천시청역점','경기/부천',37.503500,126.766000,4.40,150,'0507-1367-9530');
INSERT INTO store (name, one_line_desc, address, region_name, latitude, longitude, avg_rating, bookmark_count, phone)
VALUES ('타미야 플라모델 팩토리 양재점','RC카·프라모델 전문 타미야 직영 본점','서울 서초구 바우뫼로 215 타미야빌딩 1층','서초/양재',37.480900,127.041700,4.60,140,'02-2135-3113');
INSERT INTO store (name, one_line_desc, address, region_name, latitude, longitude, avg_rating, bookmark_count, phone)
VALUES ('타미야 플라모델 팩토리 용산 아이파크몰점','아이파크몰 내 대형 프라모델·미니카 전문점','서울 용산구 한강대로23길 55 아이파크몰 리빙파크 6층','용산',37.528907,126.964635,4.50,170,'02-2012-0877');
INSERT INTO store (name, one_line_desc, address, region_name, latitude, longitude, avg_rating, bookmark_count, phone)
VALUES ('타미야 플라모델 팩토리 스타필드 하남점','스타필드 하남에 위치한 타미야 공식 매장','경기 하남시 미사대로 750 스타필드 하남 3층','경기/하남',37.545489,127.224333,4.40,120,'031-8072-8446');
INSERT INTO store (name, one_line_desc, address, region_name, latitude, longitude, avg_rating, bookmark_count, phone)
VALUES ('타미야 플라모델 팩토리 수원 AK플라자점','수원역 AK플라자 내 프라모델 전문샵','경기 수원시 팔달구 덕영대로 924 AK플라자 수원 4층','수원',37.266101,127.000686,4.40,115,'031-240-1953');
INSERT INTO store (name, one_line_desc, address, region_name, latitude, longitude, avg_rating, bookmark_count, phone)
VALUES ('마블 컬렉션 스토어 한양대점','마블·디즈니 캐릭터 굿즈 전문 편집숍','서울 성동구 왕십리로 241 파크에비뉴 엔터식스 한양대점 1층','성동/왕십리',37.557148,127.040146,4.30,95,'02-6454-6130');
INSERT INTO store (name, one_line_desc, address, region_name, latitude, longitude, avg_rating, bookmark_count, phone)
VALUES ('국제전자센터 피규어·가챠존','남부터미널역 인근 피규어·가챠·쿠지 집결지','서울 서초구 효령로 304 국제전자센터 8~9층 일대','서초/국전',37.485300,127.016700,4.70,260,'02-3465-0114');
INSERT INTO store (name, one_line_desc, address, region_name, latitude, longitude, avg_rating, bookmark_count, phone)
VALUES ('신도림 테크노마트 가챠·피규어존','신도림역 직통 키덜트 가챠·쿠지·피규어 존','서울 구로구 구로동 3-25 신도림테크노마트 8~9층','신도림',37.508700,126.890100,4.50,210,'02-2111-1889');
INSERT INTO store (name, one_line_desc, address, region_name, latitude, longitude, avg_rating, bookmark_count, phone)
VALUES ('루나러브굿 나루 공작소','홍대 인근 레트로 피규어·장난감 공방형 샵','서울 마포구 서교동 일대','홍대',37.552000,126.919000,4.20,80,'02-6082-3300');
INSERT INTO store (name, one_line_desc, address, region_name, latitude, longitude, avg_rating, bookmark_count, phone)
VALUES ('애니굿즈 키라키라토모 수원본점','수원역 인근 애니·아이돌 굿즈 전문샵','경기 수원시 팔달구 향교로 4 3층','수원',37.266500,127.000000,4.60,150,'050-6805-2148');
INSERT INTO store (name, one_line_desc, address, region_name, latitude, longitude, avg_rating, bookmark_count, phone)
VALUES ('챌린저 롯데백화점 평촌점','스트리트 브랜드·콜라보 굿즈 팝업 매장','경기 안양시 동안구 시민대로 180 롯데백화점 평촌 6층','안양/평촌',37.390001,126.950349,4.10,70,'010-3713-3215');
INSERT INTO store (name, one_line_desc, address, region_name, latitude, longitude, avg_rating, bookmark_count, phone)
VALUES ('챌린저 신세계 여주 프리미엄 빌리지점','여주 아울렛 내 스트리트 굿즈·의류 매장','경기 여주시 명품로 316-10 1-2호','여주',37.243136,127.617162,4.00,60,'031-883-1072');
INSERT INTO store (name, one_line_desc, address, region_name, latitude, longitude, avg_rating, bookmark_count, phone)
VALUES ('챌린저 현대프리미엄아울렛 김포점','김포 아울렛 2층 스트리트 패션·굿즈 팝업','경기 김포시 고촌읍 아라육로152번길 100 현대프리미엄아울렛 WEST 2층','김포',37.597228,126.785221,4.10,65,'031-8048-2367');
INSERT INTO store (name, one_line_desc, address, region_name, latitude, longitude, avg_rating, bookmark_count, phone)
VALUES ('챌린저 현대시티몰 가든파이브점','가든파이브 내 라이프스타일·스트리트 굿즈샵','서울 송파구 충민로 66 현대시티아울렛 가든파이브 4층','송파/가든파이브',37.477858,127.124712,4.00,55,'02-2673-2456');
INSERT INTO store (name, one_line_desc, address, region_name, latitude, longitude, avg_rating, bookmark_count, phone)
VALUES ('챌린저 스타필드 하남점','스타필드 하남 2층 스트리트 브랜드 팝업스토어','경기 하남시 미사대로 750 스타필드 하남 2층','경기/하남',37.545489,127.224333,4.20,90,'031-8072-8643');
INSERT INTO store (name, one_line_desc, address, region_name, latitude, longitude, avg_rating, bookmark_count, phone)
VALUES ('브라더굿즈 강남점','신논현·강남역 사이 가챠·캐릭터 굿즈 전문샵','서울 강남구 강남대로102길 13 골든포레 지하 1층','강남/신논현',37.501479,127.026967,0.00,0,'070-8657-2790');
INSERT INTO store (name, one_line_desc, address, region_name, latitude, longitude, avg_rating, bookmark_count, phone)
VALUES ('피규어뮤지엄W','청담동에 위치한 피규어 전시·판매 전문 박물관','서울 강남구 선릉로158길 3','청담/강남',37.5257998,127.040352,4.80,320,'미등록');
INSERT INTO store (name, one_line_desc, address, region_name, latitude, longitude, avg_rating, bookmark_count, phone)
VALUES ('POP MART 코엑스몰점','스타필드 코엑스몰 내 블라인드 피규어 전문 매장','서울 강남구 영동대로 513 코엑스몰 B1층','코엑스/삼성',37.51148310935,127.06033711446,4.60,280,'미등록');
INSERT INTO store (name, one_line_desc, address, region_name, latitude, longitude, avg_rating, bookmark_count, phone)
VALUES ('POP MART 용산 아이파크몰점','용산역 아이파크몰 내 팝마트 오프라인 매장','서울 용산구 한강대로23길 55 아이파크몰','용산',37.52890681,126.9646345,4.50,240,'미등록');
INSERT INTO store (name, one_line_desc, address, region_name, latitude, longitude, avg_rating, bookmark_count, phone)
VALUES ('POP MART 수원 AK플라자점','수원역 AK플라자 내 블라인드 피규어·굿즈 매장','경기 수원시 팔달구 덕영대로 924 AK플라자 수원점','수원',37.266124,127.000158,4.40,190,'미등록');
INSERT INTO store (name, one_line_desc, address, region_name, latitude, longitude, avg_rating, bookmark_count, phone)
VALUES ('POP MART 스타필드 안성점','스타필드 안성 내 팝마트 블라인드 피규어샵','경기 안성시 공도읍 서동대로 3930-39 스타필드 안성','안성',36.9946845979,127.1472661744,4.30,160,'미등록');
INSERT INTO store (name, one_line_desc, address, region_name, latitude, longitude, avg_rating, bookmark_count, phone)
VALUES ('POP MART 홍대 플래그십 스토어','홍대 걷고싶은거리 인근 대형 플래그십 굿즈 매장','서울 마포구 와우산로23길 56','홍대',37.555249646612,126.92371442151,4.50,260,'미등록');
INSERT INTO store (name, one_line_desc, address, region_name, latitude, longitude, avg_rating, bookmark_count, phone)
VALUES ('애니플러스 합정점','TV 애니메이션 공식 굿즈·피규어 전문샵','서울 마포구 월드컵로3길 14','합정',37.550494907182,126.91193741226,4.60,210,'미등록');
INSERT INTO store (name, one_line_desc, address, region_name, latitude, longitude, avg_rating, bookmark_count, phone)
VALUES ('브라더굿즈 강남점','역삼역 인근 애니·게임 캐릭터 굿즈 편집샵','서울 강남구 강남대로102길 13 B1층','강남',37.501967358069,127.02683991652,4.70,220,'미등록');
INSERT INTO store (name, one_line_desc, address, region_name, latitude, longitude, avg_rating, bookmark_count, phone)
VALUES ('더쿠 수원점','수원역 인근 애니·게임 굿즈·가챠 전문샵','경기 수원시 팔달구 향교로3번길 17 2층','수원',37.268309157635,127.00144533428,4.50,180,'미등록');
INSERT INTO store (name, one_line_desc, address, region_name, latitude, longitude, avg_rating, bookmark_count, phone)
VALUES ('조이하비 신도림점','신도림 테크노마트 내 프라모델·RC·건담 대형 매장','서울 구로구 새말로 97 신도림테크노마트 3층','신도림',37.5073194,126.8901556,4.60,250,'미등록');
INSERT INTO store (name, one_line_desc, address, region_name, latitude, longitude, avg_rating, bookmark_count, phone)
VALUES ('포켓몬 팝업스토어 롯데월드몰점','잠실 롯데월드몰 아트리움 일대 포켓몬 공식 팝업스토어','서울 송파구 올림픽로 300 롯데월드몰 1층 아트리움','잠실/롯데월드몰',37.513100,127.103400,4.60,240,'미등록');
INSERT INTO store (name, one_line_desc, address, region_name, latitude, longitude, avg_rating, bookmark_count, phone)
VALUES ('카카오프렌즈 롯데월드몰점','카카오프렌즈 캐릭터 중심 공식 굿즈샵','서울 송파구 올림픽로 300 롯데월드몰 5층','잠실/롯데월드몰',37.513100,127.103400,4.50,210,'미등록');
INSERT INTO store (name, one_line_desc, address, region_name, latitude, longitude, avg_rating, bookmark_count, phone)
VALUES ('라인프렌즈 럭키하우스 롯데월드몰점','브라운·코니·BT21 등 라인프렌즈 팝업형 굿즈샵','서울 송파구 올림픽로 300 롯데월드몰 1층','잠실/롯데월드몰',37.513100,127.103400,4.40,190,'미등록');
INSERT INTO store (name, one_line_desc, address, region_name, latitude, longitude, avg_rating, bookmark_count, phone)
VALUES ('타미야 팩토리 롯데월드몰점','프라모델·미니카 등 타미야 제품 전문 매장','서울 송파구 올림픽로 300 롯데월드몰 지하1층','잠실/롯데월드몰',37.513100,127.103400,4.50,160,'미등록');
INSERT INTO store (name, one_line_desc, address, region_name, latitude, longitude, avg_rating, bookmark_count, phone)
VALUES ('레고스토어 롯데월드몰점','공식 레고 스토어, 다양한 시리즈와 피규어 판매','서울 송파구 올림픽로 300 롯데월드몰 지하1층','잠실/롯데월드몰',37.513100,127.103400,4.70,280,'미등록');
INSERT INTO store (name, one_line_desc, address, region_name, latitude, longitude, avg_rating, bookmark_count, phone)
VALUES ('건담베이스 스타필드 코엑스몰점','반다이 건담 프라모델 전문 매장','서울 강남구 영동대로 513 스타필드 코엑스몰 지하2층','코엑스/삼성',37.511483,127.060337,4.70,260,'미등록');
INSERT INTO store (name, one_line_desc, address, region_name, latitude, longitude, avg_rating, bookmark_count, phone)
VALUES ('레고스토어 코엑스점','공식 레고 스토어 코엑스 플래그십 매장','서울 강남구 영동대로 513 스타필드 코엑스몰 지하1층','코엑스/삼성',37.511483,127.060337,4.60,230,'미등록');
INSERT INTO store (name, one_line_desc, address, region_name, latitude, longitude, avg_rating, bookmark_count, phone)
VALUES ('나비타월드 스타필드 코엑스몰점','피규어·프라모델·보드게임 편집 키덜트샵','서울 강남구 영동대로 513 스타필드 코엑스몰 지하1층','코엑스/삼성',37.511483,127.060337,4.40,150,'미등록');
INSERT INTO store (name, one_line_desc, address, region_name, latitude, longitude, avg_rating, bookmark_count, phone)
VALUES ('라인프렌즈 스토어 타임스퀘어점','라인프렌즈·BT21 캐릭터 공식 굿즈샵','서울 영등포구 영중로 15 타임스퀘어 지하2층 원더플레이스 내','영등포/타임스퀘어',37.517834,126.905382,4.50,200,'미등록');
INSERT INTO store (name, one_line_desc, address, region_name, latitude, longitude, avg_rating, bookmark_count, phone)
VALUES ('토이킹덤 타임스퀘어 영등포점','대형 장난감·보드게임·피규어 전문 매장','서울 영등포구 영중로 15 타임스퀘어 지하1층','영등포/타임스퀘어',37.517834,126.905382,4.40,180,'미등록');
INSERT INTO store (name, one_line_desc, address, region_name, latitude, longitude, avg_rating, bookmark_count, phone)
VALUES ('반다이 펀스퀘어 타임스퀘어점','반다이 피규어·프라모델·가챠 전문 편집샵','서울 영등포구 영중로 15 타임스퀘어 4층 펀스퀘어','영등포/타임스퀘어',37.517834,126.905382,4.30,160,'미등록');
INSERT INTO store (name, one_line_desc, address, region_name, latitude, longitude, avg_rating, bookmark_count, phone)
VALUES ('토이킹덤 스타필드 고양점','대형 완구·피규어·보드게임 전문 장난감 왕국','경기 고양시 덕양구 고양대로 1955 스타필드 고양 3층 토이킹덤','고양/스타필드고양',37.647056,126.896011,4.50,190,'미등록');
INSERT INTO store (name, one_line_desc, address, region_name, latitude, longitude, avg_rating, bookmark_count, phone)
VALUES ('레고스토어 스타필드 고양점','공식 레고 스토어, 전시·체험 가능한 매장','경기 고양시 덕양구 고양대로 1955 스타필드 고양 3층 레고스토어','고양/스타필드고양',37.647056,126.896011,4.60,210,'미등록');
INSERT INTO store (name, one_line_desc, address, region_name, latitude, longitude, avg_rating, bookmark_count, phone)
VALUES ('마이크로킥보드 스타필드 고양점','킥보드·키즈 모빌리티 중심 라이프스타일 굿즈샵','경기 고양시 덕양구 고양대로 1955 스타필드 고양 3층 마이크로킥보드','고양/스타필드고양',37.647056,126.896011,4.20,120,'미등록');
INSERT INTO store (name, one_line_desc, address, region_name, latitude, longitude, avg_rating, bookmark_count, phone)
VALUES ('토이킹덤 스타필드 하남점','대형 토이·피규어·보드게임 전문 매장','경기 하남시 미사대로 750 스타필드 하남 3층 토이킹덤','하남/스타필드하남',37.545490,127.224330,4.50,210,'미등록');
INSERT INTO store (name, one_line_desc, address, region_name, latitude, longitude, avg_rating, bookmark_count, phone)
VALUES ('레고스토어 스타필드 하남점','국내 최대 규모 레고 공식 스토어','경기 하남시 미사대로 750 스타필드 하남 3층 레고스토어','하남/스타필드하남',37.545490,127.224330,4.70,260,'미등록');
INSERT INTO store (name, one_line_desc, address, region_name, latitude, longitude, avg_rating, bookmark_count, phone)
VALUES ('브루클린웍스 스타필드 하남점','캠핑·아웃도어 감성 굿즈 전문 편집샵','경기 하남시 미사대로 750 스타필드 하남 2층 브루클린웍스','하남/스타필드하남',37.545490,127.224330,4.30,130,'미등록');
INSERT INTO store (name, one_line_desc, address, region_name, latitude, longitude, avg_rating, bookmark_count, phone)
VALUES ('자라홈 스타필드 하남점','캐릭터·디자인 소품 포함 라이프스타일 홈굿즈샵','경기 하남시 미사대로 750 스타필드 하남 1층 자라홈','하남/스타필드하남',37.545490,127.224330,4.20,140,'미등록');
INSERT INTO store (name, one_line_desc, address, region_name, latitude, longitude, avg_rating, bookmark_count, phone)
VALUES ('레고스토어 현대백화점 판교점','현대백화점 판교점 내 레고 공식 스토어','경기 성남시 분당구 판교역로 146 현대백화점 판교점 지하1층','성남/판교',37.392739,127.112094,4.60,220,'미등록');
INSERT INTO store (name, one_line_desc, address, region_name, latitude, longitude, avg_rating, bookmark_count, phone)
VALUES ('닌텐도 스토어 현대백화점 판교점','닌텐도 콘솔·게임·피규어 굿즈 전문 매장','경기 성남시 분당구 판교역로 146 현대백화점 판교점','성남/판교',37.392739,127.112094,4.50,180,'미등록');
INSERT INTO store (name, one_line_desc, address, region_name, latitude, longitude, avg_rating, bookmark_count, phone)
VALUES ('건담베이스 롯데 영플라자 본점','명동 롯데영플라자 지하1층 반다이 프라모델 전문샵','서울 중구 남대문로 67 롯데영플라자 지하1층 건담베이스','명동/영플라자',37.563630,126.982010,4.70,270,'미등록');
INSERT INTO store (name, one_line_desc, address, region_name, latitude, longitude, avg_rating, bookmark_count, phone)
VALUES ('라인프렌즈 스토어 롯데 영플라자 명동점','라인프렌즈 캐릭터 인형·문구·패션 굿즈샵','서울 중구 남대문로 67 롯데영플라자 1층 라인프렌즈 스토어','명동/영플라자',37.563630,126.982010,4.60,230,'미등록');
INSERT INTO store (name, one_line_desc, address, region_name, latitude, longitude, avg_rating, bookmark_count, phone)
VALUES ('라인프렌즈 월드 팝업스토어 롯데 영플라자점','BT21·미니니 등 IPX 캐릭터 종합 팝업스토어','서울 중구 남대문로 67 롯데영플라자 1층 라인프렌즈 월드 팝업','명동/영플라자',37.563630,126.982010,4.50,190,'미등록');
INSERT INTO store (name, one_line_desc, address, region_name, latitude, longitude, avg_rating, bookmark_count, phone)
VALUES ('모노폴리 롯데 영플라자 명동점','BT21·라인프렌즈 등 라이선스 캐릭터 편집 굿즈샵','서울 중구 남대문로 67 롯데영플라자 지하1층 모노폴리 매장','명동/영플라자',37.563630,126.982010,4.40,160,'미등록');
commit;

INSERT INTO store_goods (store_id, name, work_name, character_name, category, price, stock_qty, thumbnail_url)
VALUES (1, '원피스 루피 포토카드', '원피스', '루피', '포토카드', 5000, 30, 'https://example.com/goods/op_01.jpg');
INSERT INTO store_goods (store_id, name, work_name, character_name, category, price, stock_qty, thumbnail_url)
VALUES (1, '원피스 루피 피규어', '원피스', '루피', '피규어', 25000, 8, 'https://example.com/goods/op_02.jpg');
INSERT INTO store_goods (store_id, name, work_name, character_name, category, price, stock_qty, thumbnail_url)
VALUES (1, '원피스 루피 인형', '원피스', '루피', '인형', 18000, 12, 'https://example.com/goods/op_03.jpg');
INSERT INTO store_goods (store_id, name, work_name, character_name, category, price, stock_qty, thumbnail_url)
VALUES (1, '원피스 루피 키링', '원피스', '루피', '키링', 7000, 25, 'https://example.com/goods/op_04.jpg');
INSERT INTO store_goods (store_id, name, work_name, character_name, category, price, stock_qty, thumbnail_url)
VALUES (1, '원피스 루피 아크릴스탠드', '원피스', '루피', '아크릴스탠드', 12000, 10, 'https://example.com/goods/op_05.jpg');

INSERT INTO store_goods (store_id, name, work_name, character_name, category, price, stock_qty, thumbnail_url)
VALUES (1, '원피스 조로 포토카드', '원피스', '조로', '포토카드', 5000, 30, 'https://example.com/goods/op_06.jpg');
INSERT INTO store_goods (store_id, name, work_name, character_name, category, price, stock_qty, thumbnail_url)
VALUES (1, '원피스 조로 피규어', '원피스', '조로', '피규어', 25000, 8, 'https://example.com/goods/op_07.jpg');
INSERT INTO store_goods (store_id, name, work_name, character_name, category, price, stock_qty, thumbnail_url)
VALUES (1, '원피스 조로 인형', '원피스', '조로', '인형', 18000, 12, 'https://example.com/goods/op_08.jpg');
INSERT INTO store_goods (store_id, name, work_name, character_name, category, price, stock_qty, thumbnail_url)
VALUES (1, '원피스 조로 키링', '원피스', '조로', '키링', 7000, 25, 'https://example.com/goods/op_09.jpg');
INSERT INTO store_goods (store_id, name, work_name, character_name, category, price, stock_qty, thumbnail_url)
VALUES (1, '원피스 조로 아크릴스탠드', '원피스', '조로', '아크릴스탠드', 12000, 10, 'https://example.com/goods/op_10.jpg');

INSERT INTO store_goods (store_id, name, work_name, character_name, category, price, stock_qty, thumbnail_url)
VALUES (1, '원피스 나미 포토카드', '원피스', '나미', '포토카드', 5000, 30, 'https://example.com/goods/op_11.jpg');
INSERT INTO store_goods (store_id, name, work_name, character_name, category, price, stock_qty, thumbnail_url)
VALUES (1, '원피스 나미 피규어', '원피스', '나미', '피규어', 25000, 8, 'https://example.com/goods/op_12.jpg');
INSERT INTO store_goods (store_id, name, work_name, character_name, category, price, stock_qty, thumbnail_url)
VALUES (1, '원피스 나미 인형', '원피스', '나미', '인형', 18000, 12, 'https://example.com/goods/op_13.jpg');
INSERT INTO store_goods (store_id, name, work_name, character_name, category, price, stock_qty, thumbnail_url)
VALUES (1, '원피스 나미 키링', '원피스', '나미', '키링', 7000, 25, 'https://example.com/goods/op_14.jpg');
INSERT INTO store_goods (store_id, name, work_name, character_name, category, price, stock_qty, thumbnail_url)
VALUES (1, '원피스 나미 아크릴스탠드', '원피스', '나미', '아크릴스탠드', 12000, 10, 'https://example.com/goods/op_15.jpg');

INSERT INTO store_goods (store_id, name, work_name, character_name, category, price, stock_qty, thumbnail_url)
VALUES (1, '원피스 상디 포토카드', '원피스', '상디', '포토카드', 5000, 30, 'https://example.com/goods/op_16.jpg');
INSERT INTO store_goods (store_id, name, work_name, character_name, category, price, stock_qty, thumbnail_url)
VALUES (1, '원피스 상디 피규어', '원피스', '상디', '피규어', 25000, 8, 'https://example.com/goods/op_17.jpg');
INSERT INTO store_goods (store_id, name, work_name, character_name, category, price, stock_qty, thumbnail_url)
VALUES (1, '원피스 상디 인형', '원피스', '상디', '인형', 18000, 12, 'https://example.com/goods/op_18.jpg');
INSERT INTO store_goods (store_id, name, work_name, character_name, category, price, stock_qty, thumbnail_url)
VALUES (1, '원피스 상디 키링', '원피스', '상디', '키링', 7000, 25, 'https://example.com/goods/op_19.jpg');
INSERT INTO store_goods (store_id, name, work_name, character_name, category, price, stock_qty, thumbnail_url)
VALUES (1, '원피스 상디 아크릴스탠드', '원피스', '상디', '아크릴스탠드', 12000, 10, 'https://example.com/goods/op_20.jpg');

INSERT INTO store_goods (store_id, name, work_name, character_name, category, price, stock_qty, thumbnail_url)
VALUES (1, '원피스 쵸파 포토카드', '원피스', '쵸파', '포토카드', 5000, 30, 'https://example.com/goods/op_21.jpg');
INSERT INTO store_goods (store_id, name, work_name, character_name, category, price, stock_qty, thumbnail_url)
VALUES (1, '원피스 쵸파 피규어', '원피스', '쵸파', '피규어', 25000, 8, 'https://example.com/goods/op_22.jpg');
INSERT INTO store_goods (store_id, name, work_name, character_name, category, price, stock_qty, thumbnail_url)
VALUES (1, '원피스 쵸파 인형', '원피스', '쵸파', '인형', 18000, 12, 'https://example.com/goods/op_23.jpg');
INSERT INTO store_goods (store_id, name, work_name, character_name, category, price, stock_qty, thumbnail_url)
VALUES (1, '원피스 쵸파 키링', '원피스', '쵸파', '키링', 7000, 25, 'https://example.com/goods/op_24.jpg');
INSERT INTO store_goods (store_id, name, work_name, character_name, category, price, stock_qty, thumbnail_url)
VALUES (1, '원피스 쵸파 아크릴스탠드', '원피스', '쵸파', '아크릴스탠드', 12000, 10, 'https://example.com/goods/op_25.jpg');

INSERT INTO store_goods (store_id, name, work_name, character_name, category, price, stock_qty, thumbnail_url)
VALUES (2, '나루토 나루토 포토카드', '나루토', '나루토', '포토카드', 5000, 30, 'https://example.com/goods/nr_01.jpg');
INSERT INTO store_goods (store_id, name, work_name, character_name, category, price, stock_qty, thumbnail_url)
VALUES (2, '나루토 나루토 피규어', '나루토', '나루토', '피규어', 25000, 8, 'https://example.com/goods/nr_02.jpg');
INSERT INTO store_goods (store_id, name, work_name, character_name, category, price, stock_qty, thumbnail_url)
VALUES (2, '나루토 나루토 인형', '나루토', '나루토', '인형', 18000, 12, 'https://example.com/goods/nr_03.jpg');
INSERT INTO store_goods (store_id, name, work_name, character_name, category, price, stock_qty, thumbnail_url)
VALUES (2, '나루토 나루토 키링', '나루토', '나루토', '키링', 7000, 25, 'https://example.com/goods/nr_04.jpg');
INSERT INTO store_goods (store_id, name, work_name, character_name, category, price, stock_qty, thumbnail_url)
VALUES (2, '나루토 나루토 아크릴스탠드', '나루토', '나루토', '아크릴스탠드', 12000, 10, 'https://example.com/goods/nr_05.jpg');

INSERT INTO store_goods (store_id, name, work_name, character_name, category, price, stock_qty, thumbnail_url)
VALUES (2, '나루토 사스케 포토카드', '나루토', '사스케', '포토카드', 5000, 30, 'https://example.com/goods/nr_06.jpg');
INSERT INTO store_goods (store_id, name, work_name, character_name, category, price, stock_qty, thumbnail_url)
VALUES (2, '나루토 사스케 피규어', '나루토', '사스케', '피규어', 25000, 8, 'https://example.com/goods/nr_07.jpg');
INSERT INTO store_goods (store_id, name, work_name, character_name, category, price, stock_qty, thumbnail_url)
VALUES (2, '나루토 사스케 인형', '나루토', '사스케', '인형', 18000, 12, 'https://example.com/goods/nr_08.jpg');
INSERT INTO store_goods (store_id, name, work_name, character_name, category, price, stock_qty, thumbnail_url)
VALUES (2, '나루토 사스케 키링', '나루토', '사스케', '키링', 7000, 25, 'https://example.com/goods/nr_09.jpg');
INSERT INTO store_goods (store_id, name, work_name, character_name, category, price, stock_qty, thumbnail_url)
VALUES (2, '나루토 사스케 아크릴스탠드', '나루토', '사스케', '아크릴스탠드', 12000, 10, 'https://example.com/goods/nr_10.jpg');

INSERT INTO store_goods (store_id, name, work_name, character_name, category, price, stock_qty, thumbnail_url)
VALUES (2, '나루토 사쿠라 포토카드', '나루토', '사쿠라', '포토카드', 5000, 30, 'https://example.com/goods/nr_11.jpg');
INSERT INTO store_goods (store_id, name, work_name, character_name, category, price, stock_qty, thumbnail_url)
VALUES (2, '나루토 사쿠라 피규어', '나루토', '사쿠라', '피규어', 25000, 8, 'https://example.com/goods/nr_12.jpg');
INSERT INTO store_goods (store_id, name, work_name, character_name, category, price, stock_qty, thumbnail_url)
VALUES (2, '나루토 사쿠라 인형', '나루토', '사쿠라', '인형', 18000, 12, 'https://example.com/goods/nr_13.jpg');
INSERT INTO store_goods (store_id, name, work_name, character_name, category, price, stock_qty, thumbnail_url)
VALUES (2, '나루토 사쿠라 키링', '나루토', '사쿠라', '키링', 7000, 25, 'https://example.com/goods/nr_14.jpg');
INSERT INTO store_goods (store_id, name, work_name, character_name, category, price, stock_qty, thumbnail_url)
VALUES (2, '나루토 사쿠라 아크릴스탠드', '나루토', '사쿠라', '아크릴스탠드', 12000, 10, 'https://example.com/goods/nr_15.jpg');

INSERT INTO store_goods (store_id, name, work_name, character_name, category, price, stock_qty, thumbnail_url)
VALUES (2, '나루토 카카시 포토카드', '나루토', '카카시', '포토카드', 5000, 30, 'https://example.com/goods/nr_16.jpg');
INSERT INTO store_goods (store_id, name, work_name, character_name, category, price, stock_qty, thumbnail_url)
VALUES (2, '나루토 카카시 피규어', '나루토', '카카시', '피규어', 25000, 8, 'https://example.com/goods/nr_17.jpg');
INSERT INTO store_goods (store_id, name, work_name, character_name, category, price, stock_qty, thumbnail_url)
VALUES (2, '나루토 카카시 인형', '나루토', '카카시', '인형', 18000, 12, 'https://example.com/goods/nr_18.jpg');
INSERT INTO store_goods (store_id, name, work_name, character_name, category, price, stock_qty, thumbnail_url)
VALUES (2, '나루토 카카시 키링', '나루토', '카카시', '키링', 7000, 25, 'https://example.com/goods/nr_19.jpg');
INSERT INTO store_goods (store_id, name, work_name, character_name, category, price, stock_qty, thumbnail_url)
VALUES (2, '나루토 카카시 아크릴스탠드', '나루토', '카카시', '아크릴스탠드', 12000, 10, 'https://example.com/goods/nr_20.jpg');

INSERT INTO store_goods (store_id, name, work_name, character_name, category, price, stock_qty, thumbnail_url)
VALUES (2, '나루토 히나타 포토카드', '나루토', '히나타', '포토카드', 5000, 30, 'https://example.com/goods/nr_21.jpg');
INSERT INTO store_goods (store_id, name, work_name, character_name, category, price, stock_qty, thumbnail_url)
VALUES (2, '나루토 히나타 피규어', '나루토', '히나타', '피규어', 25000, 8, 'https://example.com/goods/nr_22.jpg');
INSERT INTO store_goods (store_id, name, work_name, character_name, category, price, stock_qty, thumbnail_url)
VALUES (2, '나루토 히나타 인형', '나루토', '히나타', '인형', 18000, 12, 'https://example.com/goods/nr_23.jpg');
INSERT INTO store_goods (store_id, name, work_name, character_name, category, price, stock_qty, thumbnail_url)
VALUES (2, '나루토 히나타 키링', '나루토', '히나타', '키링', 7000, 25, 'https://example.com/goods/nr_24.jpg');
INSERT INTO store_goods (store_id, name, work_name, character_name, category, price, stock_qty, thumbnail_url)
VALUES (2, '나루토 히나타 아크릴스탠드', '나루토', '히나타', '아크릴스탠드', 12000, 10, 'https://example.com/goods/nr_25.jpg');

INSERT INTO store_goods (store_id, name, work_name, character_name, category, price, stock_qty, thumbnail_url)
VALUES (3, '귀멸의칼날 탄지로 포토카드', '귀멸의칼날', '탄지로', '포토카드', 5000, 30, 'https://example.com/goods/ds_01.jpg');
INSERT INTO store_goods (store_id, name, work_name, character_name, category, price, stock_qty, thumbnail_url)
VALUES (3, '귀멸의칼날 탄지로 피규어', '귀멸의칼날', '탄지로', '피규어', 25000, 8, 'https://example.com/goods/ds_02.jpg');
INSERT INTO store_goods (store_id, name, work_name, character_name, category, price, stock_qty, thumbnail_url)
VALUES (3, '귀멸의칼날 탄지로 인형', '귀멸의칼날', '탄지로', '인형', 18000, 12, 'https://example.com/goods/ds_03.jpg');
INSERT INTO store_goods (store_id, name, work_name, character_name, category, price, stock_qty, thumbnail_url)
VALUES (3, '귀멸의칼날 탄지로 키링', '귀멸의칼날', '탄지로', '키링', 7000, 25, 'https://example.com/goods/ds_04.jpg');
INSERT INTO store_goods (store_id, name, work_name, character_name, category, price, stock_qty, thumbnail_url)
VALUES (3, '귀멸의칼날 탄지로 아크릴스탠드', '귀멸의칼날', '탄지로', '아크릴스탠드', 12000, 10, 'https://example.com/goods/ds_05.jpg');

INSERT INTO store_goods (store_id, name, work_name, character_name, category, price, stock_qty, thumbnail_url)
VALUES (3, '귀멸의칼날 네즈코 포토카드', '귀멸의칼날', '네즈코', '포토카드', 5000, 30, 'https://example.com/goods/ds_06.jpg');
INSERT INTO store_goods (store_id, name, work_name, character_name, category, price, stock_qty, thumbnail_url)
VALUES (3, '귀멸의칼날 네즈코 피규어', '귀멸의칼날', '네즈코', '피규어', 25000, 8, 'https://example.com/goods/ds_07.jpg');
INSERT INTO store_goods (store_id, name, work_name, character_name, category, price, stock_qty, thumbnail_url)
VALUES (3, '귀멸의칼날 네즈코 인형', '귀멸의칼날', '네즈코', '인형', 18000, 12, 'https://example.com/goods/ds_08.jpg');
INSERT INTO store_goods (store_id, name, work_name, character_name, category, price, stock_qty, thumbnail_url)
VALUES (3, '귀멸의칼날 네즈코 키링', '귀멸의칼날', '네즈코', '키링', 7000, 25, 'https://example.com/goods/ds_09.jpg');
INSERT INTO store_goods (store_id, name, work_name, character_name, category, price, stock_qty, thumbnail_url)
VALUES (3, '귀멸의칼날 네즈코 아크릴스탠드', '귀멸의칼날', '네즈코', '아크릴스탠드', 12000, 10, 'https://example.com/goods/ds_10.jpg');

INSERT INTO store_goods (store_id, name, work_name, character_name, category, price, stock_qty, thumbnail_url)
VALUES (3, '귀멸의칼날 젠이츠 포토카드', '귀멸의칼날', '젠이츠', '포토카드', 5000, 30, 'https://example.com/goods/ds_11.jpg');
INSERT INTO store_goods (store_id, name, work_name, character_name, category, price, stock_qty, thumbnail_url)
VALUES (3, '귀멸의칼날 젠이츠 피규어', '귀멸의칼날', '젠이츠', '피규어', 25000, 8, 'https://example.com/goods/ds_12.jpg');
INSERT INTO store_goods (store_id, name, work_name, character_name, category, price, stock_qty, thumbnail_url)
VALUES (3, '귀멸의칼날 젠이츠 인형', '귀멸의칼날', '젠이츠', '인형', 18000, 12, 'https://example.com/goods/ds_13.jpg');
INSERT INTO store_goods (store_id, name, work_name, character_name, category, price, stock_qty, thumbnail_url)
VALUES (3, '귀멸의칼날 젠이츠 키링', '귀멸의칼날', '젠이츠', '키링', 7000, 25, 'https://example.com/goods/ds_14.jpg');
INSERT INTO store_goods (store_id, name, work_name, character_name, category, price, stock_qty, thumbnail_url)
VALUES (3, '귀멸의칼날 젠이츠 아크릴스탠드', '귀멸의칼날', '젠이츠', '아크릴스탠드', 12000, 10, 'https://example.com/goods/ds_15.jpg');

INSERT INTO store_goods (store_id, name, work_name, character_name, category, price, stock_qty, thumbnail_url)
VALUES (3, '귀멸의칼날 이노스케 포토카드', '귀멸의칼날', '이노스케', '포토카드', 5000, 30, 'https://example.com/goods/ds_16.jpg');
INSERT INTO store_goods (store_id, name, work_name, character_name, category, price, stock_qty, thumbnail_url)
VALUES (3, '귀멸의칼날 이노스케 피규어', '귀멸의칼날', '이노스케', '피규어', 25000, 8, 'https://example.com/goods/ds_17.jpg');
INSERT INTO store_goods (store_id, name, work_name, character_name, category, price, stock_qty, thumbnail_url)
VALUES (3, '귀멸의칼날 이노스케 인형', '귀멸의칼날', '이노스케', '인형', 18000, 12, 'https://example.com/goods/ds_18.jpg');
INSERT INTO store_goods (store_id, name, work_name, character_name, category, price, stock_qty, thumbnail_url)
VALUES (3, '귀멸의칼날 이노스케 키링', '귀멸의칼날', '이노스케', '키링', 7000, 25, 'https://example.com/goods/ds_19.jpg');
INSERT INTO store_goods (store_id, name, work_name, character_name, category, price, stock_qty, thumbnail_url)
VALUES (3, '귀멸의칼날 이노스케 아크릴스탠드', '귀멸의칼날', '이노스케', '아크릴스탠드', 12000, 10, 'https://example.com/goods/ds_20.jpg');

INSERT INTO store_goods (store_id, name, work_name, character_name, category, price, stock_qty, thumbnail_url)
VALUES (3, '귀멸의칼날 렌고쿠 포토카드', '귀멸의칼날', '렌고쿠', '포토카드', 5000, 30, 'https://example.com/goods/ds_21.jpg');
INSERT INTO store_goods (store_id, name, work_name, character_name, category, price, stock_qty, thumbnail_url)
VALUES (3, '귀멸의칼날 렌고쿠 피규어', '귀멸의칼날', '렌고쿠', '피규어', 25000, 8, 'https://example.com/goods/ds_22.jpg');
INSERT INTO store_goods (store_id, name, work_name, character_name, category, price, stock_qty, thumbnail_url)
VALUES (3, '귀멸의칼날 렌고쿠 인형', '귀멸의칼날', '렌고쿠', '인형', 18000, 12, 'https://example.com/goods/ds_23.jpg');
INSERT INTO store_goods (store_id, name, work_name, character_name, category, price, stock_qty, thumbnail_url)
VALUES (3, '귀멸의칼날 렌고쿠 키링', '귀멸의칼날', '렌고쿠', '키링', 7000, 25, 'https://example.com/goods/ds_24.jpg');
INSERT INTO store_goods (store_id, name, work_name, character_name, category, price, stock_qty, thumbnail_url)
VALUES (3, '귀멸의칼날 렌고쿠 아크릴스탠드', '귀멸의칼날', '렌고쿠', '아크릴스탠드', 12000, 10, 'https://example.com/goods/ds_25.jpg');

INSERT INTO store_goods (store_id, name, work_name, character_name, category, price, stock_qty, thumbnail_url)
VALUES (4, '블루록 이사기 포토카드', '블루록', '이사기', '포토카드', 5000, 30, 'https://example.com/goods/bl_01.jpg');
INSERT INTO store_goods (store_id, name, work_name, character_name, category, price, stock_qty, thumbnail_url)
VALUES (4, '블루록 이사기 피규어', '블루록', '이사기', '피규어', 25000, 8, 'https://example.com/goods/bl_02.jpg');
INSERT INTO store_goods (store_id, name, work_name, character_name, category, price, stock_qty, thumbnail_url)
VALUES (4, '블루록 이사기 인형', '블루록', '이사기', '인형', 18000, 12, 'https://example.com/goods/bl_03.jpg');
INSERT INTO store_goods (store_id, name, work_name, character_name, category, price, stock_qty, thumbnail_url)
VALUES (4, '블루록 이사기 키링', '블루록', '이사기', '키링', 7000, 25, 'https://example.com/goods/bl_04.jpg');
INSERT INTO store_goods (store_id, name, work_name, character_name, category, price, stock_qty, thumbnail_url)
VALUES (4, '블루록 이사기 아크릴스탠드', '블루록', '이사기', '아크릴스탠드', 12000, 10, 'https://example.com/goods/bl_05.jpg');

INSERT INTO store_goods (store_id, name, work_name, character_name, category, price, stock_qty, thumbnail_url)
VALUES (4, '블루록 나기 포토카드', '블루록', '나기', '포토카드', 5000, 30, 'https://example.com/goods/bl_06.jpg');
INSERT INTO store_goods (store_id, name, work_name, character_name, category, price, stock_qty, thumbnail_url)
VALUES (4, '블루록 나기 피규어', '블루록', '나기', '피규어', 25000, 8, 'https://example.com/goods/bl_07.jpg');
INSERT INTO store_goods (store_id, name, work_name, character_name, category, price, stock_qty, thumbnail_url)
VALUES (4, '블루록 나기 인형', '블루록', '나기', '인형', 18000, 12, 'https://example.com/goods/bl_08.jpg');
INSERT INTO store_goods (store_id, name, work_name, character_name, category, price, stock_qty, thumbnail_url)
VALUES (4, '블루록 나기 키링', '블루록', '나기', '키링', 7000, 25, 'https://example.com/goods/bl_09.jpg');
INSERT INTO store_goods (store_id, name, work_name, character_name, category, price, stock_qty, thumbnail_url)
VALUES (4, '블루록 나기 아크릴스탠드', '블루록', '나기', '아크릴스탠드', 12000, 10, 'https://example.com/goods/bl_10.jpg');

INSERT INTO store_goods (store_id, name, work_name, character_name, category, price, stock_qty, thumbnail_url)
VALUES (4, '블루록 바치라 포토카드', '블루록', '바치라', '포토카드', 5000, 30, 'https://example.com/goods/bl_11.jpg');
INSERT INTO store_goods (store_id, name, work_name, character_name, category, price, stock_qty, thumbnail_url)
VALUES (4, '블루록 바치라 피규어', '블루록', '바치라', '피규어', 25000, 8, 'https://example.com/goods/bl_12.jpg');
INSERT INTO store_goods (store_id, name, work_name, character_name, category, price, stock_qty, thumbnail_url)
VALUES (4, '블루록 바치라 인형', '블루록', '바치라', '인형', 18000, 12, 'https://example.com/goods/bl_13.jpg');
INSERT INTO store_goods (store_id, name, work_name, character_name, category, price, stock_qty, thumbnail_url)
VALUES (4, '블루록 바치라 키링', '블루록', '바치라', '키링', 7000, 25, 'https://example.com/goods/bl_14.jpg');
INSERT INTO store_goods (store_id, name, work_name, character_name, category, price, stock_qty, thumbnail_url)
VALUES (4, '블루록 바치라 아크릴스탠드', '블루록', '바치라', '아크릴스탠드', 12000, 10, 'https://example.com/goods/bl_15.jpg');

INSERT INTO store_goods (store_id, name, work_name, character_name, category, price, stock_qty, thumbnail_url)
VALUES (4, '블루록 치기리 포토카드', '블루록', '치기리', '포토카드', 5000, 30, 'https://example.com/goods/bl_16.jpg');
INSERT INTO store_goods (store_id, name, work_name, character_name, category, price, stock_qty, thumbnail_url)
VALUES (4, '블루록 치기리 피규어', '블루록', '치기리', '피규어', 25000, 8, 'https://example.com/goods/bl_17.jpg');
INSERT INTO store_goods (store_id, name, work_name, character_name, category, price, stock_qty, thumbnail_url)
VALUES (4, '블루록 치기리 인형', '블루록', '치기리', '인형', 18000, 12, 'https://example.com/goods/bl_18.jpg');
INSERT INTO store_goods (store_id, name, work_name, character_name, category, price, stock_qty, thumbnail_url)
VALUES (4, '블루록 치기리 키링', '블루록', '치기리', '키링', 7000, 25, 'https://example.com/goods/bl_19.jpg');
INSERT INTO store_goods (store_id, name, work_name, character_name, category, price, stock_qty, thumbnail_url)
VALUES (4, '블루록 치기리 아크릴스탠드', '블루록', '치기리', '아크릴스탠드', 12000, 10, 'https://example.com/goods/bl_20.jpg');

INSERT INTO store_goods (store_id, name, work_name, character_name, category, price, stock_qty, thumbnail_url)
VALUES (4, '블루록 렌스케 포토카드', '블루록', '렌스케', '포토카드', 5000, 30, 'https://example.com/goods/bl_21.jpg');
INSERT INTO store_goods (store_id, name, work_name, character_name, category, price, stock_qty, thumbnail_url)
VALUES (4, '블루록 렌스케 피규어', '블루록', '렌스케', '피규어', 25000, 8, 'https://example.com/goods/bl_22.jpg');
INSERT INTO store_goods (store_id, name, work_name, character_name, category, price, stock_qty, thumbnail_url)
VALUES (4, '블루록 렌스케 인형', '블루록', '렌스케', '인형', 18000, 12, 'https://example.com/goods/bl_23.jpg');
INSERT INTO store_goods (store_id, name, work_name, character_name, category, price, stock_qty, thumbnail_url)
VALUES (4, '블루록 렌스케 키링', '블루록', '렌스케', '키링', 7000, 25, 'https://example.com/goods/bl_24.jpg');
INSERT INTO store_goods (store_id, name, work_name, character_name, category, price, stock_qty, thumbnail_url)
VALUES (4, '블루록 렌스케 아크릴스탠드', '블루록', '렌스케', '아크릴스탠드', 12000, 10, 'https://example.com/goods/bl_25.jpg');

INSERT INTO store_goods (store_id, name, work_name, character_name, category, price, stock_qty, thumbnail_url)
VALUES (5, '주술회전 이타도리 포토카드', '주술회전', '이타도리', '포토카드', 5000, 30, 'https://example.com/goods/jjk_01.jpg');
INSERT INTO store_goods (store_id, name, work_name, character_name, category, price, stock_qty, thumbnail_url)
VALUES (5, '주술회전 이타도리 피규어', '주술회전', '이타도리', '피규어', 25000, 8, 'https://example.com/goods/jjk_02.jpg');
INSERT INTO store_goods (store_id, name, work_name, character_name, category, price, stock_qty, thumbnail_url)
VALUES (5, '주술회전 이타도리 인형', '주술회전', '이타도리', '인형', 18000, 12, 'https://example.com/goods/jjk_03.jpg');
INSERT INTO store_goods (store_id, name, work_name, character_name, category, price, stock_qty, thumbnail_url)
VALUES (5, '주술회전 이타도리 키링', '주술회전', '이타도리', '키링', 7000, 25, 'https://example.com/goods/jjk_04.jpg');
INSERT INTO store_goods (store_id, name, work_name, character_name, category, price, stock_qty, thumbnail_url)
VALUES (5, '주술회전 이타도리 아크릴스탠드', '주술회전', '이타도리', '아크릴스탠드', 12000, 10, 'https://example.com/goods/jjk_05.jpg');

INSERT INTO store_goods (store_id, name, work_name, character_name, category, price, stock_qty, thumbnail_url)
VALUES (5, '주술회전 후시구로 포토카드', '주술회전', '후시구로', '포토카드', 5000, 30, 'https://example.com/goods/jjk_06.jpg');
INSERT INTO store_goods (store_id, name, work_name, character_name, category, price, stock_qty, thumbnail_url)
VALUES (5, '주술회전 후시구로 피규어', '주술회전', '후시구로', '피규어', 25000, 8, 'https://example.com/goods/jjk_07.jpg');
INSERT INTO store_goods (store_id, name, work_name, character_name, category, price, stock_qty, thumbnail_url)
VALUES (5, '주술회전 후시구로 인형', '주술회전', '후시구로', '인형', 18000, 12, 'https://example.com/goods/jjk_08.jpg');
INSERT INTO store_goods (store_id, name, work_name, character_name, category, price, stock_qty, thumbnail_url)
VALUES (5, '주술회전 후시구로 키링', '주술회전', '후시구로', '키링', 7000, 25, 'https://example.com/goods/jjk_09.jpg');
INSERT INTO store_goods (store_id, name, work_name, character_name, category, price, stock_qty, thumbnail_url)
VALUES (5, '주술회전 후시구로 아크릴스탠드', '주술회전', '후시구로', '아크릴스탠드', 12000, 10, 'https://example.com/goods/jjk_10.jpg');

INSERT INTO store_goods (store_id, name, work_name, character_name, category, price, stock_qty, thumbnail_url)
VALUES (5, '주술회전 쿠기사키 포토카드', '주술회전', '쿠기사키', '포토카드', 5000, 30, 'https://example.com/goods/jjk_11.jpg');
INSERT INTO store_goods (store_id, name, work_name, character_name, category, price, stock_qty, thumbnail_url)
VALUES (5, '주술회전 쿠기사키 피규어', '주술회전', '쿠기사키', '피규어', 25000, 8, 'https://example.com/goods/jjk_12.jpg');
INSERT INTO store_goods (store_id, name, work_name, character_name, category, price, stock_qty, thumbnail_url)
VALUES (5, '주술회전 쿠기사키 인형', '주술회전', '쿠기사키', '인형', 18000, 12, 'https://example.com/goods/jjk_13.jpg');
INSERT INTO store_goods (store_id, name, work_name, character_name, category, price, stock_qty, thumbnail_url)
VALUES (5, '주술회전 쿠기사키 키링', '주술회전', '쿠기사키', '키링', 7000, 25, 'https://example.com/goods/jjk_14.jpg');
INSERT INTO store_goods (store_id, name, work_name, character_name, category, price, stock_qty, thumbnail_url)
VALUES (5, '주술회전 쿠기사키 아크릴스탠드', '주술회전', '쿠기사키', '아크릴스탠드', 12000, 10, 'https://example.com/goods/jjk_15.jpg');

INSERT INTO store_goods (store_id, name, work_name, character_name, category, price, stock_qty, thumbnail_url)
VALUES (5, '주술회전 고죠 포토카드', '주술회전', '고죠', '포토카드', 5000, 30, 'https://example.com/goods/jjk_16.jpg');
INSERT INTO store_goods (store_id, name, work_name, character_name, category, price, stock_qty, thumbnail_url)
VALUES (5, '주술회전 고죠 피규어', '주술회전', '고죠', '피규어', 25000, 8, 'https://example.com/goods/jjk_17.jpg');
INSERT INTO store_goods (store_id, name, work_name, character_name, category, price, stock_qty, thumbnail_url)
VALUES (5, '주술회전 고죠 인형', '주술회전', '고죠', '인형', 18000, 12, 'https://example.com/goods/jjk_18.jpg');
INSERT INTO store_goods (store_id, name, work_name, character_name, category, price, stock_qty, thumbnail_url)
VALUES (5, '주술회전 고죠 키링', '주술회전', '고죠', '키링', 7000, 25, 'https://example.com/goods/jjk_19.jpg');
INSERT INTO store_goods (store_id, name, work_name, character_name, category, price, stock_qty, thumbnail_url)
VALUES (5, '주술회전 고죠 아크릴스탠드', '주술회전', '고죠', '아크릴스탠드', 12000, 10, 'https://example.com/goods/jjk_20.jpg');

INSERT INTO store_goods (store_id, name, work_name, character_name, category, price, stock_qty, thumbnail_url)
VALUES (5, '주술회전 나나미 포토카드', '주술회전', '나나미', '포토카드', 5000, 30, 'https://example.com/goods/jjk_21.jpg');
INSERT INTO store_goods (store_id, name, work_name, character_name, category, price, stock_qty, thumbnail_url)
VALUES (5, '주술회전 나나미 피규어', '주술회전', '나나미', '피규어', 25000, 8, 'https://example.com/goods/jjk_22.jpg');
INSERT INTO store_goods (store_id, name, work_name, character_name, category, price, stock_qty, thumbnail_url)
VALUES (5, '주술회전 나나미 인형', '주술회전', '나나미', '인형', 18000, 12, 'https://example.com/goods/jjk_23.jpg');
INSERT INTO store_goods (store_id, name, work_name, character_name, category, price, stock_qty, thumbnail_url)
VALUES (5, '주술회전 나나미 키링', '주술회전', '나나미', '키링', 7000, 25, 'https://example.com/goods/jjk_24.jpg');
INSERT INTO store_goods (store_id, name, work_name, character_name, category, price, stock_qty, thumbnail_url)
VALUES (5, '주술회전 나나미 아크릴스탠드', '주술회전', '나나미', '아크릴스탠드', 12000, 10, 'https://example.com/goods/jjk_25.jpg');

INSERT INTO store_goods (store_id, name, work_name, character_name, category, price, stock_qty, thumbnail_url)
VALUES (6, '체인소맨 덴지 포토카드', '체인소맨', '덴지', '포토카드', 5000, 30, 'https://example.com/goods/csm_01.jpg');
INSERT INTO store_goods (store_id, name, work_name, character_name, category, price, stock_qty, thumbnail_url)
VALUES (6, '체인소맨 덴지 피규어', '체인소맨', '덴지', '피규어', 25000, 8, 'https://example.com/goods/csm_02.jpg');
INSERT INTO store_goods (store_id, name, work_name, character_name, category, price, stock_qty, thumbnail_url)
VALUES (6, '체인소맨 덴지 인형', '체인소맨', '덴지', '인형', 18000, 12, 'https://example.com/goods/csm_03.jpg');
INSERT INTO store_goods (store_id, name, work_name, character_name, category, price, stock_qty, thumbnail_url)
VALUES (6, '체인소맨 덴지 키링', '체인소맨', '덴지', '키링', 7000, 25, 'https://example.com/goods/csm_04.jpg');
INSERT INTO store_goods (store_id, name, work_name, character_name, category, price, stock_qty, thumbnail_url)
VALUES (6, '체인소맨 덴지 아크릴스탠드', '체인소맨', '덴지', '아크릴스탠드', 12000, 10, 'https://example.com/goods/csm_05.jpg');

INSERT INTO store_goods (store_id, name, work_name, character_name, category, price, stock_qty, thumbnail_url)
VALUES (6, '체인소맨 파워 포토카드', '체인소맨', '파워', '포토카드', 5000, 30, 'https://example.com/goods/csm_06.jpg');
INSERT INTO store_goods (store_id, name, work_name, character_name, category, price, stock_qty, thumbnail_url)
VALUES (6, '체인소맨 파워 피규어', '체인소맨', '파워', '피규어', 25000, 8, 'https://example.com/goods/csm_07.jpg');
INSERT INTO store_goods (store_id, name, work_name, character_name, category, price, stock_qty, thumbnail_url)
VALUES (6, '체인소맨 파워 인형', '체인소맨', '파워', '인형', 18000, 12, 'https://example.com/goods/csm_08.jpg');
INSERT INTO store_goods (store_id, name, work_name, character_name, category, price, stock_qty, thumbnail_url)
VALUES (6, '체인소맨 파워 키링', '체인소맨', '파워', '키링', 7000, 25, 'https://example.com/goods/csm_09.jpg');
INSERT INTO store_goods (store_id, name, work_name, character_name, category, price, stock_qty, thumbnail_url)
VALUES (6, '체인소맨 파워 아크릴스탠드', '체인소맨', '파워', '아크릴스탠드', 12000, 10, 'https://example.com/goods/csm_10.jpg');

INSERT INTO store_goods (store_id, name, work_name, character_name, category, price, stock_qty, thumbnail_url)
VALUES (6, '체인소맨 마키마 포토카드', '체인소맨', '마키마', '포토카드', 5000, 30, 'https://example.com/goods/csm_11.jpg');
INSERT INTO store_goods (store_id, name, work_name, character_name, category, price, stock_qty, thumbnail_url)
VALUES (6, '체인소맨 마키마 피규어', '체인소맨', '마키마', '피규어', 25000, 8, 'https://example.com/goods/csm_12.jpg');
INSERT INTO store_goods (store_id, name, work_name, character_name, category, price, stock_qty, thumbnail_url)
VALUES (6, '체인소맨 마키마 인형', '체인소맨', '마키마', '인형', 18000, 12, 'https://example.com/goods/csm_13.jpg');
INSERT INTO store_goods (store_id, name, work_name, character_name, category, price, stock_qty, thumbnail_url)
VALUES (6, '체인소맨 마키마 키링', '체인소맨', '마키마', '키링', 7000, 25, 'https://example.com/goods/csm_14.jpg');
INSERT INTO store_goods (store_id, name, work_name, character_name, category, price, stock_qty, thumbnail_url)
VALUES (6, '체인소맨 마키마 아크릴스탠드', '체인소맨', '마키마', '아크릴스탠드', 12000, 10, 'https://example.com/goods/csm_15.jpg');

INSERT INTO store_goods (store_id, name, work_name, character_name, category, price, stock_qty, thumbnail_url)
VALUES (6, '체인소맨 아키 포토카드', '체인소맨', '아키', '포토카드', 5000, 30, 'https://example.com/goods/csm_16.jpg');
INSERT INTO store_goods (store_id, name, work_name, character_name, category, price, stock_qty, thumbnail_url)
VALUES (6, '체인소맨 아키 피규어', '체인소맨', '아키', '피규어', 25000, 8, 'https://example.com/goods/csm_17.jpg');
INSERT INTO store_goods (store_id, name, work_name, character_name, category, price, stock_qty, thumbnail_url)
VALUES (6, '체인소맨 아키 인형', '체인소맨', '아키', '인형', 18000, 12, 'https://example.com/goods/csm_18.jpg');
INSERT INTO store_goods (store_id, name, work_name, character_name, category, price, stock_qty, thumbnail_url)
VALUES (6, '체인소맨 아키 키링', '체인소맨', '아키', '키링', 7000, 25, 'https://example.com/goods/csm_19.jpg');
INSERT INTO store_goods (store_id, name, work_name, character_name, category, price, stock_qty, thumbnail_url)
VALUES (6, '체인소맨 아키 아크릴스탠드', '체인소맨', '아키', '아크릴스탠드', 12000, 10, 'https://example.com/goods/csm_20.jpg');

INSERT INTO store_goods (store_id, name, work_name, character_name, category, price, stock_qty, thumbnail_url)
VALUES (6, '체인소맨 히메노 포토카드', '체인소맨', '히메노', '포토카드', 5000, 30, 'https://example.com/goods/csm_21.jpg');
INSERT INTO store_goods (store_id, name, work_name, character_name, category, price, stock_qty, thumbnail_url)
VALUES (6, '체인소맨 히메노 피규어', '체인소맨', '히메노', '피규어', 25000, 8, 'https://example.com/goods/csm_22.jpg');
INSERT INTO store_goods (store_id, name, work_name, character_name, category, price, stock_qty, thumbnail_url)
VALUES (6, '체인소맨 히메노 인형', '체인소맨', '히메노', '인형', 18000, 12, 'https://example.com/goods/csm_23.jpg');
INSERT INTO store_goods (store_id, name, work_name, character_name, category, price, stock_qty, thumbnail_url)
VALUES (6, '체인소맨 히메노 키링', '체인소맨', '히메노', '키링', 7000, 25, 'https://example.com/goods/csm_24.jpg');
INSERT INTO store_goods (store_id, name, work_name, character_name, category, price, stock_qty, thumbnail_url)
VALUES (6, '체인소맨 히메노 아크릴스탠드', '체인소맨', '히메노', '아크릴스탠드', 12000, 10, 'https://example.com/goods/csm_25.jpg');

INSERT INTO store_goods (store_id, name, work_name, character_name, category, price, stock_qty, thumbnail_url)
VALUES (7, '하이큐 히나타 포토카드', '하이큐', '히나타', '포토카드', 5000, 30, 'https://example.com/goods/hq_01.jpg');
INSERT INTO store_goods (store_id, name, work_name, character_name, category, price, stock_qty, thumbnail_url)
VALUES (7, '하이큐 히나타 피규어', '하이큐', '히나타', '피규어', 25000, 8, 'https://example.com/goods/hq_02.jpg');
INSERT INTO store_goods (store_id, name, work_name, character_name, category, price, stock_qty, thumbnail_url)
VALUES (7, '하이큐 히나타 인형', '하이큐', '히나타', '인형', 18000, 12, 'https://example.com/goods/hq_03.jpg');
INSERT INTO store_goods (store_id, name, work_name, character_name, category, price, stock_qty, thumbnail_url)
VALUES (7, '하이큐 히나타 키링', '하이큐', '히나타', '키링', 7000, 25, 'https://example.com/goods/hq_04.jpg');
INSERT INTO store_goods (store_id, name, work_name, character_name, category, price, stock_qty, thumbnail_url)
VALUES (7, '하이큐 히나타 아크릴스탠드', '하이큐', '히나타', '아크릴스탠드', 12000, 10, 'https://example.com/goods/hq_05.jpg');

INSERT INTO store_goods (store_id, name, work_name, character_name, category, price, stock_qty, thumbnail_url)
VALUES (7, '하이큐 카게야마 포토카드', '하이큐', '카게야마', '포토카드', 5000, 30, 'https://example.com/goods/hq_06.jpg');
INSERT INTO store_goods (store_id, name, work_name, character_name, category, price, stock_qty, thumbnail_url)
VALUES (7, '하이큐 카게야마 피규어', '하이큐', '카게야마', '피규어', 25000, 8, 'https://example.com/goods/hq_07.jpg');
INSERT INTO store_goods (store_id, name, work_name, character_name, category, price, stock_qty, thumbnail_url)
VALUES (7, '하이큐 카게야마 인형', '하이큐', '카게야마', '인형', 18000, 12, 'https://example.com/goods/hq_08.jpg');
INSERT INTO store_goods (store_id, name, work_name, character_name, category, price, stock_qty, thumbnail_url)
VALUES (7, '하이큐 카게야마 키링', '하이큐', '카게야마', '키링', 7000, 25, 'https://example.com/goods/hq_09.jpg');
INSERT INTO store_goods (store_id, name, work_name, character_name, category, price, stock_qty, thumbnail_url)
VALUES (7, '하이큐 카게야마 아크릴스탠드', '하이큐', '카게야마', '아크릴스탠드', 12000, 10, 'https://example.com/goods/hq_10.jpg');

INSERT INTO store_goods (store_id, name, work_name, character_name, category, price, stock_qty, thumbnail_url)
VALUES (7, '하이큐 츠키시마 포토카드', '하이큐', '츠키시마', '포토카드', 5000, 30, 'https://example.com/goods/hq_11.jpg');
INSERT INTO store_goods (store_id, name, work_name, character_name, category, price, stock_qty, thumbnail_url)
VALUES (7, '하이큐 츠키시마 피규어', '하이큐', '츠키시마', '피규어', 25000, 8, 'https://example.com/goods/hq_12.jpg');
INSERT INTO store_goods (store_id, name, work_name, character_name, category, price, stock_qty, thumbnail_url)
VALUES (7, '하이큐 츠키시마 인형', '하이큐', '츠키시마', '인형', 18000, 12, 'https://example.com/goods/hq_13.jpg');
INSERT INTO store_goods (store_id, name, work_name, character_name, category, price, stock_qty, thumbnail_url)
VALUES (7, '하이큐 츠키시마 키링', '하이큐', '츠키시마', '키링', 7000, 25, 'https://example.com/goods/hq_14.jpg');
INSERT INTO store_goods (store_id, name, work_name, character_name, category, price, stock_qty, thumbnail_url)
VALUES (7, '하이큐 츠키시마 아크릴스탠드', '하이큐', '츠키시마', '아크릴스탠드', 12000, 10, 'https://example.com/goods/hq_15.jpg');

INSERT INTO store_goods (store_id, name, work_name, character_name, category, price, stock_qty, thumbnail_url)
VALUES (7, '하이큐 니시노야 포토카드', '하이큐', '니시노야', '포토카드', 5000, 30, 'https://example.com/goods/hq_16.jpg');
INSERT INTO store_goods (store_id, name, work_name, character_name, category, price, stock_qty, thumbnail_url)
VALUES (7, '하이큐 니시노야 피규어', '하이큐', '니시노야', '피규어', 25000, 8, 'https://example.com/goods/hq_17.jpg');
INSERT INTO store_goods (store_id, name, work_name, character_name, category, price, stock_qty, thumbnail_url)
VALUES (7, '하이큐 니시노야 인형', '하이큐', '니시노야', '인형', 18000, 12, 'https://example.com/goods/hq_18.jpg');
INSERT INTO store_goods (store_id, name, work_name, character_name, category, price, stock_qty, thumbnail_url)
VALUES (7, '하이큐 니시노야 키링', '하이큐', '니시노야', '키링', 7000, 25, 'https://example.com/goods/hq_19.jpg');
INSERT INTO store_goods (store_id, name, work_name, character_name, category, price, stock_qty, thumbnail_url)
VALUES (7, '하이큐 니시노야 아크릴스탠드', '하이큐', '니시노야', '아크릴스탠드', 12000, 10, 'https://example.com/goods/hq_20.jpg');

INSERT INTO store_goods (store_id, name, work_name, character_name, category, price, stock_qty, thumbnail_url)
VALUES (7, '하이큐 스가와라 포토카드', '하이큐', '스가와라', '포토카드', 5000, 30, 'https://example.com/goods/hq_21.jpg');
INSERT INTO store_goods (store_id, name, work_name, character_name, category, price, stock_qty, thumbnail_url)
VALUES (7, '하이큐 스가와라 피규어', '하이큐', '스가와라', '피규어', 25000, 8, 'https://example.com/goods/hq_22.jpg');
INSERT INTO store_goods (store_id, name, work_name, character_name, category, price, stock_qty, thumbnail_url)
VALUES (7, '하이큐 스가와라 인형', '하이큐', '스가와라', '인형', 18000, 12, 'https://example.com/goods/hq_23.jpg');
INSERT INTO store_goods (store_id, name, work_name, character_name, category, price, stock_qty, thumbnail_url)
VALUES (7, '하이큐 스가와라 키링', '하이큐', '스가와라', '키링', 7000, 25, 'https://example.com/goods/hq_24.jpg');
INSERT INTO store_goods (store_id, name, work_name, character_name, category, price, stock_qty, thumbnail_url)
VALUES (7, '하이큐 스가와라 아크릴스탠드', '하이큐', '스가와라', '아크릴스탠드', 12000, 10, 'https://example.com/goods/hq_25.jpg');

INSERT INTO store_goods (store_id, name, work_name, character_name, category, price, stock_qty, thumbnail_url)
VALUES (8, '진격의거인 에렌 포토카드', '진격의거인', '에렌', '포토카드', 5000, 30, 'https://example.com/goods/aot_01.jpg');
INSERT INTO store_goods (store_id, name, work_name, character_name, category, price, stock_qty, thumbnail_url)
VALUES (8, '진격의거인 에렌 피규어', '진격의거인', '에렌', '피규어', 25000, 8, 'https://example.com/goods/aot_02.jpg');
INSERT INTO store_goods (store_id, name, work_name, character_name, category, price, stock_qty, thumbnail_url)
VALUES (8, '진격의거인 에렌 인형', '진격의거인', '에렌', '인형', 18000, 12, 'https://example.com/goods/aot_03.jpg');
INSERT INTO store_goods (store_id, name, work_name, character_name, category, price, stock_qty, thumbnail_url)
VALUES (8, '진격의거인 에렌 키링', '진격의거인', '에렌', '키링', 7000, 25, 'https://example.com/goods/aot_04.jpg');
INSERT INTO store_goods (store_id, name, work_name, character_name, category, price, stock_qty, thumbnail_url)
VALUES (8, '진격의거인 에렌 아크릴스탠드', '진격의거인', '에렌', '아크릴스탠드', 12000, 10, 'https://example.com/goods/aot_05.jpg');

INSERT INTO store_goods (store_id, name, work_name, character_name, category, price, stock_qty, thumbnail_url)
VALUES (8, '진격의거인 미카사 포토카드', '진격의거인', '미카사', '포토카드', 5000, 30, 'https://example.com/goods/aot_06.jpg');
INSERT INTO store_goods (store_id, name, work_name, character_name, category, price, stock_qty, thumbnail_url)
VALUES (8, '진격의거인 미카사 피규어', '진격의거인', '미카사', '피규어', 25000, 8, 'https://example.com/goods/aot_07.jpg');
INSERT INTO store_goods (store_id, name, work_name, character_name, category, price, stock_qty, thumbnail_url)
VALUES (8, '진격의거인 미카사 인형', '진격의거인', '미카사', '인형', 18000, 12, 'https://example.com/goods/aot_08.jpg');
INSERT INTO store_goods (store_id, name, work_name, character_name, category, price, stock_qty, thumbnail_url)
VALUES (8, '진격의거인 미카사 키링', '진격의거인', '미카사', '키링', 7000, 25, 'https://example.com/goods/aot_09.jpg');
INSERT INTO store_goods (store_id, name, work_name, character_name, category, price, stock_qty, thumbnail_url)
VALUES (8, '진격의거인 미카사 아크릴스탠드', '진격의거인', '미카사', '아크릴스탠드', 12000, 10, 'https://example.com/goods/aot_10.jpg');

INSERT INTO store_goods (store_id, name, work_name, character_name, category, price, stock_qty, thumbnail_url)
VALUES (8, '진격의거인 알민 포토카드', '진격의거인', '알민', '포토카드', 5000, 30, 'https://example.com/goods/aot_11.jpg');
INSERT INTO store_goods (store_id, name, work_name, character_name, category, price, stock_qty, thumbnail_url)
VALUES (8, '진격의거인 알민 피규어', '진격의거인', '알민', '피규어', 25000, 8, 'https://example.com/goods/aot_12.jpg');
INSERT INTO store_goods (store_id, name, work_name, character_name, category, price, stock_qty, thumbnail_url)
VALUES (8, '진격의거인 알민 인형', '진격의거인', '알민', '인형', 18000, 12, 'https://example.com/goods/aot_13.jpg');
INSERT INTO store_goods (store_id, name, work_name, character_name, category, price, stock_qty, thumbnail_url)
VALUES (8, '진격의거인 알민 키링', '진격의거인', '알민', '키링', 7000, 25, 'https://example.com/goods/aot_14.jpg');
INSERT INTO store_goods (store_id, name, work_name, character_name, category, price, stock_qty, thumbnail_url)
VALUES (8, '진격의거인 알민 아크릴스탠드', '진격의거인', '알민', '아크릴스탠드', 12000, 10, 'https://example.com/goods/aot_15.jpg');

INSERT INTO store_goods (store_id, name, work_name, character_name, category, price, stock_qty, thumbnail_url)
VALUES (8, '진격의거인 리바이 포토카드', '진격의거인', '리바이', '포토카드', 5000, 30, 'https://example.com/goods/aot_16.jpg');
INSERT INTO store_goods (store_id, name, work_name, character_name, category, price, stock_qty, thumbnail_url)
VALUES (8, '진격의거인 리바이 피규어', '진격의거인', '리바이', '피규어', 25000, 8, 'https://example.com/goods/aot_17.jpg');
INSERT INTO store_goods (store_id, name, work_name, character_name, category, price, stock_qty, thumbnail_url)
VALUES (8, '진격의거인 리바이 인형', '진격의거인', '리바이', '인형', 18000, 12, 'https://example.com/goods/aot_18.jpg');
INSERT INTO store_goods (store_id, name, work_name, character_name, category, price, stock_qty, thumbnail_url)
VALUES (8, '진격의거인 리바이 키링', '진격의거인', '리바이', '키링', 7000, 25, 'https://example.com/goods/aot_19.jpg');
INSERT INTO store_goods (store_id, name, work_name, character_name, category, price, stock_qty, thumbnail_url)
VALUES (8, '진격의거인 리바이 아크릴스탠드', '진격의거인', '리바이', '아크릴스탠드', 12000, 10, 'https://example.com/goods/aot_20.jpg');

INSERT INTO store_goods (store_id, name, work_name, character_name, category, price, stock_qty, thumbnail_url)
VALUES (8, '진격의거인 한지 포토카드', '진격의거인', '한지', '포토카드', 5000, 30, 'https://example.com/goods/aot_21.jpg');
INSERT INTO store_goods (store_id, name, work_name, character_name, category, price, stock_qty, thumbnail_url)
VALUES (8, '진격의거인 한지 피규어', '진격의거인', '한지', '피규어', 25000, 8, 'https://example.com/goods/aot_22.jpg');
INSERT INTO store_goods (store_id, name, work_name, character_name, category, price, stock_qty, thumbnail_url)
VALUES (8, '진격의거인 한지 인형', '진격의거인', '한지', '인형', 18000, 12, 'https://example.com/goods/aot_23.jpg');
INSERT INTO store_goods (store_id, name, work_name, character_name, category, price, stock_qty, thumbnail_url)
VALUES (8, '진격의거인 한지 키링', '진격의거인', '한지', '키링', 7000, 25, 'https://example.com/goods/aot_24.jpg');
INSERT INTO store_goods (store_id, name, work_name, character_name, category, price, stock_qty, thumbnail_url)
VALUES (8, '진격의거인 한지 아크릴스탠드', '진격의거인', '한지', '아크릴스탠드', 12000, 10, 'https://example.com/goods/aot_25.jpg');

COMMIT;





INSERT INTO popup_store (
     title, place_name, address, region_name,
    latitude, longitude, start_date, end_date,
    banner_image_url, description
) VALUES (

             '덕후로드 팝업 시즌1',
             '홍대 더쿠쿠 라운지',
             '서울특별시 마포구 와우산로 21길 25',
             '홍대',
             37.55240000, 126.92380000,
             DATE '2025-01-10',
             DATE '2025-02-02',
             'https://example.com/popup/banner01.jpg',
             '애니메이션 굿즈와 한정 포토카드가 준비된 덕후로드 첫 번째 팝업입니다.'
         );

INSERT INTO popup_store (
     title, place_name, address, region_name,
    latitude, longitude, start_date, end_date,
    banner_image_url, description
) VALUES (

             '굿즈 로드 in 강남',
             '강남 스퀘어 홀',
             '서울특별시 강남구 테헤란로 108',
             '강남',
             37.50130000, 127.02770000,
             DATE '2025-02-15',
             DATE '2025-03-02',
             'https://example.com/popup/banner02.jpg',
             '아이돌 포토카드, 피규어, 키링 등 인기 굿즈를 한 번에 만나볼 수 있는 팝업입니다.'
         );

INSERT INTO popup_store (
     title, place_name, address, region_name,
    latitude, longitude, start_date, end_date,
    banner_image_url, description
) VALUES (

             '레트로 애니 팝업존',
             '코엑스 B1 특별관',
             '서울특별시 강남구 영동대로 513',
             '삼성',
             37.51240000, 127.05880000,
             DATE '2025-03-05',
             DATE '2025-03-20',
             'https://example.com/popup/banner03.jpg',
             '90년대부터 2000년대 초반까지의 레트로 애니메이션 굿즈를 모은 특별전입니다.'
         );

INSERT INTO popup_store (
     title, place_name, address, region_name,
    latitude, longitude, start_date, end_date,
    banner_image_url, description
) VALUES (

             '봄날 아이돌 굿즈 페어',
             '명동 컬쳐 스튜디오',
             '서울특별시 중구 명동8길 27',
             '명동',
             37.56300000, 126.98270000,
             DATE '2025-03-25',
             DATE '2025-04-10',
             'https://example.com/popup/banner04.jpg',
             '신규 앨범 발매 기념 포토카드와 한정판 굿즈를 판매하는 아이돌 특집 팝업입니다.'
         );

INSERT INTO popup_store (
     title, place_name, address, region_name,
    latitude, longitude, start_date, end_date,
    banner_image_url, description
) VALUES (

             '밤하늘 피규어 마켓',
             '합정 스카이홀',
             '서울특별시 마포구 양화로 45',
             '합정',
             37.54910000, 126.91450000,
             DATE '2025-04-12',
             DATE '2025-04-28',
             'https://example.com/popup/banner05.jpg',
             '한정판 피규어와 디오라마를 전시 및 판매하는 피규어 중심 팝업 스토어입니다.'
         );

INSERT INTO popup_store (
     title, place_name, address, region_name,
    latitude, longitude, start_date, end_date,
    banner_image_url, description
) VALUES (

             '굿즈 캔버스 팝업',
             '성수 브릭 스튜디오',
             '서울특별시 성동구 연무장5길 7',
             '성수',
             37.54470000, 127.05580000,
             DATE '2025-05-01',
             DATE '2025-05-18',
             'https://example.com/popup/banner06.jpg',
             '굿즈와 아트워크가 결합된 일러스트, 포스터, 아트 프린트 중심 팝업입니다.'
         );

INSERT INTO popup_store (
     title, place_name, address, region_name,
    latitude, longitude, start_date, end_date,
    banner_image_url, description
) VALUES (

             '여름 한정 서머 굿즈전',
             '해운대 비치라운지',
             '부산광역시 해운대구 해운대해변로 264',
             '해운대',
             35.15980000, 129.16030000,
             DATE '2025-06-20',
             DATE '2025-07-10',
             'https://example.com/popup/banner07.jpg',
             '여름 컨셉 포토카드, 비치타월, 텀블러 등 계절 한정 굿즈를 판매합니다.'
         );

INSERT INTO popup_store (
     title, place_name, address, region_name,
    latitude, longitude, start_date, end_date,
    banner_image_url, description
) VALUES (

             '굿즈 로드 전국 원정전 - 대구',
             '동성로 팝업홀',
             '대구광역시 중구 동성로 12',
             '동성로',
             35.86940000, 128.59680000,
             DATE '2025-07-15',
             DATE '2025-07-30',
             'https://example.com/popup/banner08.jpg',
             '덕후로드 팀이 대구로 찾아가는 원정 팝업으로 인기 상품 위주로 구성됩니다.'
         );

INSERT INTO popup_store (
     title, place_name, address, region_name,
    latitude, longitude, start_date, end_date,
    banner_image_url, description
) VALUES (

             '아트토이 & 피규어 쇼케이스',
             '홍대 카툰갤러리',
             '서울특별시 마포구 어울마당로 65',
             '홍대',
             37.55360000, 126.92080000,
             DATE '2025-08-05',
             DATE '2025-08-22',
             'https://example.com/popup/banner09.jpg',
             '인디 작가들이 만든 아트토이와 수제 피규어를 중심으로 한 쇼케이스 팝업입니다.'
         );

INSERT INTO popup_store (
     title, place_name, address, region_name,
    latitude, longitude, start_date, end_date,
    banner_image_url, description
) VALUES (

             '굿즈 로드 할로윈 에디션',
             '이태원 스튜디오 라운지',
             '서울특별시 용산구 이태원로 188',
             '이태원',
             37.53490000, 126.99440000,
             DATE '2025-10-10',
             DATE '2025-10-31',
             'https://example.com/popup/banner10.jpg',
             '할로윈 컨셉으로 재해석된 캐릭터 굿즈와 한정판 포카를 판매합니다.'
         );

INSERT INTO popup_store (
     title, place_name, address, region_name,
    latitude, longitude, start_date, end_date,
    banner_image_url, description
) VALUES (

             '겨울왕국 스페셜 팝업',
             '잠실 스노우라운지',
             '서울특별시 송파구 올림픽로 240',
             '잠실',
             37.51500000, 127.10250000,
             DATE '2025-12-01',
             DATE '2025-12-27',
             'https://example.com/popup/banner11.jpg',
             '겨울 감성에 맞춘 니트, 머플러, 핫팩 케이스 등 따뜻한 느낌의 굿즈를 판매합니다.'
         );

INSERT INTO popup_store (
     title, place_name, address, region_name,
    latitude, longitude, start_date, end_date,
    banner_image_url, description
) VALUES (

             '아이돌 콜라보 카페 팝업',
             '건대 커먼카페',
             '서울특별시 광진구 아차산로 224',
             '건대',
             37.54040000, 127.07020000,
             DATE '2025-09-01',
             DATE '2025-09-21',
             'https://example.com/popup/banner12.jpg',
             '콜라보 메뉴와 컵홀더, 코스터, 포토카드 등 카페형 굿즈가 포함된 팝업입니다.'
         );

INSERT INTO popup_store (
     title, place_name, address, region_name,
    latitude, longitude, start_date, end_date,
    banner_image_url, description
) VALUES (

             '시티라이트 네온 굿즈전',
             '광화문 라이트갤러리',
             '서울특별시 종로구 세종대로 175',
             '광화문',
             37.57200000, 126.97690000,
             DATE '2025-11-05',
             DATE '2025-11-25',
             'https://example.com/popup/banner13.jpg',
             '네온 사인, 야간 일러스트, 형광 포스터 등 야경 컨셉의 굿즈를 전시 및 판매합니다.'
         );

INSERT INTO popup_store (
     title, place_name, address, region_name,
    latitude, longitude, start_date, end_date,
    banner_image_url, description
) VALUES (

             '굿즈 로드 베스트셀러전',
             '수원 AK 팝업존',
             '경기도 수원시 팔달구 덕영대로 924',
             '수원',
             37.26580000, 127.00040000,
             DATE '2025-04-20',
             DATE '2025-05-05',
             'https://example.com/popup/banner14.jpg',
             '지금까지 인기가 높았던 베스트셀러 굿즈만 모아 재판매하는 기획 팝업입니다.'
         );

INSERT INTO popup_store (
     title, place_name, address, region_name,
    latitude, longitude, start_date, end_date,
    banner_image_url, description
) VALUES (

             '신작 애니 런칭 팝업',
             '판교 크리에이티브홀',
             '경기도 성남시 분당구 분당내곡로 117',
             '판교',
             37.40210000, 127.10870000,
             DATE '2025-06-01',
             DATE '2025-06-16',
             'https://example.com/popup/banner15.jpg',
             '신작 애니메이션의 첫 공식 굿즈를 선보이는 런칭 기념 팝업 스토어입니다.'
         );
commit;
--

INSERT INTO board_category ( code, name)
VALUES ( 'MY_CHILD', '내 새끼 자랑');

INSERT INTO board_category ( code, name)
VALUES ( 'COSPLAY', '코스프레');

INSERT INTO board_category ( code, name)
VALUES ( 'FREE', '자유');

commit ;

INSERT INTO board_post (
     category_id, member_id, title, content, thumbnail_url,
    view_count, like_count, comment_count,
    created_at, updated_at, deleted_yn
) VALUES (
              1, 1,
             '테스트 게시글 001번 제목',
             '테스트 게시글 001번의 본문 내용입니다. 더미 데이터입니다.',
             'https://example.com/board/thumb_001.jpg',
             10, 2, 0,
             SYSDATE - 50, NULL, 'N'
         );

INSERT INTO board_post (
     category_id, member_id, title, content, thumbnail_url,
    view_count, like_count, comment_count,
    created_at, updated_at, deleted_yn
) VALUES (
              2, 2,
             '테스트 게시글 002번 제목',
             '테스트 게시글 002번의 본문 내용입니다. 더미 데이터입니다.',
             'https://example.com/board/thumb_002.jpg',
             20, 4, 1,
             SYSDATE - 49, SYSDATE - 48, 'N'
         );

INSERT INTO board_post (
     category_id, member_id, title, content, thumbnail_url,
    view_count, like_count, comment_count,
    created_at, updated_at, deleted_yn
) VALUES (
              3, 3,
             '테스트 게시글 003번 제목',
             '테스트 게시글 003번의 본문 내용입니다. 더미 데이터입니다.',
             'https://example.com/board/thumb_003.jpg',
             30, 6, 2,
             SYSDATE - 48, NULL, 'N'
         );
INSERT INTO board_post(category_id,member_id,title,content,thumbnail_url,view_count,like_count,comment_count,created_at,updated_at,deleted_yn) VALUES(2,4,'테스트 게시글 004번 제목','테스트 게시글 004번의 본문 내용입니다. 더미 데이터입니다.','https://example.com/board/thumb_004.jpg',0,0,0,SYSDATE-50,NULL,'N');
INSERT INTO board_post(category_id,member_id,title,content,thumbnail_url,view_count,like_count,comment_count,created_at,updated_at,deleted_yn) VALUES(2,5,'테스트 게시글 005번 제목','테스트 게시글 005번의 본문 내용입니다. 더미 데이터입니다.','https://example.com/board/thumb_005.jpg',0,0,0,SYSDATE-50,NULL,'N');
INSERT INTO board_post(category_id,member_id,title,content,thumbnail_url,view_count,like_count,comment_count,created_at,updated_at,deleted_yn) VALUES(2,6,'테스트 게시글 006번 제목','테스트 게시글 006번의 본문 내용입니다. 더미 데이터입니다.','https://example.com/board/thumb_006.jpg',0,0,0,SYSDATE-50,NULL,'N');
INSERT INTO board_post(category_id,member_id,title,content,thumbnail_url,view_count,like_count,comment_count,created_at,updated_at,deleted_yn) VALUES(2,7,'테스트 게시글 007번 제목','테스트 게시글 007번의 본문 내용입니다. 더미 데이터입니다.','https://example.com/board/thumb_007.jpg',0,0,0,SYSDATE-50,NULL,'N');
INSERT INTO board_post(category_id,member_id,title,content,thumbnail_url,view_count,like_count,comment_count,created_at,updated_at,deleted_yn) VALUES(2,8,'테스트 게시글 008번 제목','테스트 게시글 008번의 본문 내용입니다. 더미 데이터입니다.','https://example.com/board/thumb_008.jpg',0,0,0,SYSDATE-50,NULL,'N');
INSERT INTO board_post(category_id,member_id,title,content,thumbnail_url,view_count,like_count,comment_count,created_at,updated_at,deleted_yn) VALUES(2,9,'테스트 게시글 009번 제목','테스트 게시글 009번의 본문 내용입니다. 더미 데이터입니다.','https://example.com/board/thumb_009.jpg',0,0,0,SYSDATE-50,NULL,'N');
INSERT INTO board_post(category_id,member_id,title,content,thumbnail_url,view_count,like_count,comment_count,created_at,updated_at,deleted_yn) VALUES(2,10,'테스트 게시글 010번 제목','테스트 게시글 010번의 본문 내용입니다. 더미 데이터입니다.','https://example.com/board/thumb_010.jpg',0,0,0,SYSDATE-50,NULL,'N');

INSERT INTO board_post(category_id,member_id,title,content,thumbnail_url,view_count,like_count,comment_count,created_at,updated_at,deleted_yn) VALUES(2,11,'테스트 게시글 011번 제목','테스트 게시글 011번의 본문 내용입니다. 더미 데이터입니다.','https://example.com/board/thumb_011.jpg',0,0,0,SYSDATE-50,NULL,'N');
INSERT INTO board_post(category_id,member_id,title,content,thumbnail_url,view_count,like_count,comment_count,created_at,updated_at,deleted_yn) VALUES(2,12,'테스트 게시글 012번 제목','테스트 게시글 012번의 본문 내용입니다. 더미 데이터입니다.','https://example.com/board/thumb_012.jpg',0,0,0,SYSDATE-50,NULL,'N');
INSERT INTO board_post(category_id,member_id,title,content,thumbnail_url,view_count,like_count,comment_count,created_at,updated_at,deleted_yn) VALUES(2,13,'테스트 게시글 013번 제목','테스트 게시글 013번의 본문 내용입니다. 더미 데이터입니다.','https://example.com/board/thumb_013.jpg',0,0,0,SYSDATE-50,NULL,'N');
INSERT INTO board_post(category_id,member_id,title,content,thumbnail_url,view_count,like_count,comment_count,created_at,updated_at,deleted_yn) VALUES(2,14,'테스트 게시글 014번 제목','테스트 게시글 014번의 본문 내용입니다. 더미 데이터입니다.','https://example.com/board/thumb_014.jpg',0,0,0,SYSDATE-50,NULL,'N');
INSERT INTO board_post(category_id,member_id,title,content,thumbnail_url,view_count,like_count,comment_count,created_at,updated_at,deleted_yn) VALUES(2,15,'테스트 게시글 015번 제목','테스트 게시글 015번의 본문 내용입니다. 더미 데이터입니다.','https://example.com/board/thumb_015.jpg',0,0,0,SYSDATE-50,NULL,'N');
INSERT INTO board_post(category_id,member_id,title,content,thumbnail_url,view_count,like_count,comment_count,created_at,updated_at,deleted_yn) VALUES(2,16,'테스트 게시글 016번 제목','테스트 게시글 016번의 본문 내용입니다. 더미 데이터입니다.','https://example.com/board/thumb_016.jpg',0,0,0,SYSDATE-50,NULL,'N');
INSERT INTO board_post(category_id,member_id,title,content,thumbnail_url,view_count,like_count,comment_count,created_at,updated_at,deleted_yn) VALUES(2,17,'테스트 게시글 017번 제목','테스트 게시글 017번의 본문 내용입니다. 더미 데이터입니다.','https://example.com/board/thumb_017.jpg',0,0,0,SYSDATE-50,NULL,'N');
INSERT INTO board_post(category_id,member_id,title,content,thumbnail_url,view_count,like_count,comment_count,created_at,updated_at,deleted_yn) VALUES(2,18,'테스트 게시글 018번 제목','테스트 게시글 018번의 본문 내용입니다. 더미 데이터입니다.','https://example.com/board/thumb_018.jpg',0,0,0,SYSDATE-50,NULL,'N');
INSERT INTO board_post(category_id,member_id,title,content,thumbnail_url,view_count,like_count,comment_count,created_at,updated_at,deleted_yn) VALUES(2,19,'테스트 게시글 019번 제목','테스트 게시글 019번의 본문 내용입니다. 더미 데이터입니다.','https://example.com/board/thumb_019.jpg',0,0,0,SYSDATE-50,NULL,'N');
INSERT INTO board_post(category_id,member_id,title,content,thumbnail_url,view_count,like_count,comment_count,created_at,updated_at,deleted_yn) VALUES(2,20,'테스트 게시글 020번 제목','테스트 게시글 020번의 본문 내용입니다. 더미 데이터입니다.','https://example.com/board/thumb_020.jpg',0,0,0,SYSDATE-50,NULL,'N');

INSERT INTO board_post(category_id,member_id,title,content,thumbnail_url,view_count,like_count,comment_count,created_at,updated_at,deleted_yn) VALUES(3,21,'테스트 게시글 021번 제목','테스트 게시글 021번의 본문 내용입니다. 더미 데이터입니다.','https://example.com/board/thumb_021.jpg',0,0,0,SYSDATE-50,NULL,'N');
INSERT INTO board_post(category_id,member_id,title,content,thumbnail_url,view_count,like_count,comment_count,created_at,updated_at,deleted_yn) VALUES(3,22,'테스트 게시글 022번 제목','테스트 게시글 022번의 본문 내용입니다. 더미 데이터입니다.','https://example.com/board/thumb_022.jpg',0,0,0,SYSDATE-50,NULL,'N');
INSERT INTO board_post(category_id,member_id,title,content,thumbnail_url,view_count,like_count,comment_count,created_at,updated_at,deleted_yn) VALUES(3,23,'테스트 게시글 023번 제목','테스트 게시글 023번의 본문 내용입니다. 더미 데이터입니다.','https://example.com/board/thumb_023.jpg',0,0,0,SYSDATE-50,NULL,'N');
INSERT INTO board_post(category_id,member_id,title,content,thumbnail_url,view_count,like_count,comment_count,created_at,updated_at,deleted_yn) VALUES(3,24,'테스트 게시글 024번 제목','테스트 게시글 024번의 본문 내용입니다. 더미 데이터입니다.','https://example.com/board/thumb_024.jpg',0,0,0,SYSDATE-50,NULL,'N');
INSERT INTO board_post(category_id,member_id,title,content,thumbnail_url,view_count,like_count,comment_count,created_at,updated_at,deleted_yn) VALUES(3,25,'테스트 게시글 025번 제목','테스트 게시글 025번의 본문 내용입니다. 더미 데이터입니다.','https://example.com/board/thumb_025.jpg',0,0,0,SYSDATE-50,NULL,'N');
INSERT INTO board_post(category_id,member_id,title,content,thumbnail_url,view_count,like_count,comment_count,created_at,updated_at,deleted_yn) VALUES(3,26,'테스트 게시글 026번 제목','테스트 게시글 026번의 본문 내용입니다. 더미 데이터입니다.','https://example.com/board/thumb_026.jpg',0,0,0,SYSDATE-50,NULL,'N');
INSERT INTO board_post(category_id,member_id,title,content,thumbnail_url,view_count,like_count,comment_count,created_at,updated_at,deleted_yn) VALUES(3,27,'테스트 게시글 027번 제목','테스트 게시글 027번의 본문 내용입니다. 더미 데이터입니다.','https://example.com/board/thumb_027.jpg',0,0,0,SYSDATE-50,NULL,'N');
INSERT INTO board_post(category_id,member_id,title,content,thumbnail_url,view_count,like_count,comment_count,created_at,updated_at,deleted_yn) VALUES(3,28,'테스트 게시글 028번 제목','테스트 게시글 028번의 본문 내용입니다. 더미 데이터입니다.','https://example.com/board/thumb_028.jpg',0,0,0,SYSDATE-50,NULL,'N');
INSERT INTO board_post(category_id,member_id,title,content,thumbnail_url,view_count,like_count,comment_count,created_at,updated_at,deleted_yn) VALUES(3,29,'테스트 게시글 029번 제목','테스트 게시글 029번의 본문 내용입니다. 더미 데이터입니다.','https://example.com/board/thumb_029.jpg',0,0,0,SYSDATE-50,NULL,'N');
INSERT INTO board_post(category_id,member_id,title,content,thumbnail_url,view_count,like_count,comment_count,created_at,updated_at,deleted_yn) VALUES(3,30,'테스트 게시글 030번 제목','테스트 게시글 030번의 본문 내용입니다. 더미 데이터입니다.','https://example.com/board/thumb_030.jpg',0,0,0,SYSDATE-50,NULL,'N');
INSERT INTO board_post(category_id,member_id,title,content,thumbnail_url,view_count,like_count,comment_count,created_at,updated_at,deleted_yn) VALUES(3,31,'테스트 게시글 031번 제목','테스트 게시글 031번의 본문 내용입니다. 더미 데이터입니다.','https://example.com/board/thumb_031.jpg',0,0,0,SYSDATE-50,NULL,'N');
INSERT INTO board_post(category_id,member_id,title,content,thumbnail_url,view_count,like_count,comment_count,created_at,updated_at,deleted_yn) VALUES(3,32,'테스트 게시글 032번 제목','테스트 게시글 032번의 본문 내용입니다. 더미 데이터입니다.','https://example.com/board/thumb_032.jpg',0,0,0,SYSDATE-50,NULL,'N');
INSERT INTO board_post(category_id,member_id,title,content,thumbnail_url,view_count,like_count,comment_count,created_at,updated_at,deleted_yn) VALUES(3,33,'테스트 게시글 033번 제목','테스트 게시글 033번의 본문 내용입니다. 더미 데이터입니다.','https://example.com/board/thumb_033.jpg',0,0,0,SYSDATE-50,NULL,'N');
INSERT INTO board_post(category_id,member_id,title,content,thumbnail_url,view_count,like_count,comment_count,created_at,updated_at,deleted_yn) VALUES(3,34,'테스트 게시글 034번 제목','테스트 게시글 034번의 본문 내용입니다. 더미 데이터입니다.','https://example.com/board/thumb_034.jpg',0,0,0,SYSDATE-50,NULL,'N');
INSERT INTO board_post(category_id,member_id,title,content,thumbnail_url,view_count,like_count,comment_count,created_at,updated_at,deleted_yn) VALUES(3,35,'테스트 게시글 035번 제목','테스트 게시글 035번의 본문 내용입니다. 더미 데이터입니다.','https://example.com/board/thumb_035.jpg',0,0,0,SYSDATE-50,NULL,'N');
INSERT INTO board_post(category_id,member_id,title,content,thumbnail_url,view_count,like_count,comment_count,created_at,updated_at,deleted_yn) VALUES(3,36,'테스트 게시글 036번 제목','테스트 게시글 036번의 본문 내용입니다. 더미 데이터입니다.','https://example.com/board/thumb_036.jpg',0,0,0,SYSDATE-50,NULL,'N');
INSERT INTO board_post(category_id,member_id,title,content,thumbnail_url,view_count,like_count,comment_count,created_at,updated_at,deleted_yn) VALUES(3,37,'테스트 게시글 037번 제목','테스트 게시글 037번의 본문 내용입니다. 더미 데이터입니다.','https://example.com/board/thumb_037.jpg',0,0,0,SYSDATE-50,NULL,'N');
INSERT INTO board_post(category_id,member_id,title,content,thumbnail_url,view_count,like_count,comment_count,created_at,updated_at,deleted_yn) VALUES(3,38,'테스트 게시글 038번 제목','테스트 게시글 038번의 본문 내용입니다. 더미 데이터입니다.','https://example.com/board/thumb_038.jpg',0,0,0,SYSDATE-50,NULL,'N');
INSERT INTO board_post(category_id,member_id,title,content,thumbnail_url,view_count,like_count,comment_count,created_at,updated_at,deleted_yn) VALUES(3,39,'테스트 게시글 039번 제목','테스트 게시글 039번의 본문 내용입니다. 더미 데이터입니다.','https://example.com/board/thumb_039.jpg',0,0,0,SYSDATE-50,NULL,'N');
INSERT INTO board_post(category_id,member_id,title,content,thumbnail_url,view_count,like_count,comment_count,created_at,updated_at,deleted_yn) VALUES(3,40,'테스트 게시글 040번 제목','테스트 게시글 040번의 본문 내용입니다. 더미 데이터입니다.','https://example.com/board/thumb_040.jpg',0,0,0,SYSDATE-50,NULL,'N');

INSERT INTO board_post(category_id,member_id,title,content,thumbnail_url,view_count,like_count,comment_count,created_at,updated_at,deleted_yn) VALUES(1,41,'테스트 게시글 041번 제목','테스트 게시글 041번의 본문 내용입니다. 더미 데이터입니다.','https://example.com/board/thumb_041.jpg',0,0,0,SYSDATE-50,NULL,'N');
INSERT INTO board_post(category_id,member_id,title,content,thumbnail_url,view_count,like_count,comment_count,created_at,updated_at,deleted_yn) VALUES(1,42,'테스트 게시글 042번 제목','테스트 게시글 042번의 본문 내용입니다. 더미 데이터입니다.','https://example.com/board/thumb_042.jpg',0,0,0,SYSDATE-50,NULL,'N');
INSERT INTO board_post(category_id,member_id,title,content,thumbnail_url,view_count,like_count,comment_count,created_at,updated_at,deleted_yn) VALUES(1,43,'테스트 게시글 043번 제목','테스트 게시글 043번의 본문 내용입니다. 더미 데이터입니다.','https://example.com/board/thumb_043.jpg',0,0,0,SYSDATE-50,NULL,'N');
INSERT INTO board_post(category_id,member_id,title,content,thumbnail_url,view_count,like_count,comment_count,created_at,updated_at,deleted_yn) VALUES(1,44,'테스트 게시글 044번 제목','테스트 게시글 044번의 본문 내용입니다. 더미 데이터입니다.','https://example.com/board/thumb_044.jpg',0,0,0,SYSDATE-50,NULL,'N');
INSERT INTO board_post(category_id,member_id,title,content,thumbnail_url,view_count,like_count,comment_count,created_at,updated_at,deleted_yn) VALUES(1,45,'테스트 게시글 045번 제목','테스트 게시글 045번의 본문 내용입니다. 더미 데이터입니다.','https://example.com/board/thumb_045.jpg',0,0,0,SYSDATE-50,NULL,'N');
INSERT INTO board_post(category_id,member_id,title,content,thumbnail_url,view_count,like_count,comment_count,created_at,updated_at,deleted_yn) VALUES(1,46,'테스트 게시글 046번 제목','테스트 게시글 046번의 본문 내용입니다. 더미 데이터입니다.','https://example.com/board/thumb_046.jpg',0,0,0,SYSDATE-50,NULL,'N');
INSERT INTO board_post(category_id,member_id,title,content,thumbnail_url,view_count,like_count,comment_count,created_at,updated_at,deleted_yn) VALUES(1,47,'테스트 게시글 047번 제목','테스트 게시글 047번의 본문 내용입니다. 더미 데이터입니다.','https://example.com/board/thumb_047.jpg',0,0,0,SYSDATE-50,NULL,'N');
INSERT INTO board_post(category_id,member_id,title,content,thumbnail_url,view_count,like_count,comment_count,created_at,updated_at,deleted_yn) VALUES(1,48,'테스트 게시글 048번 제목','테스트 게시글 048번의 본문 내용입니다. 더미 데이터입니다.','https://example.com/board/thumb_048.jpg',0,0,0,SYSDATE-50,NULL,'N');
INSERT INTO board_post(category_id,member_id,title,content,thumbnail_url,view_count,like_count,comment_count,created_at,updated_at,deleted_yn) VALUES(1,49,'테스트 게시글 049번 제목','테스트 게시글 049번의 본문 내용입니다. 더미 데이터입니다.','https://example.com/board/thumb_049.jpg',0,0,0,SYSDATE-50,NULL,'N');
INSERT INTO board_post(category_id,member_id,title,content,thumbnail_url,view_count,like_count,comment_count,created_at,updated_at,deleted_yn) VALUES(1,50,'테스트 게시글 050번 제목','테스트 게시글 050번의 본문 내용입니다. 더미 데이터입니다.','https://example.com/board/thumb_050.jpg',0,0,0,SYSDATE-50,NULL,'N');

INSERT INTO board_post(category_id,member_id,title,content,thumbnail_url,view_count,like_count,comment_count,created_at,updated_at,deleted_yn) VALUES(1,51,'테스트 게시글 051번 제목','테스트 게시글 051번의 본문 내용입니다. 더미 데이터입니다.','https://example.com/board/thumb_051.jpg',0,0,0,SYSDATE-50,NULL,'N');
INSERT INTO board_post(category_id,member_id,title,content,thumbnail_url,view_count,like_count,comment_count,created_at,updated_at,deleted_yn) VALUES(1,52,'테스트 게시글 052번 제목','테스트 게시글 052번의 본문 내용입니다. 더미 데이터입니다.','https://example.com/board/thumb_052.jpg',0,0,0,SYSDATE-50,NULL,'N');
INSERT INTO board_post(category_id,member_id,title,content,thumbnail_url,view_count,like_count,comment_count,created_at,updated_at,deleted_yn) VALUES(1,53,'테스트 게시글 053번 제목','테스트 게시글 053번의 본문 내용입니다. 더미 데이터입니다.','https://example.com/board/thumb_053.jpg',0,0,0,SYSDATE-50,NULL,'N');
INSERT INTO board_post(category_id,member_id,title,content,thumbnail_url,view_count,like_count,comment_count,created_at,updated_at,deleted_yn) VALUES(1,54,'테스트 게시글 054번 제목','테스트 게시글 054번의 본문 내용입니다. 더미 데이터입니다.','https://example.com/board/thumb_054.jpg',0,0,0,SYSDATE-50,NULL,'N');
INSERT INTO board_post(category_id,member_id,title,content,thumbnail_url,view_count,like_count,comment_count,created_at,updated_at,deleted_yn) VALUES(1,55,'테스트 게시글 055번 제목','테스트 게시글 055번의 본문 내용입니다. 더미 데이터입니다.','https://example.com/board/thumb_055.jpg',0,0,0,SYSDATE-50,NULL,'N');
INSERT INTO board_post(category_id,member_id,title,content,thumbnail_url,view_count,like_count,comment_count,created_at,updated_at,deleted_yn) VALUES(1,56,'테스트 게시글 056번 제목','테스트 게시글 056번의 본문 내용입니다. 더미 데이터입니다.','https://example.com/board/thumb_056.jpg',0,0,0,SYSDATE-50,NULL,'N');
INSERT INTO board_post(category_id,member_id,title,content,thumbnail_url,view_count,like_count,comment_count,created_at,updated_at,deleted_yn) VALUES(1,57,'테스트 게시글 057번 제목','테스트 게시글 057번의 본문 내용입니다. 더미 데이터입니다.','https://example.com/board/thumb_057.jpg',0,0,0,SYSDATE-50,NULL,'N');
INSERT INTO board_post(category_id,member_id,title,content,thumbnail_url,view_count,like_count,comment_count,created_at,updated_at,deleted_yn) VALUES(1,58,'테스트 게시글 058번 제목','테스트 게시글 058번의 본문 내용입니다. 더미 데이터입니다.','https://example.com/board/thumb_058.jpg',0,0,0,SYSDATE-50,NULL,'N');
INSERT INTO board_post(category_id,member_id,title,content,thumbnail_url,view_count,like_count,comment_count,created_at,updated_at,deleted_yn) VALUES(1,59,'테스트 게시글 059번 제목','테스트 게시글 059번의 본문 내용입니다. 더미 데이터입니다.','https://example.com/board/thumb_059.jpg',0,0,0,SYSDATE-50,NULL,'N');
INSERT INTO board_post(category_id,member_id,title,content,thumbnail_url,view_count,like_count,comment_count,created_at,updated_at,deleted_yn) VALUES(1,60,'테스트 게시글 060번 제목','테스트 게시글 060번의 본문 내용입니다. 더미 데이터입니다.','https://example.com/board/thumb_060.jpg',0,0,0,SYSDATE-50,NULL,'N');

INSERT INTO board_post(category_id,member_id,title,content,thumbnail_url,view_count,like_count,comment_count,created_at,updated_at,deleted_yn) VALUES(1,61,'테스트 게시글 061번 제목','테스트 게시글 061번의 본문 내용입니다. 더미 데이터입니다.','https://example.com/board/thumb_061.jpg',0,0,0,SYSDATE-50,NULL,'N');
INSERT INTO board_post(category_id,member_id,title,content,thumbnail_url,view_count,like_count,comment_count,created_at,updated_at,deleted_yn) VALUES(1,62,'테스트 게시글 062번 제목','테스트 게시글 062번의 본문 내용입니다. 더미 데이터입니다.','https://example.com/board/thumb_062.jpg',0,0,0,SYSDATE-50,NULL,'N');
INSERT INTO board_post(category_id,member_id,title,content,thumbnail_url,view_count,like_count,comment_count,created_at,updated_at,deleted_yn) VALUES(1,63,'테스트 게시글 063번 제목','테스트 게시글 063번의 본문 내용입니다. 더미 데이터입니다.','https://example.com/board/thumb_063.jpg',0,0,0,SYSDATE-50,NULL,'N');
INSERT INTO board_post(category_id,member_id,title,content,thumbnail_url,view_count,like_count,comment_count,created_at,updated_at,deleted_yn) VALUES(1,64,'테스트 게시글 064번 제목','테스트 게시글 064번의 본문 내용입니다. 더미 데이터입니다.','https://example.com/board/thumb_064.jpg',0,0,0,SYSDATE-50,NULL,'N');
INSERT INTO board_post(category_id,member_id,title,content,thumbnail_url,view_count,like_count,comment_count,created_at,updated_at,deleted_yn) VALUES(1,65,'테스트 게시글 065번 제목','테스트 게시글 065번의 본문 내용입니다. 더미 데이터입니다.','https://example.com/board/thumb_065.jpg',0,0,0,SYSDATE-50,NULL,'N');
INSERT INTO board_post(category_id,member_id,title,content,thumbnail_url,view_count,like_count,comment_count,created_at,updated_at,deleted_yn) VALUES(1,66,'테스트 게시글 066번 제목','테스트 게시글 066번의 본문 내용입니다. 더미 데이터입니다.','https://example.com/board/thumb_066.jpg',0,0,0,SYSDATE-50,NULL,'N');
INSERT INTO board_post(category_id,member_id,title,content,thumbnail_url,view_count,like_count,comment_count,created_at,updated_at,deleted_yn) VALUES(1,67,'테스트 게시글 067번 제목','테스트 게시글 067번의 본문 내용입니다. 더미 데이터입니다.','https://example.com/board/thumb_067.jpg',0,0,0,SYSDATE-50,NULL,'N');
INSERT INTO board_post(category_id,member_id,title,content,thumbnail_url,view_count,like_count,comment_count,created_at,updated_at,deleted_yn) VALUES(1,68,'테스트 게시글 068번 제목','테스트 게시글 068번의 본문 내용입니다. 더미 데이터입니다.','https://example.com/board/thumb_068.jpg',0,0,0,SYSDATE-50,NULL,'N');
INSERT INTO board_post(category_id,member_id,title,content,thumbnail_url,view_count,like_count,comment_count,created_at,updated_at,deleted_yn) VALUES(1,69,'테스트 게시글 069번 제목','테스트 게시글 069번의 본문 내용입니다. 더미 데이터입니다.','https://example.com/board/thumb_069.jpg',0,0,0,SYSDATE-50,NULL,'N');
INSERT INTO board_post(category_id,member_id,title,content,thumbnail_url,view_count,like_count,comment_count,created_at,updated_at,deleted_yn) VALUES(1,70,'테스트 게시글 070번 제목','테스트 게시글 070번의 본문 내용입니다. 더미 데이터입니다.','https://example.com/board/thumb_070.jpg',0,0,0,SYSDATE-50,NULL,'N');

INSERT INTO board_post(category_id,member_id,title,content,thumbnail_url,view_count,like_count,comment_count,created_at,updated_at,deleted_yn) VALUES(1,71,'테스트 게시글 071번 제목','테스트 게시글 071번의 본문 내용입니다. 더미 데이터입니다.','https://example.com/board/thumb_071.jpg',0,0,0,SYSDATE-50,NULL,'N');
INSERT INTO board_post(category_id,member_id,title,content,thumbnail_url,view_count,like_count,comment_count,created_at,updated_at,deleted_yn) VALUES(1,72,'테스트 게시글 072번 제목','테스트 게시글 072번의 본문 내용입니다. 더미 데이터입니다.','https://example.com/board/thumb_072.jpg',0,0,0,SYSDATE-50,NULL,'N');
INSERT INTO board_post(category_id,member_id,title,content,thumbnail_url,view_count,like_count,comment_count,created_at,updated_at,deleted_yn) VALUES(1,73,'테스트 게시글 073번 제목','테스트 게시글 073번의 본문 내용입니다. 더미 데이터입니다.','https://example.com/board/thumb_073.jpg',0,0,0,SYSDATE-50,NULL,'N');
INSERT INTO board_post(category_id,member_id,title,content,thumbnail_url,view_count,like_count,comment_count,created_at,updated_at,deleted_yn) VALUES(1,74,'테스트 게시글 074번 제목','테스트 게시글 074번의 본문 내용입니다. 더미 데이터입니다.','https://example.com/board/thumb_074.jpg',0,0,0,SYSDATE-50,NULL,'N');
INSERT INTO board_post(category_id,member_id,title,content,thumbnail_url,view_count,like_count,comment_count,created_at,updated_at,deleted_yn) VALUES(1,75,'테스트 게시글 075번 제목','테스트 게시글 075번의 본문 내용입니다. 더미 데이터입니다.','https://example.com/board/thumb_075.jpg',0,0,0,SYSDATE-50,NULL,'N');
INSERT INTO board_post(category_id,member_id,title,content,thumbnail_url,view_count,like_count,comment_count,created_at,updated_at,deleted_yn) VALUES(1,76,'테스트 게시글 076번 제목','테스트 게시글 076번의 본문 내용입니다. 더미 데이터입니다.','https://example.com/board/thumb_076.jpg',0,0,0,SYSDATE-50,NULL,'N');
INSERT INTO board_post(category_id,member_id,title,content,thumbnail_url,view_count,like_count,comment_count,created_at,updated_at,deleted_yn) VALUES(1,77,'테스트 게시글 077번 제목','테스트 게시글 077번의 본문 내용입니다. 더미 데이터입니다.','https://example.com/board/thumb_077.jpg',0,0,0,SYSDATE-50,NULL,'N');
INSERT INTO board_post(category_id,member_id,title,content,thumbnail_url,view_count,like_count,comment_count,created_at,updated_at,deleted_yn) VALUES(1,78,'테스트 게시글 078번 제목','테스트 게시글 078번의 본문 내용입니다. 더미 데이터입니다.','https://example.com/board/thumb_078.jpg',0,0,0,SYSDATE-50,NULL,'N');
INSERT INTO board_post(category_id,member_id,title,content,thumbnail_url,view_count,like_count,comment_count,created_at,updated_at,deleted_yn) VALUES(1,79,'테스트 게시글 079번 제목','테스트 게시글 079번의 본문 내용입니다. 더미 데이터입니다.','https://example.com/board/thumb_079.jpg',0,0,0,SYSDATE-50,NULL,'N');
INSERT INTO board_post(category_id,member_id,title,content,thumbnail_url,view_count,like_count,comment_count,created_at,updated_at,deleted_yn) VALUES(1,80,'테스트 게시글 080번 제목','테스트 게시글 080번의 본문 내용입니다. 더미 데이터입니다.','https://example.com/board/thumb_080.jpg',0,0,0,SYSDATE-50,NULL,'N');

INSERT INTO board_post(category_id,member_id,title,content,thumbnail_url,view_count,like_count,comment_count,created_at,updated_at,deleted_yn) VALUES(1,81,'테스트 게시글 081번 제목','테스트 게시글 081번의 본문 내용입니다. 더미 데이터입니다.','https://example.com/board/thumb_081.jpg',0,0,0,SYSDATE-50,NULL,'N');
INSERT INTO board_post(category_id,member_id,title,content,thumbnail_url,view_count,like_count,comment_count,created_at,updated_at,deleted_yn) VALUES(1,82,'테스트 게시글 082번 제목','테스트 게시글 082번의 본문 내용입니다. 더미 데이터입니다.','https://example.com/board/thumb_082.jpg',0,0,0,SYSDATE-50,NULL,'N');
INSERT INTO board_post(category_id,member_id,title,content,thumbnail_url,view_count,like_count,comment_count,created_at,updated_at,deleted_yn) VALUES(1,83,'테스트 게시글 083번 제목','테스트 게시글 083번의 본문 내용입니다. 더미 데이터입니다.','https://example.com/board/thumb_083.jpg',0,0,0,SYSDATE-50,NULL,'N');
INSERT INTO board_post(category_id,member_id,title,content,thumbnail_url,view_count,like_count,comment_count,created_at,updated_at,deleted_yn) VALUES(1,84,'테스트 게시글 084번 제목','테스트 게시글 084번의 본문 내용입니다. 더미 데이터입니다.','https://example.com/board/thumb_084.jpg',0,0,0,SYSDATE-50,NULL,'N');
INSERT INTO board_post(category_id,member_id,title,content,thumbnail_url,view_count,like_count,comment_count,created_at,updated_at,deleted_yn) VALUES(1,85,'테스트 게시글 085번 제목','테스트 게시글 085번의 본문 내용입니다. 더미 데이터입니다.','https://example.com/board/thumb_085.jpg',0,0,0,SYSDATE-50,NULL,'N');
INSERT INTO board_post(category_id,member_id,title,content,thumbnail_url,view_count,like_count,comment_count,created_at,updated_at,deleted_yn) VALUES(1,86,'테스트 게시글 086번 제목','테스트 게시글 086번의 본문 내용입니다. 더미 데이터입니다.','https://example.com/board/thumb_086.jpg',0,0,0,SYSDATE-50,NULL,'N');
INSERT INTO board_post(category_id,member_id,title,content,thumbnail_url,view_count,like_count,comment_count,created_at,updated_at,deleted_yn) VALUES(1,87,'테스트 게시글 087번 제목','테스트 게시글 087번의 본문 내용입니다. 더미 데이터입니다.','https://example.com/board/thumb_087.jpg',0,0,0,SYSDATE-50,NULL,'N');
INSERT INTO board_post(category_id,member_id,title,content,thumbnail_url,view_count,like_count,comment_count,created_at,updated_at,deleted_yn) VALUES(1,88,'테스트 게시글 088번 제목','테스트 게시글 088번의 본문 내용입니다. 더미 데이터입니다.','https://example.com/board/thumb_088.jpg',0,0,0,SYSDATE-50,NULL,'N');
INSERT INTO board_post(category_id,member_id,title,content,thumbnail_url,view_count,like_count,comment_count,created_at,updated_at,deleted_yn) VALUES(1,89,'테스트 게시글 089번 제목','테스트 게시글 089번의 본문 내용입니다. 더미 데이터입니다.','https://example.com/board/thumb_089.jpg',0,0,0,SYSDATE-50,NULL,'N');
INSERT INTO board_post(category_id,member_id,title,content,thumbnail_url,view_count,like_count,comment_count,created_at,updated_at,deleted_yn) VALUES(1,90,'테스트 게시글 090번 제목','테스트 게시글 090번의 본문 내용입니다. 더미 데이터입니다.','https://example.com/board/thumb_090.jpg',0,0,0,SYSDATE-50,NULL,'N');

INSERT INTO board_post(category_id,member_id,title,content,thumbnail_url,view_count,like_count,comment_count,created_at,updated_at,deleted_yn) VALUES(1,91,'테스트 게시글 091번 제목','테스트 게시글 091번의 본문 내용입니다. 더미 데이터입니다.','https://example.com/board/thumb_091.jpg',0,0,0,SYSDATE-50,NULL,'N');
INSERT INTO board_post(category_id,member_id,title,content,thumbnail_url,view_count,like_count,comment_count,created_at,updated_at,deleted_yn) VALUES(1,92,'테스트 게시글 092번 제목','테스트 게시글 092번의 본문 내용입니다. 더미 데이터입니다.','https://example.com/board/thumb_092.jpg',0,0,0,SYSDATE-50,NULL,'N');
INSERT INTO board_post(category_id,member_id,title,content,thumbnail_url,view_count,like_count,comment_count,created_at,updated_at,deleted_yn) VALUES(1,93,'테스트 게시글 093번 제목','테스트 게시글 093번의 본문 내용입니다. 더미 데이터입니다.','https://example.com/board/thumb_093.jpg',0,0,0,SYSDATE-50,NULL,'N');
INSERT INTO board_post(category_id,member_id,title,content,thumbnail_url,view_count,like_count,comment_count,created_at,updated_at,deleted_yn) VALUES(1,94,'테스트 게시글 094번 제목','테스트 게시글 094번의 본문 내용입니다. 더미 데이터입니다.','https://example.com/board/thumb_094.jpg',0,0,0,SYSDATE-50,NULL,'N');
INSERT INTO board_post(category_id,member_id,title,content,thumbnail_url,view_count,like_count,comment_count,created_at,updated_at,deleted_yn) VALUES(1,95,'테스트 게시글 095번 제목','테스트 게시글 095번의 본문 내용입니다. 더미 데이터입니다.','https://example.com/board/thumb_095.jpg',0,0,0,SYSDATE-50,NULL,'N');
INSERT INTO board_post(category_id,member_id,title,content,thumbnail_url,view_count,like_count,comment_count,created_at,updated_at,deleted_yn) VALUES(1,96,'테스트 게시글 096번 제목','테스트 게시글 096번의 본문 내용입니다. 더미 데이터입니다.','https://example.com/board/thumb_096.jpg',0,0,0,SYSDATE-50,NULL,'N');
INSERT INTO board_post(category_id,member_id,title,content,thumbnail_url,view_count,like_count,comment_count,created_at,updated_at,deleted_yn) VALUES(1,97,'테스트 게시글 097번 제목','테스트 게시글 097번의 본문 내용입니다. 더미 데이터입니다.','https://example.com/board/thumb_097.jpg',0,0,0,SYSDATE-50,NULL,'N');
INSERT INTO board_post(category_id,member_id,title,content,thumbnail_url,view_count,like_count,comment_count,created_at,updated_at,deleted_yn) VALUES(1,98,'테스트 게시글 098번 제목','테스트 게시글 098번의 본문 내용입니다. 더미 데이터입니다.','https://example.com/board/thumb_098.jpg',0,0,0,SYSDATE-50,NULL,'N');
INSERT INTO board_post(category_id,member_id,title,content,thumbnail_url,view_count,like_count,comment_count,created_at,updated_at,deleted_yn) VALUES(1,99,'테스트 게시글 099번 제목','테스트 게시글 099번의 본문 내용입니다. 더미 데이터입니다.','https://example.com/board/thumb_099.jpg',0,0,0,SYSDATE-50,NULL,'N');
INSERT INTO board_post(category_id,member_id,title,content,thumbnail_url,view_count,like_count,comment_count,created_at,updated_at,deleted_yn) VALUES(1,100,'테스트 게시글 100번 제목','테스트 게시글 100번의 본문 내용입니다. 더미 데이터입니다.','https://example.com/board/thumb_100.jpg',0,0,0,SYSDATE-50,NULL,'N');
commit;


INSERT INTO board_bookmark (member_id, post_id, created_at)
VALUES (1, 1, SYSDATE - 30);

INSERT INTO board_bookmark (member_id, post_id, created_at)
VALUES (1, 2, SYSDATE - 29);

INSERT INTO board_bookmark (member_id, post_id, created_at)
VALUES (1, 3, SYSDATE - 28);

INSERT INTO board_bookmark (member_id, post_id, created_at)
VALUES (2, 1, SYSDATE - 27);

INSERT INTO board_bookmark (member_id, post_id, created_at)
VALUES (2, 2, SYSDATE - 26);

INSERT INTO board_bookmark (member_id, post_id, created_at)
VALUES (2, 4, SYSDATE - 25);

INSERT INTO board_bookmark (member_id, post_id, created_at)
VALUES (3, 1, SYSDATE - 24);

INSERT INTO board_bookmark (member_id, post_id, created_at)
VALUES (3, 3, SYSDATE - 23);

INSERT INTO board_bookmark (member_id, post_id, created_at)
VALUES (3, 5, SYSDATE - 22);

INSERT INTO board_bookmark (member_id, post_id, created_at)
VALUES (4, 2, SYSDATE - 21);

INSERT INTO board_bookmark (member_id, post_id, created_at)
VALUES (4, 3, SYSDATE - 20);

INSERT INTO board_bookmark (member_id, post_id, created_at)
VALUES (4, 4, SYSDATE - 19);

INSERT INTO board_bookmark (member_id, post_id, created_at)
VALUES (5, 1, SYSDATE - 18);

INSERT INTO board_bookmark (member_id, post_id, created_at)
VALUES (5, 2, SYSDATE - 17);

INSERT INTO board_bookmark (member_id, post_id, created_at)
VALUES (5, 5, SYSDATE - 16);

INSERT INTO board_bookmark (member_id, post_id, created_at)
VALUES (6, 3, SYSDATE - 15);

INSERT INTO board_bookmark (member_id, post_id, created_at)
VALUES (6, 4, SYSDATE - 14);

INSERT INTO board_bookmark (member_id, post_id, created_at)
VALUES (6, 6, SYSDATE - 13);

INSERT INTO board_bookmark (member_id, post_id, created_at)
VALUES (7, 2, SYSDATE - 12);

INSERT INTO board_bookmark (member_id, post_id, created_at)
VALUES (7, 5, SYSDATE - 11);

INSERT INTO board_bookmark (member_id, post_id, created_at)
VALUES (7, 7, SYSDATE - 10);

INSERT INTO board_bookmark (member_id, post_id, created_at)
VALUES (8, 4, SYSDATE - 9);

INSERT INTO board_bookmark (member_id, post_id, created_at)
VALUES (8, 6, SYSDATE - 8);

INSERT INTO board_bookmark (member_id, post_id, created_at)
VALUES (8, 8, SYSDATE - 7);

INSERT INTO board_bookmark (member_id, post_id, created_at)
VALUES (9, 5, SYSDATE - 6);

INSERT INTO board_bookmark (member_id, post_id, created_at)
VALUES (9, 7, SYSDATE - 5);

INSERT INTO board_bookmark (member_id, post_id, created_at)
VALUES (9, 9, SYSDATE - 4);

INSERT INTO board_bookmark (member_id, post_id, created_at)
VALUES (10, 6, SYSDATE - 3);

INSERT INTO board_bookmark (member_id, post_id, created_at)
VALUES (10, 8, SYSDATE - 2);

INSERT INTO board_bookmark (member_id, post_id, created_at)
VALUES (10, 10, SYSDATE - 1);
commit;
INSERT INTO board_comment (
    post_id, member_id, parent_comment_id,
    content, like_count, created_at, updated_at, deleted_yn
) VALUES (
             1, 1, NULL,
             '테스트 댓글 001번 내용입니다.', 0, SYSDATE, NULL, 'N'
         );

INSERT INTO board_comment (
    post_id, member_id, parent_comment_id,
    content, like_count, created_at, updated_at, deleted_yn
) VALUES (
             2, 2, NULL,
             '테스트 댓글 002번 내용입니다.', 0, SYSDATE, NULL, 'N'
         );

INSERT INTO board_comment (
    post_id, member_id, parent_comment_id,
    content, like_count, created_at, updated_at, deleted_yn
) VALUES (
             3, 3, NULL,
             '테스트 댓글 003번 내용입니다.', 0, SYSDATE, NULL, 'N'
         );

INSERT INTO board_comment (
    post_id, member_id, parent_comment_id,
    content, like_count, created_at, updated_at, deleted_yn
) VALUES (
             4, 4, NULL,
             '테스트 댓글 004번 내용입니다.', 0, SYSDATE, NULL, 'N'
         );

INSERT INTO board_comment (
    post_id, member_id, parent_comment_id,
    content, like_count, created_at, updated_at, deleted_yn
) VALUES (
             5, 5, NULL,
             '테스트 댓글 005번 내용입니다.', 0, SYSDATE, NULL, 'N'
         );

INSERT INTO board_comment (
    post_id, member_id, parent_comment_id,
    content, like_count, created_at, updated_at, deleted_yn
) VALUES (
             6, 1, NULL,
             '테스트 댓글 006번 내용입니다.', 0, SYSDATE, NULL, 'N'
         );

INSERT INTO board_comment (
    post_id, member_id, parent_comment_id,
    content, like_count, created_at, updated_at, deleted_yn
) VALUES (
             7, 2, NULL,
             '테스트 댓글 007번 내용입니다.', 0, SYSDATE, NULL, 'N'
         );

INSERT INTO board_comment (
    post_id, member_id, parent_comment_id,
    content, like_count, created_at, updated_at, deleted_yn
) VALUES (
             8, 3, NULL,
             '테스트 댓글 008번 내용입니다.', 0, SYSDATE, NULL, 'N'
         );

INSERT INTO board_comment (
    post_id, member_id, parent_comment_id,
    content, like_count, created_at, updated_at, deleted_yn
) VALUES (
             9, 4, NULL,
             '테스트 댓글 009번 내용입니다.', 0, SYSDATE, NULL, 'N'
         );

INSERT INTO board_comment (
    post_id, member_id, parent_comment_id,
    content, like_count, created_at, updated_at, deleted_yn
) VALUES (
             10, 5, NULL,
             '테스트 댓글 010번 내용입니다.', 0, SYSDATE, NULL, 'N'
         );

-- 11 ~ 20
INSERT INTO board_comment (
    post_id, member_id, parent_comment_id,
    content, like_count, created_at, updated_at, deleted_yn
) VALUES (
             1, 1, NULL,
             '테스트 댓글 011번 내용입니다.', 0, SYSDATE, NULL, 'N'
         );

INSERT INTO board_comment (
    post_id, member_id, parent_comment_id,
    content, like_count, created_at, updated_at, deleted_yn
) VALUES (
             2, 2, NULL,
             '테스트 댓글 012번 내용입니다.', 0, SYSDATE, NULL, 'N'
         );

INSERT INTO board_comment (
    post_id, member_id, parent_comment_id,
    content, like_count, created_at, updated_at, deleted_yn
) VALUES (
             3, 3, NULL,
             '테스트 댓글 013번 내용입니다.', 0, SYSDATE, NULL, 'N'
         );

INSERT INTO board_comment (
    post_id, member_id, parent_comment_id,
    content, like_count, created_at, updated_at, deleted_yn
) VALUES (
             4, 4, NULL,
             '테스트 댓글 014번 내용입니다.', 0, SYSDATE, NULL, 'N'
         );

INSERT INTO board_comment (
    post_id, member_id, parent_comment_id,
    content, like_count, created_at, updated_at, deleted_yn
) VALUES (
             5, 5, NULL,
             '테스트 댓글 015번 내용입니다.', 0, SYSDATE, NULL, 'N'
         );

INSERT INTO board_comment (
    post_id, member_id, parent_comment_id,
    content, like_count, created_at, updated_at, deleted_yn
) VALUES (
             6, 1, NULL,
             '테스트 댓글 016번 내용입니다.', 0, SYSDATE, NULL, 'N'
         );

INSERT INTO board_comment (
    post_id, member_id, parent_comment_id,
    content, like_count, created_at, updated_at, deleted_yn
) VALUES (
             7, 2, NULL,
             '테스트 댓글 017번 내용입니다.', 0, SYSDATE, NULL, 'N'
         );

INSERT INTO board_comment (
    post_id, member_id, parent_comment_id,
    content, like_count, created_at, updated_at, deleted_yn
) VALUES (
             8, 3, NULL,
             '테스트 댓글 018번 내용입니다.', 0, SYSDATE, NULL, 'N'
         );

INSERT INTO board_comment (
    post_id, member_id, parent_comment_id,
    content, like_count, created_at, updated_at, deleted_yn
) VALUES (
             9, 4, NULL,
             '테스트 댓글 019번 내용입니다.', 0, SYSDATE, NULL, 'N'
         );

INSERT INTO board_comment (
    post_id, member_id, parent_comment_id,
    content, like_count, created_at, updated_at, deleted_yn
) VALUES (
             10, 5, NULL,
             '테스트 댓글 020번 내용입니다.', 0, SYSDATE, NULL, 'N'
         );

-- 21 ~ 30
INSERT INTO board_comment (
    post_id, member_id, parent_comment_id,
    content, like_count, created_at, updated_at, deleted_yn
) VALUES (
             1, 1, NULL,
             '테스트 댓글 021번 내용입니다.', 0, SYSDATE, NULL, 'N'
         );

INSERT INTO board_comment (
    post_id, member_id, parent_comment_id,
    content, like_count, created_at, updated_at, deleted_yn
) VALUES (
             2, 2, NULL,
             '테스트 댓글 022번 내용입니다.', 0, SYSDATE, NULL, 'N'
         );

INSERT INTO board_comment (
    post_id, member_id, parent_comment_id,
    content, like_count, created_at, updated_at, deleted_yn
) VALUES (
             3, 3, NULL,
             '테스트 댓글 023번 내용입니다.', 0, SYSDATE, NULL, 'N'
         );

INSERT INTO board_comment (
    post_id, member_id, parent_comment_id,
    content, like_count, created_at, updated_at, deleted_yn
) VALUES (
             4, 4, NULL,
             '테스트 댓글 024번 내용입니다.', 0, SYSDATE, NULL, 'N'
         );

INSERT INTO board_comment (
    post_id, member_id, parent_comment_id,
    content, like_count, created_at, updated_at, deleted_yn
) VALUES (
             5, 5, NULL,
             '테스트 댓글 025번 내용입니다.', 0, SYSDATE, NULL, 'N'
         );

INSERT INTO board_comment (
    post_id, member_id, parent_comment_id,
    content, like_count, created_at, updated_at, deleted_yn
) VALUES (
             6, 1, NULL,
             '테스트 댓글 026번 내용입니다.', 0, SYSDATE, NULL, 'N'
         );

INSERT INTO board_comment (
    post_id, member_id, parent_comment_id,
    content, like_count, created_at, updated_at, deleted_yn
) VALUES (
             7, 2, NULL,
             '테스트 댓글 027번 내용입니다.', 0, SYSDATE, NULL, 'N'
         );

INSERT INTO board_comment (
    post_id, member_id, parent_comment_id,
    content, like_count, created_at, updated_at, deleted_yn
) VALUES (
             8, 3, NULL,
             '테스트 댓글 028번 내용입니다.', 0, SYSDATE, NULL, 'N'
         );

INSERT INTO board_comment (
    post_id, member_id, parent_comment_id,
    content, like_count, created_at, updated_at, deleted_yn
) VALUES (
             9, 4, NULL,
             '테스트 댓글 029번 내용입니다.', 0, SYSDATE, NULL, 'N'
         );

INSERT INTO board_comment (
    post_id, member_id, parent_comment_id,
    content, like_count, created_at, updated_at, deleted_yn
) VALUES (
             10, 5, NULL,
             '테스트 댓글 030번 내용입니다.', 0, SYSDATE, NULL, 'N'
         );

-- 31 ~ 40
INSERT INTO board_comment (
    post_id, member_id, parent_comment_id,
    content, like_count, created_at, updated_at, deleted_yn
) VALUES (
             1, 1, NULL,
             '테스트 댓글 031번 내용입니다.', 0, SYSDATE, NULL, 'N'
         );

INSERT INTO board_comment (
    post_id, member_id, parent_comment_id,
    content, like_count, created_at, updated_at, deleted_yn
) VALUES (
             2, 2, NULL,
             '테스트 댓글 032번 내용입니다.', 0, SYSDATE, NULL, 'N'
         );

INSERT INTO board_comment (
    post_id, member_id, parent_comment_id,
    content, like_count, created_at, updated_at, deleted_yn
) VALUES (
             3, 3, NULL,
             '테스트 댓글 033번 내용입니다.', 0, SYSDATE, NULL, 'N'
         );

INSERT INTO board_comment (
    post_id, member_id, parent_comment_id,
    content, like_count, created_at, updated_at, deleted_yn
) VALUES (
             4, 4, NULL,
             '테스트 댓글 034번 내용입니다.', 0, SYSDATE, NULL, 'N'
         );

INSERT INTO board_comment (
    post_id, member_id, parent_comment_id,
    content, like_count, created_at, updated_at, deleted_yn
) VALUES (
             5, 5, NULL,
             '테스트 댓글 035번 내용입니다.', 0, SYSDATE, NULL, 'N'
         );

INSERT INTO board_comment (
    post_id, member_id, parent_comment_id,
    content, like_count, created_at, updated_at, deleted_yn
) VALUES (
             6, 1, NULL,
             '테스트 댓글 036번 내용입니다.', 0, SYSDATE, NULL, 'N'
         );

INSERT INTO board_comment (
    post_id, member_id, parent_comment_id,
    content, like_count, created_at, updated_at, deleted_yn
) VALUES (
             7, 2, NULL,
             '테스트 댓글 037번 내용입니다.', 0, SYSDATE, NULL, 'N'
         );

INSERT INTO board_comment (
    post_id, member_id, parent_comment_id,
    content, like_count, created_at, updated_at, deleted_yn
) VALUES (
             8, 3, NULL,
             '테스트 댓글 038번 내용입니다.', 0, SYSDATE, NULL, 'N'
         );

INSERT INTO board_comment (
    post_id, member_id, parent_comment_id,
    content, like_count, created_at, updated_at, deleted_yn
) VALUES (
             9, 4, NULL,
             '테스트 댓글 039번 내용입니다.', 0, SYSDATE, NULL, 'N'
         );

INSERT INTO board_comment (
    post_id, member_id, parent_comment_id,
    content, like_count, created_at, updated_at, deleted_yn
) VALUES (
             10, 5, NULL,
             '테스트 댓글 040번 내용입니다.', 0, SYSDATE, NULL, 'N'
         );

-- 41 ~ 50
INSERT INTO board_comment (
    post_id, member_id, parent_comment_id,
    content, like_count, created_at, updated_at, deleted_yn
) VALUES (
             1, 1, NULL,
             '테스트 댓글 041번 내용입니다.', 0, SYSDATE, NULL, 'N'
         );

INSERT INTO board_comment (
    post_id, member_id, parent_comment_id,
    content, like_count, created_at, updated_at, deleted_yn
) VALUES (
             2, 2, NULL,
             '테스트 댓글 042번 내용입니다.', 0, SYSDATE, NULL, 'N'
         );

INSERT INTO board_comment (
    post_id, member_id, parent_comment_id,
    content, like_count, created_at, updated_at, deleted_yn
) VALUES (
             3, 3, NULL,
             '테스트 댓글 043번 내용입니다.', 0, SYSDATE, NULL, 'N'
         );

INSERT INTO board_comment (
    post_id, member_id, parent_comment_id,
    content, like_count, created_at, updated_at, deleted_yn
) VALUES (
             4, 4, NULL,
             '테스트 댓글 044번 내용입니다.', 0, SYSDATE, NULL, 'N'
         );

INSERT INTO board_comment (
    post_id, member_id, parent_comment_id,
    content, like_count, created_at, updated_at, deleted_yn
) VALUES (
             5, 5, NULL,
             '테스트 댓글 045번 내용입니다.', 0, SYSDATE, NULL, 'N'
         );

INSERT INTO board_comment (
    post_id, member_id, parent_comment_id,
    content, like_count, created_at, updated_at, deleted_yn
) VALUES (
             6, 1, NULL,
             '테스트 댓글 046번 내용입니다.', 0, SYSDATE, NULL, 'N'
         );

INSERT INTO board_comment (
    post_id, member_id, parent_comment_id,
    content, like_count, created_at, updated_at, deleted_yn
) VALUES (
             7, 2, NULL,
             '테스트 댓글 047번 내용입니다.', 0, SYSDATE, NULL, 'N'
         );

INSERT INTO board_comment (
    post_id, member_id, parent_comment_id,
    content, like_count, created_at, updated_at, deleted_yn
) VALUES (
             8, 3, NULL,
             '테스트 댓글 048번 내용입니다.', 0, SYSDATE, NULL, 'N'
         );

INSERT INTO board_comment (
    post_id, member_id, parent_comment_id,
    content, like_count, created_at, updated_at, deleted_yn
) VALUES (
             9, 4, NULL,
             '테스트 댓글 049번 내용입니다.', 0, SYSDATE, NULL, 'N'
         );

INSERT INTO board_comment (
    post_id, member_id, parent_comment_id,
    content, like_count, created_at, updated_at, deleted_yn
) VALUES (
             10, 5, NULL,
             '테스트 댓글 050번 내용입니다.', 0, SYSDATE, NULL, 'N'
         );

-- 51 ~ 60
INSERT INTO board_comment (
    post_id, member_id, parent_comment_id,
    content, like_count, created_at, updated_at, deleted_yn
) VALUES (
             1, 1, NULL,
             '테스트 댓글 051번 내용입니다.', 0, SYSDATE, NULL, 'N'
         );

INSERT INTO board_comment (
    post_id, member_id, parent_comment_id,
    content, like_count, created_at, updated_at, deleted_yn
) VALUES (
             2, 2, NULL,
             '테스트 댓글 052번 내용입니다.', 0, SYSDATE, NULL, 'N'
         );

INSERT INTO board_comment (
    post_id, member_id, parent_comment_id,
    content, like_count, created_at, updated_at, deleted_yn
) VALUES (
             3, 3, NULL,
             '테스트 댓글 053번 내용입니다.', 0, SYSDATE, NULL, 'N'
         );

INSERT INTO board_comment (
    post_id, member_id, parent_comment_id,
    content, like_count, created_at, updated_at, deleted_yn
) VALUES (
             4, 4, NULL,
             '테스트 댓글 054번 내용입니다.', 0, SYSDATE, NULL, 'N'
         );

INSERT INTO board_comment (
    post_id, member_id, parent_comment_id,
    content, like_count, created_at, updated_at, deleted_yn
) VALUES (
             5, 5, NULL,
             '테스트 댓글 055번 내용입니다.', 0, SYSDATE, NULL, 'N'
         );

INSERT INTO board_comment (
    post_id, member_id, parent_comment_id,
    content, like_count, created_at, updated_at, deleted_yn
) VALUES (
             6, 1, NULL,
             '테스트 댓글 056번 내용입니다.', 0, SYSDATE, NULL, 'N'
         );

INSERT INTO board_comment (
    post_id, member_id, parent_comment_id,
    content, like_count, created_at, updated_at, deleted_yn
) VALUES (
             7, 2, NULL,
             '테스트 댓글 057번 내용입니다.', 0, SYSDATE, NULL, 'N'
         );

INSERT INTO board_comment (
    post_id, member_id, parent_comment_id,
    content, like_count, created_at, updated_at, deleted_yn
) VALUES (
             8, 3, NULL,
             '테스트 댓글 058번 내용입니다.', 0, SYSDATE, NULL, 'N'
         );

INSERT INTO board_comment (
    post_id, member_id, parent_comment_id,
    content, like_count, created_at, updated_at, deleted_yn
) VALUES (
             9, 4, NULL,
             '테스트 댓글 059번 내용입니다.', 0, SYSDATE, NULL, 'N'
         );

INSERT INTO board_comment (
    post_id, member_id, parent_comment_id,
    content, like_count, created_at, updated_at, deleted_yn
) VALUES (
             10, 5, NULL,
             '테스트 댓글 060번 내용입니다.', 0, SYSDATE, NULL, 'N'
         );

-- 61 ~ 70
INSERT INTO board_comment (
    post_id, member_id, parent_comment_id,
    content, like_count, created_at, updated_at, deleted_yn
) VALUES (
             1, 1, NULL,
             '테스트 댓글 061번 내용입니다.', 0, SYSDATE, NULL, 'N'
         );

INSERT INTO board_comment (
    post_id, member_id, parent_comment_id,
    content, like_count, created_at, updated_at, deleted_yn
) VALUES (
             2, 2, NULL,
             '테스트 댓글 062번 내용입니다.', 0, SYSDATE, NULL, 'N'
         );

INSERT INTO board_comment (
    post_id, member_id, parent_comment_id,
    content, like_count, created_at, updated_at, deleted_yn
) VALUES (
             3, 3, NULL,
             '테스트 댓글 063번 내용입니다.', 0, SYSDATE, NULL, 'N'
         );

INSERT INTO board_comment (
    post_id, member_id, parent_comment_id,
    content, like_count, created_at, updated_at, deleted_yn
) VALUES (
             4, 4, NULL,
             '테스트 댓글 064번 내용입니다.', 0, SYSDATE, NULL, 'N'
         );

INSERT INTO board_comment (
    post_id, member_id, parent_comment_id,
    content, like_count, created_at, updated_at, deleted_yn
) VALUES (
             5, 5, NULL,
             '테스트 댓글 065번 내용입니다.', 0, SYSDATE, NULL, 'N'
         );

INSERT INTO board_comment (
    post_id, member_id, parent_comment_id,
    content, like_count, created_at, updated_at, deleted_yn
) VALUES (
             6, 1, NULL,
             '테스트 댓글 066번 내용입니다.', 0, SYSDATE, NULL, 'N'
         );

INSERT INTO board_comment (
    post_id, member_id, parent_comment_id,
    content, like_count, created_at, updated_at, deleted_yn
) VALUES (
             7, 2, NULL,
             '테스트 댓글 067번 내용입니다.', 0, SYSDATE, NULL, 'N'
         );

INSERT INTO board_comment (
    post_id, member_id, parent_comment_id,
    content, like_count, created_at, updated_at, deleted_yn
) VALUES (
             8, 3, NULL,
             '테스트 댓글 068번 내용입니다.', 0, SYSDATE, NULL, 'N'
         );

INSERT INTO board_comment (
    post_id, member_id, parent_comment_id,
    content, like_count, created_at, updated_at, deleted_yn
) VALUES (
             9, 4, NULL,
             '테스트 댓글 069번 내용입니다.', 0, SYSDATE, NULL, 'N'
         );

INSERT INTO board_comment (
    post_id, member_id, parent_comment_id,
    content, like_count, created_at, updated_at, deleted_yn
) VALUES (
             10, 5, NULL,
             '테스트 댓글 070번 내용입니다.', 0, SYSDATE, NULL, 'N'
         );

-- 71 ~ 80
INSERT INTO board_comment (
    post_id, member_id, parent_comment_id,
    content, like_count, created_at, updated_at, deleted_yn
) VALUES (
             1, 1, NULL,
             '테스트 댓글 071번 내용입니다.', 0, SYSDATE, NULL, 'N'
         );

INSERT INTO board_comment (
    post_id, member_id, parent_comment_id,
    content, like_count, created_at, updated_at, deleted_yn
) VALUES (
             2, 2, NULL,
             '테스트 댓글 072번 내용입니다.', 0, SYSDATE, NULL, 'N'
         );

INSERT INTO board_comment (
    post_id, member_id, parent_comment_id,
    content, like_count, created_at, updated_at, deleted_yn
) VALUES (
             3, 3, NULL,
             '테스트 댓글 073번 내용입니다.', 0, SYSDATE, NULL, 'N'
         );

INSERT INTO board_comment (
    post_id, member_id, parent_comment_id,
    content, like_count, created_at, updated_at, deleted_yn
) VALUES (
             4, 4, NULL,
             '테스트 댓글 074번 내용입니다.', 0, SYSDATE, NULL, 'N'
         );

INSERT INTO board_comment (
    post_id, member_id, parent_comment_id,
    content, like_count, created_at, updated_at, deleted_yn
) VALUES (
             5, 5, NULL,
             '테스트 댓글 075번 내용입니다.', 0, SYSDATE, NULL, 'N'
         );

INSERT INTO board_comment (
    post_id, member_id, parent_comment_id,
    content, like_count, created_at, updated_at, deleted_yn
) VALUES (
             6, 1, NULL,
             '테스트 댓글 076번 내용입니다.', 0, SYSDATE, NULL, 'N'
         );

INSERT INTO board_comment (
    post_id, member_id, parent_comment_id,
    content, like_count, created_at, updated_at, deleted_yn
) VALUES (
             7, 2, NULL,
             '테스트 댓글 077번 내용입니다.', 0, SYSDATE, NULL, 'N'
         );

INSERT INTO board_comment (
    post_id, member_id, parent_comment_id,
    content, like_count, created_at, updated_at, deleted_yn
) VALUES (
             8, 3, NULL,
             '테스트 댓글 078번 내용입니다.', 0, SYSDATE, NULL, 'N'
         );

INSERT INTO board_comment (
    post_id, member_id, parent_comment_id,
    content, like_count, created_at, updated_at, deleted_yn
) VALUES (
             9, 4, NULL,
             '테스트 댓글 079번 내용입니다.', 0, SYSDATE, NULL, 'N'
         );

INSERT INTO board_comment (
    post_id, member_id, parent_comment_id,
    content, like_count, created_at, updated_at, deleted_yn
) VALUES (
             10, 5, NULL,
             '테스트 댓글 080번 내용입니다.', 0, SYSDATE, NULL, 'N'
         );

-- 81 ~ 90
INSERT INTO board_comment (
    post_id, member_id, parent_comment_id,
    content, like_count, created_at, updated_at, deleted_yn
) VALUES (
             1, 1, NULL,
             '테스트 댓글 081번 내용입니다.', 0, SYSDATE, NULL, 'N'
         );

INSERT INTO board_comment (
    post_id, member_id, parent_comment_id,
    content, like_count, created_at, updated_at, deleted_yn
) VALUES (
             2, 2, NULL,
             '테스트 댓글 082번 내용입니다.', 0, SYSDATE, NULL, 'N'
         );

INSERT INTO board_comment (
    post_id, member_id, parent_comment_id,
    content, like_count, created_at, updated_at, deleted_yn
) VALUES (
             3, 3, NULL,
             '테스트 댓글 083번 내용입니다.', 0, SYSDATE, NULL, 'N'
         );

INSERT INTO board_comment (
    post_id, member_id, parent_comment_id,
    content, like_count, created_at, updated_at, deleted_yn
) VALUES (
             4, 4, NULL,
             '테스트 댓글 084번 내용입니다.', 0, SYSDATE, NULL, 'N'
         );

INSERT INTO board_comment (
    post_id, member_id, parent_comment_id,
    content, like_count, created_at, updated_at, deleted_yn
) VALUES (
             5, 5, NULL,
             '테스트 댓글 085번 내용입니다.', 0, SYSDATE, NULL, 'N'
         );

INSERT INTO board_comment (
    post_id, member_id, parent_comment_id,
    content, like_count, created_at, updated_at, deleted_yn
) VALUES (
             6, 1, NULL,
             '테스트 댓글 086번 내용입니다.', 0, SYSDATE, NULL, 'N'
         );

INSERT INTO board_comment (
    post_id, member_id, parent_comment_id,
    content, like_count, created_at, updated_at, deleted_yn
) VALUES (
             7, 2, NULL,
             '테스트 댓글 087번 내용입니다.', 0, SYSDATE, NULL, 'N'
         );

INSERT INTO board_comment (
    post_id, member_id, parent_comment_id,
    content, like_count, created_at, updated_at, deleted_yn
) VALUES (
             8, 3, NULL,
             '테스트 댓글 088번 내용입니다.', 0, SYSDATE, NULL, 'N'
         );

INSERT INTO board_comment (
    post_id, member_id, parent_comment_id,
    content, like_count, created_at, updated_at, deleted_yn
) VALUES (
             9, 4, NULL,
             '테스트 댓글 089번 내용입니다.', 0, SYSDATE, NULL, 'N'
         );

INSERT INTO board_comment (
    post_id, member_id, parent_comment_id,
    content, like_count, created_at, updated_at, deleted_yn
) VALUES (
             10, 5, NULL,
             '테스트 댓글 090번 내용입니다.', 0, SYSDATE, NULL, 'N'
         );

-- 91 ~ 100
INSERT INTO board_comment (
    post_id, member_id, parent_comment_id,
    content, like_count, created_at, updated_at, deleted_yn
) VALUES (
             1, 1, NULL,
             '테스트 댓글 091번 내용입니다.', 0, SYSDATE, NULL, 'N'
         );

INSERT INTO board_comment (
    post_id, member_id, parent_comment_id,
    content, like_count, created_at, updated_at, deleted_yn
) VALUES (
             2, 2, NULL,
             '테스트 댓글 092번 내용입니다.', 0, SYSDATE, NULL, 'N'
         );

INSERT INTO board_comment (
    post_id, member_id, parent_comment_id,
    content, like_count, created_at, updated_at, deleted_yn
) VALUES (
             3, 3, NULL,
             '테스트 댓글 093번 내용입니다.', 0, SYSDATE, NULL, 'N'
         );

INSERT INTO board_comment (
    post_id, member_id, parent_comment_id,
    content, like_count, created_at, updated_at, deleted_yn
) VALUES (
             4, 4, NULL,
             '테스트 댓글 094번 내용입니다.', 0, SYSDATE, NULL, 'N'
         );

INSERT INTO board_comment (
    post_id, member_id, parent_comment_id,
    content, like_count, created_at, updated_at, deleted_yn
) VALUES (
             5, 5, NULL,
             '테스트 댓글 095번 내용입니다.', 0, SYSDATE, NULL, 'N'
         );

INSERT INTO board_comment (
    post_id, member_id, parent_comment_id,
    content, like_count, created_at, updated_at, deleted_yn
) VALUES (
             6, 1, NULL,
             '테스트 댓글 096번 내용입니다.', 0, SYSDATE, NULL, 'N'
         );

INSERT INTO board_comment (
    post_id, member_id, parent_comment_id,
    content, like_count, created_at, updated_at, deleted_yn
) VALUES (
             7, 2, NULL,
             '테스트 댓글 097번 내용입니다.', 0, SYSDATE, NULL, 'N'
         );

INSERT INTO board_comment (
    post_id, member_id, parent_comment_id,
    content, like_count, created_at, updated_at, deleted_yn
) VALUES (
             8, 3, NULL,
             '테스트 댓글 098번 내용입니다.', 0, SYSDATE, NULL, 'N'
         );

INSERT INTO board_comment (
    post_id, member_id, parent_comment_id,
    content, like_count, created_at, updated_at, deleted_yn
) VALUES (
             9, 4, NULL,
             '테스트 댓글 099번 내용입니다.', 0, SYSDATE, NULL, 'N'
         );

INSERT INTO board_comment (
    post_id, member_id, parent_comment_id,
    content, like_count, created_at, updated_at, deleted_yn
) VALUES (
             10, 5, NULL,
             '테스트 댓글 100번 내용입니다.', 0, SYSDATE, NULL, 'N'
         );

commit ;

INSERT INTO board_like (member_id, post_id, created_at)
VALUES (1, 1, SYSDATE);

INSERT INTO board_like (member_id, post_id, created_at)
VALUES (1, 2, SYSDATE);

INSERT INTO board_like (member_id, post_id, created_at)
VALUES (1, 3, SYSDATE);

INSERT INTO board_like (member_id, post_id, created_at)
VALUES (1, 4, SYSDATE);

INSERT INTO board_like (member_id, post_id, created_at)
VALUES (1, 5, SYSDATE);

INSERT INTO board_like (member_id, post_id, created_at)
VALUES (1, 6, SYSDATE);

INSERT INTO board_like (member_id, post_id, created_at)
VALUES (1, 7, SYSDATE);

INSERT INTO board_like (member_id, post_id, created_at)
VALUES (1, 8, SYSDATE);

INSERT INTO board_like (member_id, post_id, created_at)
VALUES (1, 9, SYSDATE);

INSERT INTO board_like (member_id, post_id, created_at)
VALUES (1, 10, SYSDATE);

-- member 2
INSERT INTO board_like (member_id, post_id, created_at)
VALUES (2, 1, SYSDATE);

INSERT INTO board_like (member_id, post_id, created_at)
VALUES (2, 2, SYSDATE);

INSERT INTO board_like (member_id, post_id, created_at)
VALUES (2, 3, SYSDATE);

INSERT INTO board_like (member_id, post_id, created_at)
VALUES (2, 4, SYSDATE);

INSERT INTO board_like (member_id, post_id, created_at)
VALUES (2, 5, SYSDATE);

INSERT INTO board_like (member_id, post_id, created_at)
VALUES (2, 6, SYSDATE);

INSERT INTO board_like (member_id, post_id, created_at)
VALUES (2, 7, SYSDATE);

INSERT INTO board_like (member_id, post_id, created_at)
VALUES (2, 8, SYSDATE);

INSERT INTO board_like (member_id, post_id, created_at)
VALUES (2, 9, SYSDATE);

INSERT INTO board_like (member_id, post_id, created_at)
VALUES (2, 10, SYSDATE);

-- member 3
INSERT INTO board_like (member_id, post_id, created_at)
VALUES (3, 1, SYSDATE);

INSERT INTO board_like (member_id, post_id, created_at)
VALUES (3, 2, SYSDATE);

INSERT INTO board_like (member_id, post_id, created_at)
VALUES (3, 3, SYSDATE);

INSERT INTO board_like (member_id, post_id, created_at)
VALUES (3, 4, SYSDATE);

INSERT INTO board_like (member_id, post_id, created_at)
VALUES (3, 5, SYSDATE);

INSERT INTO board_like (member_id, post_id, created_at)
VALUES (3, 6, SYSDATE);

INSERT INTO board_like (member_id, post_id, created_at)
VALUES (3, 7, SYSDATE);

INSERT INTO board_like (member_id, post_id, created_at)
VALUES (3, 8, SYSDATE);

INSERT INTO board_like (member_id, post_id, created_at)
VALUES (3, 9, SYSDATE);

INSERT INTO board_like (member_id, post_id, created_at)
VALUES (3, 10, SYSDATE);

-- member 4
INSERT INTO board_like (member_id, post_id, created_at)
VALUES (4, 1, SYSDATE);

INSERT INTO board_like (member_id, post_id, created_at)
VALUES (4, 2, SYSDATE);

INSERT INTO board_like (member_id, post_id, created_at)
VALUES (4, 3, SYSDATE);

INSERT INTO board_like (member_id, post_id, created_at)
VALUES (4, 4, SYSDATE);

INSERT INTO board_like (member_id, post_id, created_at)
VALUES (4, 5, SYSDATE);

INSERT INTO board_like (member_id, post_id, created_at)
VALUES (4, 6, SYSDATE);

INSERT INTO board_like (member_id, post_id, created_at)
VALUES (4, 7, SYSDATE);

INSERT INTO board_like (member_id, post_id, created_at)
VALUES (4, 8, SYSDATE);

INSERT INTO board_like (member_id, post_id, created_at)
VALUES (4, 9, SYSDATE);

INSERT INTO board_like (member_id, post_id, created_at)
VALUES (4, 10, SYSDATE);

-- member 5
INSERT INTO board_like (member_id, post_id, created_at)
VALUES (5, 1, SYSDATE);

INSERT INTO board_like (member_id, post_id, created_at)
VALUES (5, 2, SYSDATE);

INSERT INTO board_like (member_id, post_id, created_at)
VALUES (5, 3, SYSDATE);

INSERT INTO board_like (member_id, post_id, created_at)
VALUES (5, 4, SYSDATE);

INSERT INTO board_like (member_id, post_id, created_at)
VALUES (5, 5, SYSDATE);

INSERT INTO board_like (member_id, post_id, created_at)
VALUES (5, 6, SYSDATE);

INSERT INTO board_like (member_id, post_id, created_at)
VALUES (5, 7, SYSDATE);

INSERT INTO board_like (member_id, post_id, created_at)
VALUES (5, 8, SYSDATE);

INSERT INTO board_like (member_id, post_id, created_at)
VALUES (5, 9, SYSDATE);

INSERT INTO board_like (member_id, post_id, created_at)
VALUES (5, 10, SYSDATE);

-- member 6
INSERT INTO board_like (member_id, post_id, created_at)
VALUES (6, 1, SYSDATE);

INSERT INTO board_like (member_id, post_id, created_at)
VALUES (6, 2, SYSDATE);

INSERT INTO board_like (member_id, post_id, created_at)
VALUES (6, 3, SYSDATE);

INSERT INTO board_like (member_id, post_id, created_at)
VALUES (6, 4, SYSDATE);

INSERT INTO board_like (member_id, post_id, created_at)
VALUES (6, 5, SYSDATE);

INSERT INTO board_like (member_id, post_id, created_at)
VALUES (6, 6, SYSDATE);

INSERT INTO board_like (member_id, post_id, created_at)
VALUES (6, 7, SYSDATE);

INSERT INTO board_like (member_id, post_id, created_at)
VALUES (6, 8, SYSDATE);

INSERT INTO board_like (member_id, post_id, created_at)
VALUES (6, 9, SYSDATE);

INSERT INTO board_like (member_id, post_id, created_at)
VALUES (6, 10, SYSDATE);

-- member 7
INSERT INTO board_like (member_id, post_id, created_at)
VALUES (7, 1, SYSDATE);

INSERT INTO board_like (member_id, post_id, created_at)
VALUES (7, 2, SYSDATE);

INSERT INTO board_like (member_id, post_id, created_at)
VALUES (7, 3, SYSDATE);

INSERT INTO board_like (member_id, post_id, created_at)
VALUES (7, 4, SYSDATE);

INSERT INTO board_like (member_id, post_id, created_at)
VALUES (7, 5, SYSDATE);

INSERT INTO board_like (member_id, post_id, created_at)
VALUES (7, 6, SYSDATE);

INSERT INTO board_like (member_id, post_id, created_at)
VALUES (7, 7, SYSDATE);

INSERT INTO board_like (member_id, post_id, created_at)
VALUES (7, 8, SYSDATE);

INSERT INTO board_like (member_id, post_id, created_at)
VALUES (7, 9, SYSDATE);

INSERT INTO board_like (member_id, post_id, created_at)
VALUES (7, 10, SYSDATE);

-- member 8
INSERT INTO board_like (member_id, post_id, created_at)
VALUES (8, 1, SYSDATE);

INSERT INTO board_like (member_id, post_id, created_at)
VALUES (8, 2, SYSDATE);

INSERT INTO board_like (member_id, post_id, created_at)
VALUES (8, 3, SYSDATE);

INSERT INTO board_like (member_id, post_id, created_at)
VALUES (8, 4, SYSDATE);

INSERT INTO board_like (member_id, post_id, created_at)
VALUES (8, 5, SYSDATE);

INSERT INTO board_like (member_id, post_id, created_at)
VALUES (8, 6, SYSDATE);

INSERT INTO board_like (member_id, post_id, created_at)
VALUES (8, 7, SYSDATE);

INSERT INTO board_like (member_id, post_id, created_at)
VALUES (8, 8, SYSDATE);

INSERT INTO board_like (member_id, post_id, created_at)
VALUES (8, 9, SYSDATE);

INSERT INTO board_like (member_id, post_id, created_at)
VALUES (8, 10, SYSDATE);

-- member 9
INSERT INTO board_like (member_id, post_id, created_at)
VALUES (9, 1, SYSDATE);

INSERT INTO board_like (member_id, post_id, created_at)
VALUES (9, 2, SYSDATE);

INSERT INTO board_like (member_id, post_id, created_at)
VALUES (9, 3, SYSDATE);

INSERT INTO board_like (member_id, post_id, created_at)
VALUES (9, 4, SYSDATE);

INSERT INTO board_like (member_id, post_id, created_at)
VALUES (9, 5, SYSDATE);

INSERT INTO board_like (member_id, post_id, created_at)
VALUES (9, 6, SYSDATE);

INSERT INTO board_like (member_id, post_id, created_at)
VALUES (9, 7, SYSDATE);

INSERT INTO board_like (member_id, post_id, created_at)
VALUES (9, 8, SYSDATE);

INSERT INTO board_like (member_id, post_id, created_at)
VALUES (9, 9, SYSDATE);

INSERT INTO board_like (member_id, post_id, created_at)
VALUES (9, 10, SYSDATE);

-- member 10
INSERT INTO board_like (member_id, post_id, created_at)
VALUES (10, 1, SYSDATE);

INSERT INTO board_like (member_id, post_id, created_at)
VALUES (10, 2, SYSDATE);

INSERT INTO board_like (member_id, post_id, created_at)
VALUES (10, 3, SYSDATE);

INSERT INTO board_like (member_id, post_id, created_at)
VALUES (10, 4, SYSDATE);

INSERT INTO board_like (member_id, post_id, created_at)
VALUES (10, 5, SYSDATE);

INSERT INTO board_like (member_id, post_id, created_at)
VALUES (10, 6, SYSDATE);

INSERT INTO board_like (member_id, post_id, created_at)
VALUES (10, 7, SYSDATE);

INSERT INTO board_like (member_id, post_id, created_at)
VALUES (10, 8, SYSDATE);

INSERT INTO board_like (member_id, post_id, created_at)
VALUES (10, 9, SYSDATE);

INSERT INTO board_like (member_id, post_id, created_at)
VALUES (10, 10, SYSDATE);
commit;
INSERT INTO board_post_image (post_id, image_url, sort_order)
VALUES (1, 'https://example.com/board/post_001_img01.jpg', 1);

INSERT INTO board_post_image (post_id, image_url, sort_order)
VALUES (1, 'https://example.com/board/post_001_img02.jpg', 2);

INSERT INTO board_post_image (post_id, image_url, sort_order)
VALUES (1, 'https://example.com/board/post_001_img03.jpg', 3);

INSERT INTO board_post_image (post_id, image_url, sort_order)
VALUES (1, 'https://example.com/board/post_001_img04.jpg', 4);

INSERT INTO board_post_image (post_id, image_url, sort_order)
VALUES (1, 'https://example.com/board/post_001_img05.jpg', 5);

INSERT INTO board_post_image (post_id, image_url, sort_order)
VALUES (1, 'https://example.com/board/post_001_img06.jpg', 6);

INSERT INTO board_post_image (post_id, image_url, sort_order)
VALUES (1, 'https://example.com/board/post_001_img07.jpg', 7);

INSERT INTO board_post_image (post_id, image_url, sort_order)
VALUES (1, 'https://example.com/board/post_001_img08.jpg', 8);

INSERT INTO board_post_image (post_id, image_url, sort_order)
VALUES (1, 'https://example.com/board/post_001_img09.jpg', 9);

INSERT INTO board_post_image (post_id, image_url, sort_order)
VALUES (1, 'https://example.com/board/post_001_img10.jpg', 10);

INSERT INTO board_post_image (post_id, image_url, sort_order)
VALUES (2, 'https://example.com/board/post_002_img01.jpg', 1);

INSERT INTO board_post_image (post_id, image_url, sort_order)
VALUES (2, 'https://example.com/board/post_002_img02.jpg', 2);

INSERT INTO board_post_image (post_id, image_url, sort_order)
VALUES (2, 'https://example.com/board/post_002_img03.jpg', 3);

INSERT INTO board_post_image (post_id, image_url, sort_order)
VALUES (2, 'https://example.com/board/post_002_img04.jpg', 4);

INSERT INTO board_post_image (post_id, image_url, sort_order)
VALUES (2, 'https://example.com/board/post_002_img05.jpg', 5);

INSERT INTO board_post_image (post_id, image_url, sort_order)
VALUES (2, 'https://example.com/board/post_002_img06.jpg', 6);

INSERT INTO board_post_image (post_id, image_url, sort_order)
VALUES (2, 'https://example.com/board/post_002_img07.jpg', 7);

INSERT INTO board_post_image (post_id, image_url, sort_order)
VALUES (2, 'https://example.com/board/post_002_img08.jpg', 8);

INSERT INTO board_post_image (post_id, image_url, sort_order)
VALUES (2, 'https://example.com/board/post_002_img09.jpg', 9);

INSERT INTO board_post_image (post_id, image_url, sort_order)
VALUES (2, 'https://example.com/board/post_002_img10.jpg', 10);

INSERT INTO board_post_image (post_id, image_url, sort_order)
VALUES (3, 'https://example.com/board/post_003_img01.jpg', 1);

INSERT INTO board_post_image (post_id, image_url, sort_order)
VALUES (3, 'https://example.com/board/post_003_img02.jpg', 2);

INSERT INTO board_post_image (post_id, image_url, sort_order)
VALUES (3, 'https://example.com/board/post_003_img03.jpg', 3);

INSERT INTO board_post_image (post_id, image_url, sort_order)
VALUES (3, 'https://example.com/board/post_003_img04.jpg', 4);

INSERT INTO board_post_image (post_id, image_url, sort_order)
VALUES (3, 'https://example.com/board/post_003_img05.jpg', 5);

INSERT INTO board_post_image (post_id, image_url, sort_order)
VALUES (3, 'https://example.com/board/post_003_img06.jpg', 6);

INSERT INTO board_post_image (post_id, image_url, sort_order)
VALUES (3, 'https://example.com/board/post_003_img07.jpg', 7);

INSERT INTO board_post_image (post_id, image_url, sort_order)
VALUES (3, 'https://example.com/board/post_003_img08.jpg', 8);

INSERT INTO board_post_image (post_id, image_url, sort_order)
VALUES (3, 'https://example.com/board/post_003_img09.jpg', 9);

INSERT INTO board_post_image (post_id, image_url, sort_order)
VALUES (3, 'https://example.com/board/post_003_img10.jpg', 10);

INSERT INTO board_post_image (post_id, image_url, sort_order)
VALUES (4, 'https://example.com/board/post_004_img01.jpg', 1);

INSERT INTO board_post_image (post_id, image_url, sort_order)
VALUES (4, 'https://example.com/board/post_004_img02.jpg', 2);

INSERT INTO board_post_image (post_id, image_url, sort_order)
VALUES (4, 'https://example.com/board/post_004_img03.jpg', 3);

INSERT INTO board_post_image (post_id, image_url, sort_order)
VALUES (4, 'https://example.com/board/post_004_img04.jpg', 4);

INSERT INTO board_post_image (post_id, image_url, sort_order)
VALUES (4, 'https://example.com/board/post_004_img05.jpg', 5);

INSERT INTO board_post_image (post_id, image_url, sort_order)
VALUES (4, 'https://example.com/board/post_004_img06.jpg', 6);

INSERT INTO board_post_image (post_id, image_url, sort_order)
VALUES (4, 'https://example.com/board/post_004_img07.jpg', 7);

INSERT INTO board_post_image (post_id, image_url, sort_order)
VALUES (4, 'https://example.com/board/post_004_img08.jpg', 8);

INSERT INTO board_post_image (post_id, image_url, sort_order)
VALUES (4, 'https://example.com/board/post_004_img09.jpg', 9);

INSERT INTO board_post_image (post_id, image_url, sort_order)
VALUES (4, 'https://example.com/board/post_004_img10.jpg', 10);

INSERT INTO board_post_image (post_id, image_url, sort_order)
VALUES (5, 'https://example.com/board/post_005_img01.jpg', 1);

INSERT INTO board_post_image (post_id, image_url, sort_order)
VALUES (5, 'https://example.com/board/post_005_img02.jpg', 2);

INSERT INTO board_post_image (post_id, image_url, sort_order)
VALUES (5, 'https://example.com/board/post_005_img03.jpg', 3);

INSERT INTO board_post_image (post_id, image_url, sort_order)
VALUES (5, 'https://example.com/board/post_005_img04.jpg', 4);

INSERT INTO board_post_image (post_id, image_url, sort_order)
VALUES (5, 'https://example.com/board/post_005_img05.jpg', 5);

INSERT INTO board_post_image (post_id, image_url, sort_order)
VALUES (5, 'https://example.com/board/post_005_img06.jpg', 6);

INSERT INTO board_post_image (post_id, image_url, sort_order)
VALUES (5, 'https://example.com/board/post_005_img07.jpg', 7);

INSERT INTO board_post_image (post_id, image_url, sort_order)
VALUES (5, 'https://example.com/board/post_005_img08.jpg', 8);

INSERT INTO board_post_image (post_id, image_url, sort_order)
VALUES (5, 'https://example.com/board/post_005_img09.jpg', 9);

INSERT INTO board_post_image (post_id, image_url, sort_order)
VALUES (5, 'https://example.com/board/post_005_img10.jpg', 10);

commit;

INSERT INTO board_tag (tag_id, tag_name)
VALUES (1, '포카');

INSERT INTO board_tag (tag_id, tag_name)
VALUES (2, '피규어');

INSERT INTO board_tag (tag_id, tag_name)
VALUES (3, '키링');

INSERT INTO board_tag (tag_id, tag_name)
VALUES (4, '스티커');

INSERT INTO board_tag (tag_id, tag_name)
VALUES (5, '아크릴스탠드');

INSERT INTO board_tag (tag_id, tag_name)
VALUES (6, '브로마이드');

INSERT INTO board_tag (tag_id, tag_name)
VALUES (7, '팬사인회');

INSERT INTO board_tag (tag_id, tag_name)
VALUES (8, '한정판');

INSERT INTO board_tag (tag_id, tag_name)
VALUES (9, '팝업스토어');

INSERT INTO board_tag (tag_id, tag_name)
VALUES (10, '굿즈교환');

INSERT INTO board_tag (tag_id, tag_name)
VALUES (11, '랜덤박스');

INSERT INTO board_tag (tag_id, tag_name)
VALUES (12, '응원봉');

INSERT INTO board_tag (tag_id, tag_name)
VALUES (13, '포스터');

INSERT INTO board_tag (tag_id, tag_name)
VALUES (14, '코스프레');

INSERT INTO board_tag (tag_id, tag_name)
VALUES (15, '아이돌');

INSERT INTO board_tag (tag_id, tag_name)
VALUES (16, '애니메이션');

INSERT INTO board_tag (tag_id, tag_name)
VALUES (17, '게임굿즈');

INSERT INTO board_tag (tag_id, tag_name)
VALUES (18, '카페콜라보');

INSERT INTO board_tag (tag_id, tag_name)
VALUES (19, '레어템');

INSERT INTO board_tag (tag_id, tag_name)
VALUES (20, '중고거래');
commit;
INSERT INTO board_post_tag (post_id, tag_id)
VALUES (1, 1);

INSERT INTO board_post_tag (post_id, tag_id)
VALUES (1, 2);

INSERT INTO board_post_tag (post_id, tag_id)
VALUES (2, 1);

INSERT INTO board_post_tag (post_id, tag_id)
VALUES (2, 3);

INSERT INTO board_post_tag (post_id, tag_id)
VALUES (3, 2);

INSERT INTO board_post_tag (post_id, tag_id)
VALUES (3, 4);

INSERT INTO board_post_tag (post_id, tag_id)
VALUES (4, 1);

INSERT INTO board_post_tag (post_id, tag_id)
VALUES (4, 5);

INSERT INTO board_post_tag (post_id, tag_id)
VALUES (5, 3);

INSERT INTO board_post_tag (post_id, tag_id)
VALUES (5, 4);

INSERT INTO board_post_tag (post_id, tag_id)
VALUES (6, 2);

INSERT INTO board_post_tag (post_id, tag_id)
VALUES (6, 5);

INSERT INTO board_post_tag (post_id, tag_id)
VALUES (7, 1);

INSERT INTO board_post_tag (post_id, tag_id)
VALUES (7, 4);

INSERT INTO board_post_tag (post_id, tag_id)
VALUES (8, 2);

INSERT INTO board_post_tag (post_id, tag_id)
VALUES (8, 3);

INSERT INTO board_post_tag (post_id, tag_id)
VALUES (9, 1);

INSERT INTO board_post_tag (post_id, tag_id)
VALUES (9, 5);

INSERT INTO board_post_tag (post_id, tag_id)
VALUES (10, 2);

INSERT INTO board_post_tag (post_id, tag_id)
VALUES (10, 4);
commit;
INSERT INTO faq_category (faq_category_id, name)
VALUES (1, '매장 안내');

INSERT INTO faq_category (faq_category_id, name)
VALUES (2, '매장 위치/영업시간');

INSERT INTO faq_category (faq_category_id, name)
VALUES (3, '매장 재고/상품문의');

INSERT INTO faq_category (faq_category_id, name)
VALUES (4, '팝업스토어 일정');

INSERT INTO faq_category (faq_category_id, name)
VALUES (5, '예약/번호표 시스템');

INSERT INTO faq_category (faq_category_id, name)
VALUES (6, '온라인 주문');

INSERT INTO faq_category (faq_category_id, name)
VALUES (7, '결제 수단');

INSERT INTO faq_category (faq_category_id, name)
VALUES (8, '환불/취소');

INSERT INTO faq_category (faq_category_id, name)
VALUES (9, '배송/픽업');

INSERT INTO faq_category (faq_category_id, name)
VALUES (10, '프로모션/이벤트');

INSERT INTO faq_category (faq_category_id, name)
VALUES (11, '포인트/적립');

INSERT INTO faq_category (faq_category_id, name)
VALUES (12, '쿠폰/할인');

INSERT INTO faq_category (faq_category_id, name)
VALUES (13, '계정 생성/가입');

INSERT INTO faq_category (faq_category_id, name)
VALUES (14, '로그인/비밀번호 찾기');

INSERT INTO faq_category (faq_category_id, name)
VALUES (15, '회원정보 수정/탈퇴');

INSERT INTO faq_category (faq_category_id, name)
VALUES (16, '알림/푸시 설정');

INSERT INTO faq_category (faq_category_id, name)
VALUES (17, '앱/웹 오류');

INSERT INTO faq_category (faq_category_id, name)
VALUES (18, '신고/차단/운영정책');

INSERT INTO faq_category (faq_category_id, name)
VALUES (19, '개인정보/보안');

INSERT INTO faq_category (faq_category_id, name)
VALUES (20, '기타 문의');
commit ;INSERT INTO faq (faq_category_id, question, answer, sort_order)
        VALUES (
                   1,
                   '오프라인 매장은 어떤 컨셉의 매장인가요?',
                   '굿즈로드 오프라인 매장은 애니메이션, 아이돌, 게임 등 다양한 굿즈를 한 곳에서 만날 수 있는 셀렉트샵 형태의 매장입니다. 팝업스토어와 연계된 한정 상품도 입고됩니다.',
                   1
               );

INSERT INTO faq (faq_category_id, question, answer, sort_order)
VALUES (
           1,
           '오프라인 매장의 운영 시간은 어떻게 되나요?',
           '오프라인 매장은 평일과 주말 모두 11:00~21:00까지 운영합니다. 명절 및 공휴일에는 별도의 공지사항을 통해 운영 시간을 안내해 드립니다.',
           2
       );

INSERT INTO faq (faq_category_id, question, answer, sort_order)
VALUES (
           1,
           '매장에 항상 동일한 상품이 있나요?',
           '매장 상품은 시즌, 팝업스토어 일정, 공급 상황에 따라 수시로 변경됩니다. 인기 상품이나 한정판 상품은 조기 품절될 수 있습니다.',
           3
       );

INSERT INTO faq (faq_category_id, question, answer, sort_order)
VALUES (
           1,
           '온라인에 보이는 상품을 매장에서 바로 구매할 수 있나요?',
           '일부 상품은 온라인 전용이거나 매장 전용 상품일 수 있습니다. 동일 상품이라도 재고 상황이 다를 수 있으므로 방문 전 매장에 문의해 주시는 것을 권장합니다.',
           4
       );

INSERT INTO faq (faq_category_id, question, answer, sort_order)
VALUES (
           1,
           '팝업스토어 연계 상품은 어디에서 확인할 수 있나요?',
           '홈 화면의 팝업스토어 메뉴와 공지사항을 통해 현재 진행 중인 팝업스토어 정보와 연계 굿즈를 확인하실 수 있습니다.',
           5
       );

INSERT INTO faq (faq_category_id, question, answer, sort_order)
VALUES (
           1,
           '매장에 방문하기 전에 재고를 확인할 수 있나요?',
           '일부 매장에 한해 실시간 재고 조회 기능을 제공하고 있습니다. 매장 상세 페이지의 재고 안내 영역을 확인해 주세요.',
           6
       );

INSERT INTO faq (faq_category_id, question, answer, sort_order)
VALUES (
           1,
           '매장 내에서 사진 촬영이 가능한가요?',
           '일반 매장 공간은 개인 소장용 사진 촬영이 가능하지만, 일부 전시 존과 한정존은 촬영이 제한될 수 있습니다. 매장 내 안내문을 꼭 확인해 주세요.',
           7
       );

INSERT INTO faq (faq_category_id, question, answer, sort_order)
VALUES (
           1,
           '매장에서 포장 서비스도 제공하나요?',
           '기본 쇼핑백은 무료로 제공되며, 선물용 포장 서비스는 일부 매장에 한해 유료로 제공됩니다. 자세한 내용은 매장 직원에게 문의해 주세요.',
           8
       );

INSERT INTO faq (faq_category_id, question, answer, sort_order)
VALUES (
           1,
           '오프라인 매장만의 한정 굿즈가 있나요?',
           '네, 특정 기간에는 오프라인 매장 방문 고객만 구매할 수 있는 한정 굿즈가 준비됩니다. 관련 내용은 이벤트 안내를 통해 미리 공지됩니다.',
           9
       );

INSERT INTO faq (faq_category_id, question, answer, sort_order)
VALUES (
           1,
           '매장 내에서 카드, 현금 외에 다른 결제 수단도 사용 가능한가요?',
           '신용·체크카드, 간편결제(일부 서비스), 모바일 결제가 가능하며, 사용 가능한 결제 수단은 매장별로 조금씩 다를 수 있습니다.',
           10
       );

-- 주문/결제 관련 (카테고리 2)

INSERT INTO faq (faq_category_id, question, answer, sort_order)
VALUES (
           2,
           '온라인으로 주문한 상품은 어떻게 결제할 수 있나요?',
           '온라인 주문 시 신용·체크카드, 계좌이체, 간편결제 등 다양한 결제 수단을 지원합니다. 결제 수단은 결제 화면에서 확인하실 수 있습니다.',
           11
       );

INSERT INTO faq (faq_category_id, question, answer, sort_order)
VALUES (
           2,
           '주문 후 결제 수단을 변경할 수 있나요?',
           '이미 결제가 완료된 주문의 결제 수단은 변경이 불가능합니다. 결제 수단을 바꾸고 싶으시다면 기존 주문을 취소 후 다시 주문해 주세요.',
           12
       );

INSERT INTO faq (faq_category_id, question, answer, sort_order)
VALUES (
           2,
           '주문 내역을 어디서 확인할 수 있나요?',
           '로그인 후 마이페이지의 주문 내역 메뉴에서 지금까지의 주문 기록과 상세 정보를 확인하실 수 있습니다.',
           13
       );

INSERT INTO faq (faq_category_id, question, answer, sort_order)
VALUES (
           2,
           '주문이 정상적으로 완료되었는지 어떻게 확인하나요?',
           '결제가 완료되면 주문 완료 페이지가 표시되며, 동시에 안내 메일이 발송됩니다. 마이페이지 주문 내역에서도 주문 상태를 확인하실 수 있습니다.',
           14
       );

INSERT INTO faq (faq_category_id, question, answer, sort_order)
VALUES (
           2,
           '주문 후 결제가 계속 실패합니다. 어떻게 해야 하나요?',
           '결제 실패 시 결제 수단, 카드 한도, 보안 프로그램 등을 확인해 주세요. 문제가 계속될 경우 카드사 또는 결제 대행사 고객센터에 문의하시기 바랍니다.',
           15
       );

INSERT INTO faq (faq_category_id, question, answer, sort_order)
VALUES (
           2,
           '비회원도 주문이 가능한가요?',
           '일부 상품은 비회원 구매가 가능하지만, 주문 내역 조회 및 사후 서비스를 위해 회원 가입 후 이용하시는 것을 추천드립니다.',
           16
       );

INSERT INTO faq (faq_category_id, question, answer, sort_order)
VALUES (
           2,
           '입금 기한을 넘기면 주문은 어떻게 되나요?',
           '무통장 입금 등 입금이 필요한 결제 수단의 경우, 안내된 기한 내에 입금이 완료되지 않으면 주문이 자동 취소될 수 있습니다.',
           17
       );

INSERT INTO faq (faq_category_id, question, answer, sort_order)
VALUES (
           2,
           '주문 금액이 두 번 결제된 것 같습니다. 어떻게 처리되나요?',
           '결제 시스템 오류 등으로 중복 결제가 발생한 경우, 확인 후 한 건은 자동 또는 수동 환불 처리됩니다. 상세 내역은 고객센터로 문의해 주세요.',
           18
       );

INSERT INTO faq (faq_category_id, question, answer, sort_order)
VALUES (
           2,
           '주문을 취소했는데 카드 승인 내역이 남아 있습니다.',
           '카드 결제의 경우 취소 후 실제 승인 취소 반영까지 영업일 기준 며칠이 소요될 수 있습니다. 자세한 처리 일정은 카드사에 문의해 주세요.',
           19
       );

INSERT INTO faq (faq_category_id, question, answer, sort_order)
VALUES (
           2,
           '주문서에 기재한 정보(주소, 연락처)를 수정하고 싶어요.',
           '상품 준비 전 단계에서는 고객센터를 통해 정보를 수정해 드릴 수 있습니다. 배송 준비가 시작된 후에는 변경이 어려울 수 있습니다.',
           20
       );

-- 배송/픽업 관련 (카테고리 3)

INSERT INTO faq (faq_category_id, question, answer, sort_order)
VALUES (
           3,
           '온라인 주문 상품의 배송 기간은 얼마나 걸리나요?',
           '일반적인 경우 결제 완료 후 2~3영업일 이내 출고되며, 택배사의 사정에 따라 추가 시간이 소요될 수 있습니다. 예약 상품은 별도 안내된 일정을 따릅니다.',
           21
       );

INSERT INTO faq (faq_category_id, question, answer, sort_order)
VALUES (
           3,
           '배송비는 어떻게 책정되나요?',
           '기본 배송비는 주문 금액 또는 지역에 따라 다르게 적용됩니다. 일정 금액 이상 구매 시 무료 배송 혜택이 제공될 수 있으며, 상세 기준은 배송 안내를 참고해 주세요.',
           22
       );

INSERT INTO faq (faq_category_id, question, answer, sort_order)
VALUES (
           3,
           '해외 배송도 가능한가요?',
           '현재는 국내 배송만 지원하고 있으며, 추후 해외 배송 서비스가 오픈될 경우 공지사항을 통해 안내해 드릴 예정입니다.',
           23
       );

INSERT INTO faq (faq_category_id, question, answer, sort_order)
VALUES (
           3,
           '배송 조회는 어디에서 할 수 있나요?',
           '마이페이지의 주문 상세 화면에서 택배사와 송장번호를 확인할 수 있으며, 해당 정보를 통해 배송 추적이 가능합니다.',
           24
       );

INSERT INTO faq (faq_category_id, question, answer, sort_order)
VALUES (
           3,
           '여러 상품을 함께 주문하면 부분 배송이 되나요?',
           '상품 준비 상황에 따라 일부 상품이 먼저 발송될 수 있습니다. 부분 배송 여부 및 추가 배송비 발생은 상품 및 프로모션 정책에 따라 달라질 수 있습니다.',
           25
       );

INSERT INTO faq (faq_category_id, question, answer, sort_order)
VALUES (
           3,
           '배송 중 박스가 파손되었을 경우 어떻게 해야 하나요?',
           '수령 즉시 박스 상태와 상품을 촬영해 두시고, 고객센터로 사진과 함께 문의해 주시면 확인 후 교환 또는 환불 절차를 안내해 드립니다.',
           26
       );

INSERT INTO faq (faq_category_id, question, answer, sort_order)
VALUES (
           3,
           '수령 주소를 잘못 입력했어요. 변경이 가능할까요?',
           '상품이 출고되기 전이라면 주소 변경이 가능할 수 있지만, 이미 택배사에 인계된 경우에는 변경이 불가능할 수 있습니다. 최대한 빠르게 고객센터로 문의해 주세요.',
           27
       );

INSERT INTO faq (faq_category_id, question, answer, sort_order)
VALUES (
           3,
           '매장 픽업 서비스를 이용할 수 있나요?',
           '일부 상품은 매장 픽업 기능을 제공하고 있으며, 주문 시 수령 방법에서 매장 픽업을 선택할 수 있습니다. 픽업 가능 매장과 일정은 주문 화면에 안내됩니다.',
           28
       );

INSERT INTO faq (faq_category_id, question, answer, sort_order)
VALUES (
           3,
           '배송이 지연되고 있다는 안내를 받았습니다. 어떻게 처리되나요?',
           '입고 지연, 물류 센터 이슈 등으로 배송이 늦어질 경우 문자, 메일 등으로 안내해 드립니다. 원하실 경우 주문 취소 및 환불도 가능합니다.',
           29
       );

INSERT INTO faq (faq_category_id, question, answer, sort_order)
VALUES (
           3,
           '배송 완료라고 뜨지만 상품을 받지 못했습니다.',
           '가족 또는 경비실 수령 여부를 먼저 확인해 주시고, 그래도 찾지 못하셨다면 택배사와 고객센터로 문의해 주시면 위치 확인을 도와드리겠습니다.',
           30
       );

-- 회원/계정/포인트 관련 (카테고리 4)

INSERT INTO faq (faq_category_id, question, answer, sort_order)
VALUES (
           4,
           '회원 가입은 어떻게 하나요?',
           '홈 화면 우측 상단의 회원 가입 버튼을 눌러 이메일 또는 소셜 계정으로 간편하게 가입하실 수 있습니다.',
           31
       );

INSERT INTO faq (faq_category_id, question, answer, sort_order)
VALUES (
           4,
           '비밀번호를 잊어버렸습니다. 어떻게 재설정할 수 있나요?',
           '로그인 화면의 비밀번호 찾기 기능을 통해 가입 시 등록한 이메일로 비밀번호 재설정 링크를 보내드립니다.',
           32
       );

INSERT INTO faq (faq_category_id, question, answer, sort_order)
VALUES (
           4,
           '회원 탈퇴는 어디서 할 수 있나요?',
           '마이페이지의 계정 관리 메뉴에서 회원 탈퇴를 진행하실 수 있습니다. 탈퇴 시 보유 포인트 및 쿠폰은 모두 소멸됩니다.',
           33
       );

INSERT INTO faq (faq_category_id, question, answer, sort_order)
VALUES (
           4,
           '포인트는 어떻게 적립되나요?',
           '상품 구매 금액의 일정 비율이 포인트로 적립되며, 이벤트 참여나 리뷰 작성 등을 통해 추가 적립이 가능합니다. 적립 비율은 프로모션에 따라 변동될 수 있습니다.',
           34
       );

INSERT INTO faq (faq_category_id, question, answer, sort_order)
VALUES (
           4,
           '포인트는 어떻게 사용할 수 있나요?',
           '결제 화면에서 사용 가능한 포인트를 확인하고, 원하는 만큼 입력하여 상품 결제 금액 일부를 차감하실 수 있습니다. 최소 사용 단위와 조건은 안내를 참고해 주세요.',
           35
       );

INSERT INTO faq (faq_category_id, question, answer, sort_order)
VALUES (
           4,
           '포인트의 유효 기간이 있나요?',
           '기본적으로 포인트는 적립일로부터 일정 기간 동안 유효합니다. 유효 기간이 지난 포인트는 자동으로 소멸되며, 마이페이지에서 소멸 예정 포인트를 확인하실 수 있습니다.',
           36
       );

INSERT INTO faq (faq_category_id, question, answer, sort_order)
VALUES (
           4,
           '여러 계정의 포인트를 합칠 수 있나요?',
           '보안 및 정책상 서로 다른 계정의 포인트를 합산하거나 이전하는 것은 불가능합니다. 하나의 계정을 집중적으로 사용해 주시기를 권장드립니다.',
           37
       );

INSERT INTO faq (faq_category_id, question, answer, sort_order)
VALUES (
           4,
           '아이디(이메일)를 변경하고 싶습니다.',
           '보안을 위해 이메일 변경은 고객센터 확인 후 처리됩니다. 본인 인증 절차가 필요할 수 있습니다.',
           38
       );

INSERT INTO faq (faq_category_id, question, answer, sort_order)
VALUES (
           4,
           '휴면 계정은 어떻게 해제하나요?',
           '장기간 미사용으로 휴면 전환된 계정은 로그인 후 본인 확인 절차를 거치면 자동으로 해제됩니다.',
           39
       );

INSERT INTO faq (faq_category_id, question, answer, sort_order)
VALUES (
           4,
           '알림 수신 설정을 바꾸고 싶어요.',
           '마이페이지의 알림 설정 메뉴에서 이메일, 푸시 알림 등 수신 여부를 자유롭게 변경하실 수 있습니다.',
           40
       );

-- 서비스 이용/기타 (카테고리 5)

INSERT INTO faq (faq_category_id, question, answer, sort_order)
VALUES (
           5,
           '지도에서 굿즈 매장을 검색하는 방법을 알려주세요.',
           '홈 화면 상단의 검색창에서 작품명, 매장명, 지역명을 입력하거나, 지도 화면에서 확대·이동을 통해 근처 굿즈 매장을 확인할 수 있습니다.',
           41
       );

INSERT INTO faq (faq_category_id, question, answer, sort_order)
VALUES (
           5,
           '매장을 즐겨찾기(북마크)하면 어떤 점이 편리한가요?',
           '자주 방문하는 매장을 북마크해 두면, 마이페이지 또는 지도 화면에서 바로 확인할 수 있고, 해당 매장의 새 소식이나 팝업 일정도 빠르게 확인할 수 있습니다.',
           42
       );

INSERT INTO faq (faq_category_id, question, answer, sort_order)
VALUES (
           5,
           '리뷰 작성은 어떻게 할 수 있나요?',
           '로그인 후 매장 또는 상품 상세 페이지에서 리뷰 작성 버튼을 눌러 별점과 함께 후기를 남기실 수 있습니다.',
           43
       );

INSERT INTO faq (faq_category_id, question, answer, sort_order)
VALUES (
           5,
           '작성한 리뷰를 수정하거나 삭제할 수 있나요?',
           '마이페이지의 리뷰 관리 메뉴에서 본인이 작성한 리뷰를 확인하고, 일정 기간 내에는 수정 또는 삭제가 가능합니다.',
           44
       );

INSERT INTO faq (faq_category_id, question, answer, sort_order)
VALUES (
           5,
           '고객센터에 문의를 남기고 싶습니다. 어디서 할 수 있나요?',
           '앱 또는 웹 하단의 고객센터 메뉴를 통해 1:1 문의를 남기실 수 있으며, 운영 시간 내 순차적으로 답변을 드리고 있습니다.',
           45
       );

INSERT INTO faq (faq_category_id, question, answer, sort_order)
VALUES (
           5,
           '이벤트 및 프로모션 소식은 어디에서 확인하나요?',
           '이벤트 페이지와 공지사항, 그리고 메인 배너를 통해 진행 중인 이벤트와 예정된 프로모션 정보를 확인하실 수 있습니다.',
           46
       );

INSERT INTO faq (faq_category_id, question, answer, sort_order)
VALUES (
           5,
           '서비스 이용 중 오류가 발생했을 때 어떻게 해야 하나요?',
           '오류 화면을 캡처한 뒤, 사용 기기와 브라우저 정보와 함께 고객센터에 문의해 주시면 보다 빠른 원인 파악과 해결에 도움이 됩니다.',
           47
       );

INSERT INTO faq (faq_category_id, question, answer, sort_order)
VALUES (
           5,
           '지도에 표시되지 않는 매장을 제보할 수 있나요?',
           '네, 고객센터 또는 제휴 문의를 통해 매장 정보를 보내주시면 검토 후 지도에 반영될 수 있습니다.',
           48
       );

INSERT INTO faq (faq_category_id, question, answer, sort_order)
VALUES (
           5,
           '제휴 및 광고 문의는 어떻게 진행되나요?',
           '하단의 제휴 문의 메뉴를 통해 기본 정보를 남겨 주시면 담당자가 확인 후 메일 또는 전화로 연락을 드립니다.',
           49
       );

INSERT INTO faq (faq_category_id, question, answer, sort_order)
VALUES (
           5,
           '서비스 공지사항은 어디에서 확인할 수 있나요?',
           '홈 화면 또는 설정 메뉴의 공지사항 페이지에서 서비스 업데이트, 점검 일정, 정책 변경 등 중요한 안내를 확인하실 수 있습니다.',
           50
       );

commit ;INSERT INTO inquiry (
    member_id, category, title, content,
    status, answer_content, created_at, answered_at
) VALUES (
             1, 'ACCOUNT', '[테스트 문의 001] 서비스 이용 관련 문의드립니다.',
             '테스트용 더미 문의 001번입니다. 로그인, 주문, 결제, 매장 이용 등 서비스 전반에 대한 문의 내용을 예시로 작성하였습니다.',
             'DONE', '문의 001번에 대한 답변입니다. 확인 후 추가 문의 사항이 있으시면 다시 문의해 주세요.', SYSDATE - 40, SYSDATE - 39
         );

INSERT INTO inquiry (
    member_id, category, title, content,
    status, answer_content, created_at, answered_at
) VALUES (
             2, 'ACCOUNT', '[테스트 문의 002] 서비스 이용 관련 문의드립니다.',
             '테스트용 더미 문의 002번입니다. 로그인, 주문, 결제, 매장 이용 등 서비스 전반에 대한 문의 내용을 예시로 작성하였습니다.',
             'DONE', '문의 002번에 대한 답변입니다. 확인 후 추가 문의 사항이 있으시면 다시 문의해 주세요.', SYSDATE - 39, SYSDATE - 38
         );

INSERT INTO inquiry (
    member_id, category, title, content,
    status, answer_content, created_at, answered_at
) VALUES (
             3, 'ACCOUNT', '[테스트 문의 003] 서비스 이용 관련 문의드립니다.',
             '테스트용 더미 문의 003번입니다. 로그인, 주문, 결제, 매장 이용 등 서비스 전반에 대한 문의 내용을 예시로 작성하였습니다.',
             'DONE', '문의 003번에 대한 답변입니다. 확인 후 추가 문의 사항이 있으시면 다시 문의해 주세요.', SYSDATE - 38, SYSDATE - 37
         );

INSERT INTO inquiry (
    member_id, category, title, content,
    status, answer_content, created_at, answered_at
) VALUES (
             4, 'ACCOUNT', '[테스트 문의 004] 서비스 이용 관련 문의드립니다.',
             '테스트용 더미 문의 004번입니다. 로그인, 주문, 결제, 매장 이용 등 서비스 전반에 대한 문의 내용을 예시로 작성하였습니다.',
             'DONE', '문의 004번에 대한 답변입니다. 확인 후 추가 문의 사항이 있으시면 다시 문의해 주세요.', SYSDATE - 37, SYSDATE - 36
         );

INSERT INTO inquiry (
    member_id, category, title, content,
    status, answer_content, created_at, answered_at
) VALUES (
             5, 'ACCOUNT', '[테스트 문의 005] 서비스 이용 관련 문의드립니다.',
             '테스트용 더미 문의 005번입니다. 로그인, 주문, 결제, 매장 이용 등 서비스 전반에 대한 문의 내용을 예시로 작성하였습니다.',
             'DONE', '문의 005번에 대한 답변입니다. 확인 후 추가 문의 사항이 있으시면 다시 문의해 주세요.', SYSDATE - 36, SYSDATE - 35
         );

INSERT INTO inquiry (
    member_id, category, title, content,
    status, answer_content, created_at, answered_at
) VALUES (
             1, 'ACCOUNT', '[테스트 문의 006] 서비스 이용 관련 문의드립니다.',
             '테스트용 더미 문의 006번입니다. 로그인, 주문, 결제, 매장 이용 등 서비스 전반에 대한 문의 내용을 예시로 작성하였습니다.',
             'DONE', '문의 006번에 대한 답변입니다. 확인 후 추가 문의 사항이 있으시면 다시 문의해 주세요.', SYSDATE - 35, SYSDATE - 34
         );

INSERT INTO inquiry (
    member_id, category, title, content,
    status, answer_content, created_at, answered_at
) VALUES (
             2, 'ACCOUNT', '[테스트 문의 007] 서비스 이용 관련 문의드립니다.',
             '테스트용 더미 문의 007번입니다. 로그인, 주문, 결제, 매장 이용 등 서비스 전반에 대한 문의 내용을 예시로 작성하였습니다.',
             'DONE', '문의 007번에 대한 답변입니다. 확인 후 추가 문의 사항이 있으시면 다시 문의해 주세요.', SYSDATE - 34, SYSDATE - 33
         );

INSERT INTO inquiry (
    member_id, category, title, content,
    status, answer_content, created_at, answered_at
) VALUES (
             3, 'ACCOUNT', '[테스트 문의 008] 서비스 이용 관련 문의드립니다.',
             '테스트용 더미 문의 008번입니다. 로그인, 주문, 결제, 매장 이용 등 서비스 전반에 대한 문의 내용을 예시로 작성하였습니다.',
             'DONE', '문의 008번에 대한 답변입니다. 확인 후 추가 문의 사항이 있으시면 다시 문의해 주세요.', SYSDATE - 33, SYSDATE - 32
         );

INSERT INTO inquiry (
    member_id, category, title, content,
    status, answer_content, created_at, answered_at
) VALUES (
             4, 'ACCOUNT', '[테스트 문의 009] 서비스 이용 관련 문의드립니다.',
             '테스트용 더미 문의 009번입니다. 로그인, 주문, 결제, 매장 이용 등 서비스 전반에 대한 문의 내용을 예시로 작성하였습니다.',
             'DONE', '문의 009번에 대한 답변입니다. 확인 후 추가 문의 사항이 있으시면 다시 문의해 주세요.', SYSDATE - 32, SYSDATE - 31
         );

INSERT INTO inquiry (
    member_id, category, title, content,
    status, answer_content, created_at, answered_at
) VALUES (
             5, 'ACCOUNT', '[테스트 문의 010] 서비스 이용 관련 문의드립니다.',
             '테스트용 더미 문의 010번입니다. 로그인, 주문, 결제, 매장 이용 등 서비스 전반에 대한 문의 내용을 예시로 작성하였습니다.',
             'DONE', '문의 010번에 대한 답변입니다. 확인 후 추가 문의 사항이 있으시면 다시 문의해 주세요.', SYSDATE - 31, SYSDATE - 30
         );

INSERT INTO inquiry (
    member_id, category, title, content,
    status, answer_content, created_at, answered_at
) VALUES (
             1, 'ORDER', '[테스트 문의 011] 서비스 이용 관련 문의드립니다.',
             '테스트용 더미 문의 011번입니다. 로그인, 주문, 결제, 매장 이용 등 서비스 전반에 대한 문의 내용을 예시로 작성하였습니다.',
             'DONE', '문의 011번에 대한 답변입니다. 확인 후 추가 문의 사항이 있으시면 다시 문의해 주세요.', SYSDATE - 30, SYSDATE - 29
         );

INSERT INTO inquiry (
    member_id, category, title, content,
    status, answer_content, created_at, answered_at
) VALUES (
             2, 'ORDER', '[테스트 문의 012] 서비스 이용 관련 문의드립니다.',
             '테스트용 더미 문의 012번입니다. 로그인, 주문, 결제, 매장 이용 등 서비스 전반에 대한 문의 내용을 예시로 작성하였습니다.',
             'DONE', '문의 012번에 대한 답변입니다. 확인 후 추가 문의 사항이 있으시면 다시 문의해 주세요.', SYSDATE - 29, SYSDATE - 28
         );

INSERT INTO inquiry (
    member_id, category, title, content,
    status, answer_content, created_at, answered_at
) VALUES (
             3, 'ORDER', '[테스트 문의 013] 서비스 이용 관련 문의드립니다.',
             '테스트용 더미 문의 013번입니다. 로그인, 주문, 결제, 매장 이용 등 서비스 전반에 대한 문의 내용을 예시로 작성하였습니다.',
             'DONE', '문의 013번에 대한 답변입니다. 확인 후 추가 문의 사항이 있으시면 다시 문의해 주세요.', SYSDATE - 28, SYSDATE - 27
         );

INSERT INTO inquiry (
    member_id, category, title, content,
    status, answer_content, created_at, answered_at
) VALUES (
             4, 'ORDER', '[테스트 문의 014] 서비스 이용 관련 문의드립니다.',
             '테스트용 더미 문의 014번입니다. 로그인, 주문, 결제, 매장 이용 등 서비스 전반에 대한 문의 내용을 예시로 작성하였습니다.',
             'DONE', '문의 014번에 대한 답변입니다. 확인 후 추가 문의 사항이 있으시면 다시 문의해 주세요.', SYSDATE - 27, SYSDATE - 26
         );

INSERT INTO inquiry (
    member_id, category, title, content,
    status, answer_content, created_at, answered_at
) VALUES (
             5, 'ORDER', '[테스트 문의 015] 서비스 이용 관련 문의드립니다.',
             '테스트용 더미 문의 015번입니다. 로그인, 주문, 결제, 매장 이용 등 서비스 전반에 대한 문의 내용을 예시로 작성하였습니다.',
             'DONE', '문의 015번에 대한 답변입니다. 확인 후 추가 문의 사항이 있으시면 다시 문의해 주세요.', SYSDATE - 26, SYSDATE - 25
         );

INSERT INTO inquiry (
    member_id, category, title, content,
    status, answer_content, created_at, answered_at
) VALUES (
             1, 'ORDER', '[테스트 문의 016] 서비스 이용 관련 문의드립니다.',
             '테스트용 더미 문의 016번입니다. 로그인, 주문, 결제, 매장 이용 등 서비스 전반에 대한 문의 내용을 예시로 작성하였습니다.',
             'DONE', '문의 016번에 대한 답변입니다. 확인 후 추가 문의 사항이 있으시면 다시 문의해 주세요.', SYSDATE - 25, SYSDATE - 24
         );

INSERT INTO inquiry (
    member_id, category, title, content,
    status, answer_content, created_at, answered_at
) VALUES (
             2, 'ORDER', '[테스트 문의 017] 서비스 이용 관련 문의드립니다.',
             '테스트용 더미 문의 017번입니다. 로그인, 주문, 결제, 매장 이용 등 서비스 전반에 대한 문의 내용을 예시로 작성하였습니다.',
             'DONE', '문의 017번에 대한 답변입니다. 확인 후 추가 문의 사항이 있으시면 다시 문의해 주세요.', SYSDATE - 24, SYSDATE - 23
         );

INSERT INTO inquiry (
    member_id, category, title, content,
    status, answer_content, created_at, answered_at
) VALUES (
             3, 'ORDER', '[테스트 문의 018] 서비스 이용 관련 문의드립니다.',
             '테스트용 더미 문의 018번입니다. 로그인, 주문, 결제, 매장 이용 등 서비스 전반에 대한 문의 내용을 예시로 작성하였습니다.',
             'DONE', '문의 018번에 대한 답변입니다. 확인 후 추가 문의 사항이 있으시면 다시 문의해 주세요.', SYSDATE - 23, SYSDATE - 22
         );

INSERT INTO inquiry (
    member_id, category, title, content,
    status, answer_content, created_at, answered_at
) VALUES (
             4, 'ORDER', '[테스트 문의 019] 서비스 이용 관련 문의드립니다.',
             '테스트용 더미 문의 019번입니다. 로그인, 주문, 결제, 매장 이용 등 서비스 전반에 대한 문의 내용을 예시로 작성하였습니다.',
             'DONE', '문의 019번에 대한 답변입니다. 확인 후 추가 문의 사항이 있으시면 다시 문의해 주세요.', SYSDATE - 22, SYSDATE - 21
         );

INSERT INTO inquiry (
    member_id, category, title, content,
    status, answer_content, created_at, answered_at
) VALUES (
             5, 'ORDER', '[테스트 문의 020] 서비스 이용 관련 문의드립니다.',
             '테스트용 더미 문의 020번입니다. 로그인, 주문, 결제, 매장 이용 등 서비스 전반에 대한 문의 내용을 예시로 작성하였습니다.',
             'DONE', '문의 020번에 대한 답변입니다. 확인 후 추가 문의 사항이 있으시면 다시 문의해 주세요.', SYSDATE - 21, SYSDATE - 20
         );

INSERT INTO inquiry (
    member_id, category, title, content,
    status, answer_content, created_at, answered_at
) VALUES (
             1, 'PAYMENT', '[테스트 문의 021] 서비스 이용 관련 문의드립니다.',
             '테스트용 더미 문의 021번입니다. 로그인, 주문, 결제, 매장 이용 등 서비스 전반에 대한 문의 내용을 예시로 작성하였습니다.',
             'DONE', '문의 021번에 대한 답변입니다. 확인 후 추가 문의 사항이 있으시면 다시 문의해 주세요.', SYSDATE - 20, SYSDATE - 19
         );

INSERT INTO inquiry (
    member_id, category, title, content,
    status, answer_content, created_at, answered_at
) VALUES (
             2, 'PAYMENT', '[테스트 문의 022] 서비스 이용 관련 문의드립니다.',
             '테스트용 더미 문의 022번입니다. 로그인, 주문, 결제, 매장 이용 등 서비스 전반에 대한 문의 내용을 예시로 작성하였습니다.',
             'DONE', '문의 022번에 대한 답변입니다. 확인 후 추가 문의 사항이 있으시면 다시 문의해 주세요.', SYSDATE - 19, SYSDATE - 18
         );

INSERT INTO inquiry (
    member_id, category, title, content,
    status, answer_content, created_at, answered_at
) VALUES (
             3, 'PAYMENT', '[테스트 문의 023] 서비스 이용 관련 문의드립니다.',
             '테스트용 더미 문의 023번입니다. 로그인, 주문, 결제, 매장 이용 등 서비스 전반에 대한 문의 내용을 예시로 작성하였습니다.',
             'DONE', '문의 023번에 대한 답변입니다. 확인 후 추가 문의 사항이 있으시면 다시 문의해 주세요.', SYSDATE - 18, SYSDATE - 17
         );

INSERT INTO inquiry (
    member_id, category, title, content,
    status, answer_content, created_at, answered_at
) VALUES (
             4, 'PAYMENT', '[테스트 문의 024] 서비스 이용 관련 문의드립니다.',
             '테스트용 더미 문의 024번입니다. 로그인, 주문, 결제, 매장 이용 등 서비스 전반에 대한 문의 내용을 예시로 작성하였습니다.',
             'DONE', '문의 024번에 대한 답변입니다. 확인 후 추가 문의 사항이 있으시면 다시 문의해 주세요.', SYSDATE - 17, SYSDATE - 16
         );

INSERT INTO inquiry (
    member_id, category, title, content,
    status, answer_content, created_at, answered_at
) VALUES (
             5, 'PAYMENT', '[테스트 문의 025] 서비스 이용 관련 문의드립니다.',
             '테스트용 더미 문의 025번입니다. 로그인, 주문, 결제, 매장 이용 등 서비스 전반에 대한 문의 내용을 예시로 작성하였습니다.',
             'DONE', '문의 025번에 대한 답변입니다. 확인 후 추가 문의 사항이 있으시면 다시 문의해 주세요.', SYSDATE - 16, SYSDATE - 15
         );

-- 여기까지 1~25번: 답변 완료(DONE)

-- 26~50번: 답변 대기(WAIT), answer_content/answered_at NULL

INSERT INTO inquiry (
    member_id, category, title, content,
    status, answer_content, created_at, answered_at
) VALUES (
             1, 'PAYMENT', '[테스트 문의 026] 서비스 이용 관련 문의드립니다.',
             '테스트용 더미 문의 026번입니다. 로그인, 주문, 결제, 매장 이용 등 서비스 전반에 대한 문의 내용을 예시로 작성하였습니다.',
             'WAIT', NULL, SYSDATE - 5, NULL
         );

INSERT INTO inquiry (
    member_id, category, title, content,
    status, answer_content, created_at, answered_at
) VALUES (
             2, 'PAYMENT', '[테스트 문의 027] 서비스 이용 관련 문의드립니다.',
             '테스트용 더미 문의 027번입니다. 로그인, 주문, 결제, 매장 이용 등 서비스 전반에 대한 문의 내용을 예시로 작성하였습니다.',
             'WAIT', NULL, SYSDATE - 5, NULL
         );

INSERT INTO inquiry (
    member_id, category, title, content,
    status, answer_content, created_at, answered_at
) VALUES (
             3, 'PAYMENT', '[테스트 문의 028] 서비스 이용 관련 문의드립니다.',
             '테스트용 더미 문의 028번입니다. 로그인, 주문, 결제, 매장 이용 등 서비스 전반에 대한 문의 내용을 예시로 작성하였습니다.',
             'WAIT', NULL, SYSDATE - 5, NULL
         );

INSERT INTO inquiry (
    member_id, category, title, content,
    status, answer_content, created_at, answered_at
) VALUES (
             4, 'PAYMENT', '[테스트 문의 029] 서비스 이용 관련 문의드립니다.',
             '테스트용 더미 문의 029번입니다. 로그인, 주문, 결제, 매장 이용 등 서비스 전반에 대한 문의 내용을 예시로 작성하였습니다.',
             'WAIT', NULL, SYSDATE - 5, NULL
         );

INSERT INTO inquiry (
    member_id, category, title, content,
    status, answer_content, created_at, answered_at
) VALUES (
             5, 'PAYMENT', '[테스트 문의 030] 서비스 이용 관련 문의드립니다.',
             '테스트용 더미 문의 030번입니다. 로그인, 주문, 결제, 매장 이용 등 서비스 전반에 대한 문의 내용을 예시로 작성하였습니다.',
             'WAIT', NULL, SYSDATE - 5, NULL
         );

INSERT INTO inquiry (
    member_id, category, title, content,
    status, answer_content, created_at, answered_at
) VALUES (
             1, 'STORE', '[테스트 문의 031] 서비스 이용 관련 문의드립니다.',
             '테스트용 더미 문의 031번입니다. 로그인, 주문, 결제, 매장 이용 등 서비스 전반에 대한 문의 내용을 예시로 작성하였습니다.',
             'WAIT', NULL, SYSDATE - 5, NULL
         );

INSERT INTO inquiry (
    member_id, category, title, content,
    status, answer_content, created_at, answered_at
) VALUES (
             2, 'STORE', '[테스트 문의 032] 서비스 이용 관련 문의드립니다.',
             '테스트용 더미 문의 032번입니다. 로그인, 주문, 결제, 매장 이용 등 서비스 전반에 대한 문의 내용을 예시로 작성하였습니다.',
             'WAIT', NULL, SYSDATE - 5, NULL
         );

INSERT INTO inquiry (
    member_id, category, title, content,
    status, answer_content, created_at, answered_at
) VALUES (
             3, 'STORE', '[테스트 문의 033] 서비스 이용 관련 문의드립니다.',
             '테스트용 더미 문의 033번입니다. 로그인, 주문, 결제, 매장 이용 등 서비스 전반에 대한 문의 내용을 예시로 작성하였습니다.',
             'WAIT', NULL, SYSDATE - 5, NULL
         );

INSERT INTO inquiry (
    member_id, category, title, content,
    status, answer_content, created_at, answered_at
) VALUES (
             4, 'STORE', '[테스트 문의 034] 서비스 이용 관련 문의드립니다.',
             '테스트용 더미 문의 034번입니다. 로그인, 주문, 결제, 매장 이용 등 서비스 전반에 대한 문의 내용을 예시로 작성하였습니다.',
             'WAIT', NULL, SYSDATE - 5, NULL
         );

INSERT INTO inquiry (
    member_id, category, title, content,
    status, answer_content, created_at, answered_at
) VALUES (
             5, 'STORE', '[테스트 문의 035] 서비스 이용 관련 문의드립니다.',
             '테스트용 더미 문의 035번입니다. 로그인, 주문, 결제, 매장 이용 등 서비스 전반에 대한 문의 내용을 예시로 작성하였습니다.',
             'WAIT', NULL, SYSDATE - 5, NULL
         );

INSERT INTO inquiry (
    member_id, category, title, content,
    status, answer_content, created_at, answered_at
) VALUES (
             1, 'STORE', '[테스트 문의 036] 서비스 이용 관련 문의드립니다.',
             '테스트용 더미 문의 036번입니다. 로그인, 주문, 결제, 매장 이용 등 서비스 전반에 대한 문의 내용을 예시로 작성하였습니다.',
             'WAIT', NULL, SYSDATE - 5, NULL
         );

INSERT INTO inquiry (
    member_id, category, title, content,
    status, answer_content, created_at, answered_at
) VALUES (
             2, 'STORE', '[테스트 문의 037] 서비스 이용 관련 문의드립니다.',
             '테스트용 더미 문의 037번입니다. 로그인, 주문, 결제, 매장 이용 등 서비스 전반에 대한 문의 내용을 예시로 작성하였습니다.',
             'WAIT', NULL, SYSDATE - 5, NULL
         );

INSERT INTO inquiry (
    member_id, category, title, content,
    status, answer_content, created_at, answered_at
) VALUES (
             3, 'STORE', '[테스트 문의 038] 서비스 이용 관련 문의드립니다.',
             '테스트용 더미 문의 038번입니다. 로그인, 주문, 결제, 매장 이용 등 서비스 전반에 대한 문의 내용을 예시로 작성하였습니다.',
             'WAIT', NULL, SYSDATE - 5, NULL
         );

INSERT INTO inquiry (
    member_id, category, title, content,
    status, answer_content, created_at, answered_at
) VALUES (
             4, 'STORE', '[테스트 문의 039] 서비스 이용 관련 문의드립니다.',
             '테스트용 더미 문의 039번입니다. 로그인, 주문, 결제, 매장 이용 등 서비스 전반에 대한 문의 내용을 예시로 작성하였습니다.',
             'WAIT', NULL, SYSDATE - 5, NULL
         );

INSERT INTO inquiry (
    member_id, category, title, content,
    status, answer_content, created_at, answered_at
) VALUES (
             5, 'STORE', '[테스트 문의 040] 서비스 이용 관련 문의드립니다.',
             '테스트용 더미 문의 040번입니다. 로그인, 주문, 결제, 매장 이용 등 서비스 전반에 대한 문의 내용을 예시로 작성하였습니다.',
             'WAIT', NULL, SYSDATE - 5, NULL
         );

INSERT INTO inquiry (
    member_id, category, title, content,
    status, answer_content, created_at, answered_at
) VALUES (
             1, 'ETC', '[테스트 문의 041] 서비스 이용 관련 문의드립니다.',
             '테스트용 더미 문의 041번입니다. 로그인, 주문, 결제, 매장 이용 등 서비스 전반에 대한 문의 내용을 예시로 작성하였습니다.',
             'WAIT', NULL, SYSDATE - 5, NULL
         );

INSERT INTO inquiry (
    member_id, category, title, content,
    status, answer_content, created_at, answered_at
) VALUES (
             2, 'ETC', '[테스트 문의 042] 서비스 이용 관련 문의드립니다.',
             '테스트용 더미 문의 042번입니다. 로그인, 주문, 결제, 매장 이용 등 서비스 전반에 대한 문의 내용을 예시로 작성하였습니다.',
             'WAIT', NULL, SYSDATE - 5, NULL
         );

INSERT INTO inquiry (
    member_id, category, title, content,
    status, answer_content, created_at, answered_at
) VALUES (
             3, 'ETC', '[테스트 문의 043] 서비스 이용 관련 문의드립니다.',
             '테스트용 더미 문의 043번입니다. 로그인, 주문, 결제, 매장 이용 등 서비스 전반에 대한 문의 내용을 예시로 작성하였습니다.',
             'WAIT', NULL, SYSDATE - 5, NULL
         );

INSERT INTO inquiry (
    member_id, category, title, content,
    status, answer_content, created_at, answered_at
) VALUES (
             4, 'ETC', '[테스트 문의 044] 서비스 이용 관련 문의드립니다.',
             '테스트용 더미 문의 044번입니다. 로그인, 주문, 결제, 매장 이용 등 서비스 전반에 대한 문의 내용을 예시로 작성하였습니다.',
             'WAIT', NULL, SYSDATE - 5, NULL
         );

INSERT INTO inquiry (
    member_id, category, title, content,
    status, answer_content, created_at, answered_at
) VALUES (
             5, 'ETC', '[테스트 문의 045] 서비스 이용 관련 문의드립니다.',
             '테스트용 더미 문의 045번입니다. 로그인, 주문, 결제, 매장 이용 등 서비스 전반에 대한 문의 내용을 예시로 작성하였습니다.',
             'WAIT', NULL, SYSDATE - 5, NULL
         );

INSERT INTO inquiry (
    member_id, category, title, content,
    status, answer_content, created_at, answered_at
) VALUES (
             1, 'ETC', '[테스트 문의 046] 서비스 이용 관련 문의드립니다.',
             '테스트용 더미 문의 046번입니다. 로그인, 주문, 결제, 매장 이용 등 서비스 전반에 대한 문의 내용을 예시로 작성하였습니다.',
             'WAIT', NULL, SYSDATE - 5, NULL
         );

INSERT INTO inquiry (
    member_id, category, title, content,
    status, answer_content, created_at, answered_at
) VALUES (
             2, 'ETC', '[테스트 문의 047] 서비스 이용 관련 문의드립니다.',
             '테스트용 더미 문의 047번입니다. 로그인, 주문, 결제, 매장 이용 등 서비스 전반에 대한 문의 내용을 예시로 작성하였습니다.',
             'WAIT', NULL, SYSDATE - 5, NULL
         );

INSERT INTO inquiry (
    member_id, category, title, content,
    status, answer_content, created_at, answered_at
) VALUES (
             3, 'ETC', '[테스트 문의 048] 서비스 이용 관련 문의드립니다.',
             '테스트용 더미 문의 048번입니다. 로그인, 주문, 결제, 매장 이용 등 서비스 전반에 대한 문의 내용을 예시로 작성하였습니다.',
             'WAIT', NULL, SYSDATE - 5, NULL
         );

INSERT INTO inquiry (
    member_id, category, title, content,
    status, answer_content, created_at, answered_at
) VALUES (
             4, 'ETC', '[테스트 문의 049] 서비스 이용 관련 문의드립니다.',
             '테스트용 더미 문의 049번입니다. 로그인, 주문, 결제, 매장 이용 등 서비스 전반에 대한 문의 내용을 예시로 작성하였습니다.',
             'WAIT', NULL, SYSDATE - 5, NULL
         );

INSERT INTO inquiry (
    member_id, category, title, content,
    status, answer_content, created_at, answered_at
) VALUES (
             5, 'ETC', '[테스트 문의 050] 서비스 이용 관련 문의드립니다.',
             '테스트용 더미 문의 050번입니다. 로그인, 주문, 결제, 매장 이용 등 서비스 전반에 대한 문의 내용을 예시로 작성하였습니다.',
             'WAIT', NULL, SYSDATE - 5, NULL
         );

commit ;
INSERT INTO main_banner (
    banner_id, title, image_url,
    link_type, link_target_id, link_url,
    start_date, end_date,
    sort_order, active_yn
) VALUES (
             1,
             '굿즈로드 오픈 기념 메인 이벤트',
             'https://example.com/banner/main_open_event.jpg',
             'EVENT',
             1001,
             '/event/1001',
             SYSDATE - 7,
             SYSDATE + 7,
             1,
             'Y'
         );

INSERT INTO main_banner (
    banner_id, title, image_url,
    link_type, link_target_id, link_url,
    start_date, end_date,
    sort_order, active_yn
) VALUES (
             2,
             '홍대 한정 팝업스토어 안내',
             'https://example.com/banner/popup_hongdae.jpg',
             'POPUP',
             1,
             '/popup/1',
             SYSDATE - 3,
             SYSDATE + 10,
             2,
             'Y'
         );

INSERT INTO main_banner (
    banner_id, title, image_url,
    link_type, link_target_id, link_url,
    start_date, end_date,
    sort_order, active_yn
) VALUES (
             3,
             '주말 한정 럭키박스 타임세일',
             'https://example.com/banner/weekend_luckybox.jpg',
             'EVENT',
             1002,
             '/event/1002',
             SYSDATE - 1,
             SYSDATE + 2,
             3,
             'Y'
         );

INSERT INTO main_banner (
    banner_id, title, image_url,
    link_type, link_target_id, link_url,
    start_date, end_date,
    sort_order, active_yn
) VALUES (
             4,
             '굿즈 교환 · 나눔 가이드 확인하기',
             'https://example.com/banner/trade_guide.jpg',
             'URL',
             NULL,
             '/guide/trade',
             SYSDATE - 30,
             SYSDATE + 365,
             4,
             'Y'
         );

INSERT INTO main_banner (
    banner_id, title, image_url,
    link_type, link_target_id, link_url,
    start_date, end_date,
    sort_order, active_yn
) VALUES (
             5,
             '신규 회원 가입 시 웰컴 쿠폰 지급',
             'https://example.com/banner/welcome_coupon.jpg',
             'EVENT',
             1003,
             '/event/1003',
             SYSDATE - 10,
             SYSDATE + 20,
             5,
             'Y'
         );

INSERT INTO main_banner (
    banner_id, title, image_url,
    link_type, link_target_id, link_url,
    start_date, end_date,
    sort_order, active_yn
) VALUES (
             6,
             '포인트 2배 적립 프로모션',
             'https://example.com/banner/point_x2.jpg',
             'EVENT',
             1004,
             '/event/1004',
             SYSDATE - 5,
             SYSDATE + 5,
             6,
             'Y'
         );

INSERT INTO main_banner (
    banner_id, title, image_url,
    link_type, link_target_id, link_url,
    start_date, end_date,
    sort_order, active_yn
) VALUES (
             7,
             '굿즈로드 앱 다운로드 안내',
             'https://example.com/banner/app_download.jpg',
             'URL',
             NULL,
             'https://example.com/app',
             SYSDATE - 60,
             SYSDATE + 365,
             7,
             'Y'
         );

INSERT INTO main_banner (
    banner_id, title, image_url,
    link_type, link_target_id, link_url,
    start_date, end_date,
    sort_order, active_yn
) VALUES (
             8,
             '지난 시즌 한정 굿즈 아카이브',
             'https://example.com/banner/archive_season1.jpg',
             'URL',
             NULL,
             '/archive/season1',
             SYSDATE - 90,
             SYSDATE - 1,
             8,
             'N'
         );

INSERT INTO main_banner (
    banner_id, title, image_url,
    link_type, link_target_id, link_url,
    start_date, end_date,
    sort_order, active_yn
) VALUES (
             9,
             '다음 주 오픈 예정 신규 팝업 선공개',
             'https://example.com/banner/upcoming_popup.jpg',
             'POPUP',
             2,
             '/popup/2',
             SYSDATE + 3,
             SYSDATE + 20,
             9,
             'Y'
         );

INSERT INTO main_banner (
    banner_id, title, image_url,
    link_type, link_target_id, link_url,
    start_date, end_date,
    sort_order, active_yn
) VALUES (
             10,
             '자주 묻는 질문(FAQ) 바로가기',
             'https://example.com/banner/faq_shortcut.jpg',
             'URL',
             NULL,
             '/faq',
             SYSDATE - 15,
             SYSDATE + 365,
             10,
             'Y'
         );
INSERT INTO member_notification_setting (
    member_id, comment_yn, like_yn, trade_yn, event_yn, created_at, updated_at
) VALUES (1,  'Y', 'Y', 'Y', 'Y', SYSDATE - 10, SYSDATE - 1);

INSERT INTO member_notification_setting (
    member_id, comment_yn, like_yn, trade_yn, event_yn, created_at, updated_at
) VALUES (2,  'Y', 'Y', 'Y', 'Y', SYSDATE - 10, SYSDATE - 1);

INSERT INTO member_notification_setting (
    member_id, comment_yn, like_yn, trade_yn, event_yn, created_at, updated_at
) VALUES (3,  'Y', 'Y', 'Y', 'Y', SYSDATE - 10, SYSDATE - 1);

INSERT INTO member_notification_setting (
    member_id, comment_yn, like_yn, trade_yn, event_yn, created_at, updated_at
) VALUES (4,  'Y', 'Y', 'Y', 'Y', SYSDATE - 10, SYSDATE - 1);

INSERT INTO member_notification_setting (
    member_id, comment_yn, like_yn, trade_yn, event_yn, created_at, updated_at
) VALUES (5,  'Y', 'Y', 'Y', 'Y', SYSDATE - 10, SYSDATE - 1);

INSERT INTO member_notification_setting (
    member_id, comment_yn, like_yn, trade_yn, event_yn, created_at, updated_at
) VALUES (6,  'Y', 'Y', 'Y', 'Y', SYSDATE - 10, SYSDATE - 1);

INSERT INTO member_notification_setting (
    member_id, comment_yn, like_yn, trade_yn, event_yn, created_at, updated_at
) VALUES (7,  'Y', 'Y', 'Y', 'Y', SYSDATE - 10, SYSDATE - 1);

INSERT INTO member_notification_setting (
    member_id, comment_yn, like_yn, trade_yn, event_yn, created_at, updated_at
) VALUES (8,  'Y', 'Y', 'Y', 'Y', SYSDATE - 10, SYSDATE - 1);

INSERT INTO member_notification_setting (
    member_id, comment_yn, like_yn, trade_yn, event_yn, created_at, updated_at
) VALUES (9,  'Y', 'Y', 'Y', 'Y', SYSDATE - 10, SYSDATE - 1);

INSERT INTO member_notification_setting (
    member_id, comment_yn, like_yn, trade_yn, event_yn, created_at, updated_at
) VALUES (10, 'Y', 'Y', 'Y', 'Y', SYSDATE - 10, SYSDATE - 1);

-- 11 ~ 20
INSERT INTO member_notification_setting (
    member_id, comment_yn, like_yn, trade_yn, event_yn, created_at, updated_at
) VALUES (11, 'Y', 'Y', 'Y', 'Y', SYSDATE - 9, SYSDATE - 1);

INSERT INTO member_notification_setting (
    member_id, comment_yn, like_yn, trade_yn, event_yn, created_at, updated_at
) VALUES (12, 'Y', 'Y', 'Y', 'Y', SYSDATE - 9, SYSDATE - 1);

INSERT INTO member_notification_setting (
    member_id, comment_yn, like_yn, trade_yn, event_yn, created_at, updated_at
) VALUES (13, 'Y', 'Y', 'Y', 'Y', SYSDATE - 9, SYSDATE - 1);

INSERT INTO member_notification_setting (
    member_id, comment_yn, like_yn, trade_yn, event_yn, created_at, updated_at
) VALUES (14, 'Y', 'Y', 'Y', 'Y', SYSDATE - 9, SYSDATE - 1);

INSERT INTO member_notification_setting (
    member_id, comment_yn, like_yn, trade_yn, event_yn, created_at, updated_at
) VALUES (15, 'Y', 'Y', 'Y', 'Y', SYSDATE - 9, SYSDATE - 1);

INSERT INTO member_notification_setting (
    member_id, comment_yn, like_yn, trade_yn, event_yn, created_at, updated_at
) VALUES (16, 'Y', 'Y', 'Y', 'Y', SYSDATE - 9, SYSDATE - 1);

INSERT INTO member_notification_setting (
    member_id, comment_yn, like_yn, trade_yn, event_yn, created_at, updated_at
) VALUES (17, 'Y', 'Y', 'Y', 'Y', SYSDATE - 9, SYSDATE - 1);

INSERT INTO member_notification_setting (
    member_id, comment_yn, like_yn, trade_yn, event_yn, created_at, updated_at
) VALUES (18, 'Y', 'Y', 'Y', 'Y', SYSDATE - 9, SYSDATE - 1);

INSERT INTO member_notification_setting (
    member_id, comment_yn, like_yn, trade_yn, event_yn, created_at, updated_at
) VALUES (19, 'Y', 'Y', 'Y', 'Y', SYSDATE - 9, SYSDATE - 1);

INSERT INTO member_notification_setting (
    member_id, comment_yn, like_yn, trade_yn, event_yn, created_at, updated_at
) VALUES (20, 'Y', 'Y', 'Y', 'Y', SYSDATE - 9, SYSDATE - 1);

-- 21 ~ 30
INSERT INTO member_notification_setting (
    member_id, comment_yn, like_yn, trade_yn, event_yn, created_at, updated_at
) VALUES (21, 'Y', 'Y', 'Y', 'Y', SYSDATE - 8, SYSDATE - 1);

INSERT INTO member_notification_setting (
    member_id, comment_yn, like_yn, trade_yn, event_yn, created_at, updated_at
) VALUES (22, 'Y', 'Y', 'Y', 'Y', SYSDATE - 8, SYSDATE - 1);

INSERT INTO member_notification_setting (
    member_id, comment_yn, like_yn, trade_yn, event_yn, created_at, updated_at
) VALUES (23, 'Y', 'Y', 'Y', 'Y', SYSDATE - 8, SYSDATE - 1);

INSERT INTO member_notification_setting (
    member_id, comment_yn, like_yn, trade_yn, event_yn, created_at, updated_at
) VALUES (24, 'Y', 'Y', 'Y', 'Y', SYSDATE - 8, SYSDATE - 1);

INSERT INTO member_notification_setting (
    member_id, comment_yn, like_yn, trade_yn, event_yn, created_at, updated_at
) VALUES (25, 'Y', 'Y', 'Y', 'Y', SYSDATE - 8, SYSDATE - 1);

INSERT INTO member_notification_setting (
    member_id, comment_yn, like_yn, trade_yn, event_yn, created_at, updated_at
) VALUES (26, 'Y', 'Y', 'Y', 'Y', SYSDATE - 8, SYSDATE - 1);

INSERT INTO member_notification_setting (
    member_id, comment_yn, like_yn, trade_yn, event_yn, created_at, updated_at
) VALUES (27, 'Y', 'Y', 'Y', 'Y', SYSDATE - 8, SYSDATE - 1);

INSERT INTO member_notification_setting (
    member_id, comment_yn, like_yn, trade_yn, event_yn, created_at, updated_at
) VALUES (28, 'Y', 'Y', 'Y', 'Y', SYSDATE - 8, SYSDATE - 1);

INSERT INTO member_notification_setting (
    member_id, comment_yn, like_yn, trade_yn, event_yn, created_at, updated_at
) VALUES (29, 'Y', 'Y', 'Y', 'Y', SYSDATE - 8, SYSDATE - 1);

INSERT INTO member_notification_setting (
    member_id, comment_yn, like_yn, trade_yn, event_yn, created_at, updated_at
) VALUES (30, 'Y', 'Y', 'Y', 'Y', SYSDATE - 8, SYSDATE - 1);

-- 31 ~ 40
INSERT INTO member_notification_setting (
    member_id, comment_yn, like_yn, trade_yn, event_yn, created_at, updated_at
) VALUES (31, 'Y', 'Y', 'Y', 'Y', SYSDATE - 7, SYSDATE - 1);

INSERT INTO member_notification_setting (
    member_id, comment_yn, like_yn, trade_yn, event_yn, created_at, updated_at
) VALUES (32, 'Y', 'Y', 'Y', 'Y', SYSDATE - 7, SYSDATE - 1);

INSERT INTO member_notification_setting (
    member_id, comment_yn, like_yn, trade_yn, event_yn, created_at, updated_at
) VALUES (33, 'Y', 'Y', 'Y', 'Y', SYSDATE - 7, SYSDATE - 1);

INSERT INTO member_notification_setting (
    member_id, comment_yn, like_yn, trade_yn, event_yn, created_at, updated_at
) VALUES (34, 'Y', 'Y', 'Y', 'Y', SYSDATE - 7, SYSDATE - 1);

INSERT INTO member_notification_setting (
    member_id, comment_yn, like_yn, trade_yn, event_yn, created_at, updated_at
) VALUES (35, 'Y', 'Y', 'Y', 'Y', SYSDATE - 7, SYSDATE - 1);

INSERT INTO member_notification_setting (
    member_id, comment_yn, like_yn, trade_yn, event_yn, created_at, updated_at
) VALUES (36, 'Y', 'Y', 'Y', 'Y', SYSDATE - 7, SYSDATE - 1);

INSERT INTO member_notification_setting (
    member_id, comment_yn, like_yn, trade_yn, event_yn, created_at, updated_at
) VALUES (37, 'Y', 'Y', 'Y', 'Y', SYSDATE - 7, SYSDATE - 1);

INSERT INTO member_notification_setting (
    member_id, comment_yn, like_yn, trade_yn, event_yn, created_at, updated_at
) VALUES (38, 'Y', 'Y', 'Y', 'Y', SYSDATE - 7, SYSDATE - 1);

INSERT INTO member_notification_setting (
    member_id, comment_yn, like_yn, trade_yn, event_yn, created_at, updated_at
) VALUES (39, 'Y', 'Y', 'Y', 'Y', SYSDATE - 7, SYSDATE - 1);

INSERT INTO member_notification_setting (
    member_id, comment_yn, like_yn, trade_yn, event_yn, created_at, updated_at
) VALUES (40, 'Y', 'Y', 'Y', 'Y', SYSDATE - 7, SYSDATE - 1);

-- 41 ~ 50
INSERT INTO member_notification_setting (
    member_id, comment_yn, like_yn, trade_yn, event_yn, created_at, updated_at
) VALUES (41, 'Y', 'Y', 'Y', 'Y', SYSDATE - 6, SYSDATE - 1);

INSERT INTO member_notification_setting (
    member_id, comment_yn, like_yn, trade_yn, event_yn, created_at, updated_at
) VALUES (42, 'Y', 'Y', 'Y', 'Y', SYSDATE - 6, SYSDATE - 1);

INSERT INTO member_notification_setting (
    member_id, comment_yn, like_yn, trade_yn, event_yn, created_at, updated_at
) VALUES (43, 'Y', 'Y', 'Y', 'Y', SYSDATE - 6, SYSDATE - 1);

INSERT INTO member_notification_setting (
    member_id, comment_yn, like_yn, trade_yn, event_yn, created_at, updated_at
) VALUES (44, 'Y', 'Y', 'Y', 'Y', SYSDATE - 6, SYSDATE - 1);

INSERT INTO member_notification_setting (
    member_id, comment_yn, like_yn, trade_yn, event_yn, created_at, updated_at
) VALUES (45, 'Y', 'Y', 'Y', 'Y', SYSDATE - 6, SYSDATE - 1);

INSERT INTO member_notification_setting (
    member_id, comment_yn, like_yn, trade_yn, event_yn, created_at, updated_at
) VALUES (46, 'Y', 'Y', 'Y', 'Y', SYSDATE - 6, SYSDATE - 1);

INSERT INTO member_notification_setting (
    member_id, comment_yn, like_yn, trade_yn, event_yn, created_at, updated_at
) VALUES (47, 'Y', 'Y', 'Y', 'Y', SYSDATE - 6, SYSDATE - 1);

INSERT INTO member_notification_setting (
    member_id, comment_yn, like_yn, trade_yn, event_yn, created_at, updated_at
) VALUES (48, 'Y', 'Y', 'Y', 'Y', SYSDATE - 6, SYSDATE - 1);

INSERT INTO member_notification_setting (
    member_id, comment_yn, like_yn, trade_yn, event_yn, created_at, updated_at
) VALUES (49, 'Y', 'Y', 'Y', 'Y', SYSDATE - 6, SYSDATE - 1);

INSERT INTO member_notification_setting (
    member_id, comment_yn, like_yn, trade_yn, event_yn, created_at, updated_at
) VALUES (50, 'Y', 'Y', 'Y', 'Y', SYSDATE - 6, SYSDATE - 1);

-- 51 ~ 60
INSERT INTO member_notification_setting (
    member_id, comment_yn, like_yn, trade_yn, event_yn, created_at, updated_at
) VALUES (51, 'Y', 'Y', 'Y', 'Y', SYSDATE - 5, SYSDATE - 1);

INSERT INTO member_notification_setting (
    member_id, comment_yn, like_yn, trade_yn, event_yn, created_at, updated_at
) VALUES (52, 'Y', 'Y', 'Y', 'Y', SYSDATE - 5, SYSDATE - 1);

INSERT INTO member_notification_setting (
    member_id, comment_yn, like_yn, trade_yn, event_yn, created_at, updated_at
) VALUES (53, 'Y', 'Y', 'Y', 'Y', SYSDATE - 5, SYSDATE - 1);

INSERT INTO member_notification_setting (
    member_id, comment_yn, like_yn, trade_yn, event_yn, created_at, updated_at
) VALUES (54, 'Y', 'Y', 'Y', 'Y', SYSDATE - 5, SYSDATE - 1);

INSERT INTO member_notification_setting (
    member_id, comment_yn, like_yn, trade_yn, event_yn, created_at, updated_at
) VALUES (55, 'Y', 'Y', 'Y', 'Y', SYSDATE - 5, SYSDATE - 1);

INSERT INTO member_notification_setting (
    member_id, comment_yn, like_yn, trade_yn, event_yn, created_at, updated_at
) VALUES (56, 'Y', 'Y', 'Y', 'Y', SYSDATE - 5, SYSDATE - 1);

INSERT INTO member_notification_setting (
    member_id, comment_yn, like_yn, trade_yn, event_yn, created_at, updated_at
) VALUES (57, 'Y', 'Y', 'Y', 'Y', SYSDATE - 5, SYSDATE - 1);

INSERT INTO member_notification_setting (
    member_id, comment_yn, like_yn, trade_yn, event_yn, created_at, updated_at
) VALUES (58, 'Y', 'Y', 'Y', 'Y', SYSDATE - 5, SYSDATE - 1);

INSERT INTO member_notification_setting (
    member_id, comment_yn, like_yn, trade_yn, event_yn, created_at, updated_at
) VALUES (59, 'Y', 'Y', 'Y', 'Y', SYSDATE - 5, SYSDATE - 1);

INSERT INTO member_notification_setting (
    member_id, comment_yn, like_yn, trade_yn, event_yn, created_at, updated_at
) VALUES (60, 'Y', 'Y', 'Y', 'Y', SYSDATE - 5, SYSDATE - 1);

-- 61 ~ 70
INSERT INTO member_notification_setting (
    member_id, comment_yn, like_yn, trade_yn, event_yn, created_at, updated_at
) VALUES (61, 'Y', 'Y', 'Y', 'Y', SYSDATE - 4, SYSDATE - 1);

INSERT INTO member_notification_setting (
    member_id, comment_yn, like_yn, trade_yn, event_yn, created_at, updated_at
) VALUES (62, 'Y', 'Y', 'Y', 'Y', SYSDATE - 4, SYSDATE - 1);

INSERT INTO member_notification_setting (
    member_id, comment_yn, like_yn, trade_yn, event_yn, created_at, updated_at
) VALUES (63, 'Y', 'Y', 'Y', 'Y', SYSDATE - 4, SYSDATE - 1);

INSERT INTO member_notification_setting (
    member_id, comment_yn, like_yn, trade_yn, event_yn, created_at, updated_at
) VALUES (64, 'Y', 'Y', 'Y', 'Y', SYSDATE - 4, SYSDATE - 1);

INSERT INTO member_notification_setting (
    member_id, comment_yn, like_yn, trade_yn, event_yn, created_at, updated_at
) VALUES (65, 'Y', 'Y', 'Y', 'Y', SYSDATE - 4, SYSDATE - 1);

INSERT INTO member_notification_setting (
    member_id, comment_yn, like_yn, trade_yn, event_yn, created_at, updated_at
) VALUES (66, 'Y', 'Y', 'Y', 'Y', SYSDATE - 4, SYSDATE - 1);

INSERT INTO member_notification_setting (
    member_id, comment_yn, like_yn, trade_yn, event_yn, created_at, updated_at
) VALUES (67, 'Y', 'Y', 'Y', 'Y', SYSDATE - 4, SYSDATE - 1);

INSERT INTO member_notification_setting (
    member_id, comment_yn, like_yn, trade_yn, event_yn, created_at, updated_at
) VALUES (68, 'Y', 'Y', 'Y', 'Y', SYSDATE - 4, SYSDATE - 1);

INSERT INTO member_notification_setting (
    member_id, comment_yn, like_yn, trade_yn, event_yn, created_at, updated_at
) VALUES (69, 'Y', 'Y', 'Y', 'Y', SYSDATE - 4, SYSDATE - 1);

INSERT INTO member_notification_setting (
    member_id, comment_yn, like_yn, trade_yn, event_yn, created_at, updated_at
) VALUES (70, 'Y', 'Y', 'Y', 'Y', SYSDATE - 4, SYSDATE - 1);

-- 71 ~ 80
INSERT INTO member_notification_setting (
    member_id, comment_yn, like_yn, trade_yn, event_yn, created_at, updated_at
) VALUES (71, 'Y', 'Y', 'Y', 'Y', SYSDATE - 3, SYSDATE - 1);

INSERT INTO member_notification_setting (
    member_id, comment_yn, like_yn, trade_yn, event_yn, created_at, updated_at
) VALUES (72, 'Y', 'Y', 'Y', 'Y', SYSDATE - 3, SYSDATE - 1);

INSERT INTO member_notification_setting (
    member_id, comment_yn, like_yn, trade_yn, event_yn, created_at, updated_at
) VALUES (73, 'Y', 'Y', 'Y', 'Y', SYSDATE - 3, SYSDATE - 1);

INSERT INTO member_notification_setting (
    member_id, comment_yn, like_yn, trade_yn, event_yn, created_at, updated_at
) VALUES (74, 'Y', 'Y', 'Y', 'Y', SYSDATE - 3, SYSDATE - 1);

INSERT INTO member_notification_setting (
    member_id, comment_yn, like_yn, trade_yn, event_yn, created_at, updated_at
) VALUES (75, 'Y', 'Y', 'Y', 'Y', SYSDATE - 3, SYSDATE - 1);

INSERT INTO member_notification_setting (
    member_id, comment_yn, like_yn, trade_yn, event_yn, created_at, updated_at
) VALUES (76, 'Y', 'Y', 'Y', 'Y', SYSDATE - 3, SYSDATE - 1);

INSERT INTO member_notification_setting (
    member_id, comment_yn, like_yn, trade_yn, event_yn, created_at, updated_at
) VALUES (77, 'Y', 'Y', 'Y', 'Y', SYSDATE - 3, SYSDATE - 1);

INSERT INTO member_notification_setting (
    member_id, comment_yn, like_yn, trade_yn, event_yn, created_at, updated_at
) VALUES (78, 'Y', 'Y', 'Y', 'Y', SYSDATE - 3, SYSDATE - 1);

INSERT INTO member_notification_setting (
    member_id, comment_yn, like_yn, trade_yn, event_yn, created_at, updated_at
) VALUES (79, 'Y', 'Y', 'Y', 'Y', SYSDATE - 3, SYSDATE - 1);

INSERT INTO member_notification_setting (
    member_id, comment_yn, like_yn, trade_yn, event_yn, created_at, updated_at
) VALUES (80, 'Y', 'Y', 'Y', 'Y', SYSDATE - 3, SYSDATE - 1);

-- 81 ~ 90
INSERT INTO member_notification_setting (
    member_id, comment_yn, like_yn, trade_yn, event_yn, created_at, updated_at
) VALUES (81, 'Y', 'Y', 'Y', 'Y', SYSDATE - 2, SYSDATE - 1);

INSERT INTO member_notification_setting (
    member_id, comment_yn, like_yn, trade_yn, event_yn, created_at, updated_at
) VALUES (82, 'Y', 'Y', 'Y', 'Y', SYSDATE - 2, SYSDATE - 1);

INSERT INTO member_notification_setting (
    member_id, comment_yn, like_yn, trade_yn, event_yn, created_at, updated_at
) VALUES (83, 'Y', 'Y', 'Y', 'Y', SYSDATE - 2, SYSDATE - 1);

INSERT INTO member_notification_setting (
    member_id, comment_yn, like_yn, trade_yn, event_yn, created_at, updated_at
) VALUES (84, 'Y', 'Y', 'Y', 'Y', SYSDATE - 2, SYSDATE - 1);

INSERT INTO member_notification_setting (
    member_id, comment_yn, like_yn, trade_yn, event_yn, created_at, updated_at
) VALUES (85, 'Y', 'Y', 'Y', 'Y', SYSDATE - 2, SYSDATE - 1);

INSERT INTO member_notification_setting (
    member_id, comment_yn, like_yn, trade_yn, event_yn, created_at, updated_at
) VALUES (86, 'Y', 'Y', 'Y', 'Y', SYSDATE - 2, SYSDATE - 1);

INSERT INTO member_notification_setting (
    member_id, comment_yn, like_yn, trade_yn, event_yn, created_at, updated_at
) VALUES (87, 'Y', 'Y', 'Y', 'Y', SYSDATE - 2, SYSDATE - 1);

INSERT INTO member_notification_setting (
    member_id, comment_yn, like_yn, trade_yn, event_yn, created_at, updated_at
) VALUES (88, 'Y', 'Y', 'Y', 'Y', SYSDATE - 2, SYSDATE - 1);

INSERT INTO member_notification_setting (
    member_id, comment_yn, like_yn, trade_yn, event_yn, created_at, updated_at
) VALUES (89, 'Y', 'Y', 'Y', 'Y', SYSDATE - 2, SYSDATE - 1);

INSERT INTO member_notification_setting (
    member_id, comment_yn, like_yn, trade_yn, event_yn, created_at, updated_at
) VALUES (90, 'Y', 'Y', 'Y', 'Y', SYSDATE - 2, SYSDATE - 1);

-- 91 ~ 100
INSERT INTO member_notification_setting (
    member_id, comment_yn, like_yn, trade_yn, event_yn, created_at, updated_at
) VALUES (91, 'Y', 'Y', 'Y', 'Y', SYSDATE - 1, SYSDATE - 1);

INSERT INTO member_notification_setting (
    member_id, comment_yn, like_yn, trade_yn, event_yn, created_at, updated_at
) VALUES (92, 'Y', 'Y', 'Y', 'Y', SYSDATE - 1, SYSDATE - 1);

INSERT INTO member_notification_setting (
    member_id, comment_yn, like_yn, trade_yn, event_yn, created_at, updated_at
) VALUES (93, 'Y', 'Y', 'Y', 'Y', SYSDATE - 1, SYSDATE - 1);

INSERT INTO member_notification_setting (
    member_id, comment_yn, like_yn, trade_yn, event_yn, created_at, updated_at
) VALUES (94, 'Y', 'Y', 'Y', 'Y', SYSDATE - 1, SYSDATE - 1);

INSERT INTO member_notification_setting (
    member_id, comment_yn, like_yn, trade_yn, event_yn, created_at, updated_at
) VALUES (95, 'Y', 'Y', 'Y', 'Y', SYSDATE - 1, SYSDATE - 1);

INSERT INTO member_notification_setting (
    member_id, comment_yn, like_yn, trade_yn, event_yn, created_at, updated_at
) VALUES (96, 'Y', 'Y', 'Y', 'Y', SYSDATE - 1, SYSDATE - 1);

INSERT INTO member_notification_setting (
    member_id, comment_yn, like_yn, trade_yn, event_yn, created_at, updated_at
) VALUES (97, 'Y', 'Y', 'Y', 'Y', SYSDATE - 1, SYSDATE - 1);

INSERT INTO member_notification_setting (
    member_id, comment_yn, like_yn, trade_yn, event_yn, created_at, updated_at
) VALUES (98, 'Y', 'Y', 'Y', 'Y', SYSDATE - 1, SYSDATE - 1);

INSERT INTO member_notification_setting (
    member_id, comment_yn, like_yn, trade_yn, event_yn, created_at, updated_at
) VALUES (99, 'Y', 'Y', 'Y', 'Y', SYSDATE - 1, SYSDATE - 1);

INSERT INTO member_notification_setting (
    member_id, comment_yn, like_yn, trade_yn, event_yn, created_at, updated_at
) VALUES (100, 'Y', 'Y', 'Y', 'Y', SYSDATE - 1, SYSDATE - 1);

INSERT INTO notification (
     member_id, notif_type, message,
    link_type, link_target_id, read_yn, created_at
) VALUES (
              1, 'COMMENT',
             '회원님의 게시글에 새로운 댓글이 달렸습니다.',
             'POST', 1, 'N', SYSDATE - 5
         );

INSERT INTO notification (
     member_id, notif_type, message,
    link_type, link_target_id, read_yn, created_at
) VALUES (
              2, 'COMMENT',
             '작성하신 리뷰에 답글이 등록되었습니다.',
             'POST', 2, 'N', SYSDATE - 5
         );

INSERT INTO notification (
     member_id, notif_type, message,
    link_type, link_target_id, read_yn, created_at
) VALUES (
              3, 'COMMENT',
             '회원님의 게시글에 새로운 대댓글이 달렸습니다.',
             'POST', 3, 'Y', SYSDATE - 4
         );

INSERT INTO notification (
     member_id, notif_type, message,
    link_type, link_target_id, read_yn, created_at
) VALUES (
              4, 'COMMENT',
             '관심 등록한 팝업 후기에 새 댓글이 추가되었습니다.',
             'POST', 4, 'N', SYSDATE - 4
         );

INSERT INTO notification (
     member_id, notif_type, message,
    link_type, link_target_id, read_yn, created_at
) VALUES (
              5, 'COMMENT',
             '작성하신 거래 후기 글에 댓글이 달렸습니다.',
             'POST', 5, 'Y', SYSDATE - 3
         );

-- LIKE 알림
INSERT INTO notification (
     member_id, notif_type, message,
    link_type, link_target_id, read_yn, created_at
) VALUES (
              1, 'LIKE',
             '회원님의 게시글을 5명이 좋아합니다.',
             'POST', 1, 'N', SYSDATE - 3
         );

INSERT INTO notification (
     member_id, notif_type, message,
    link_type, link_target_id, read_yn, created_at
) VALUES (
              2, 'LIKE',
             '작성하신 리뷰에 새로운 좋아요가 추가되었습니다.',
             'POST', 6, 'Y', SYSDATE - 3
         );

INSERT INTO notification (
     member_id, notif_type, message,
    link_type, link_target_id, read_yn, created_at
) VALUES (
              3, 'LIKE',
             '북마크한 팝업 후기 글에 좋아요 10개가 달렸습니다.',
             'POST', 7, 'N', SYSDATE - 2
         );

INSERT INTO notification (
     member_id, notif_type, message,
    link_type, link_target_id, read_yn, created_at
) VALUES (
              4, 'LIKE',
             '회원님의 댓글을 다른 사용자가 좋아합니다.',
             'POST', 8, 'Y', SYSDATE - 2
         );

INSERT INTO notification (
     member_id, notif_type, message,
    link_type, link_target_id, read_yn, created_at
) VALUES (
              5, 'LIKE',
             '작성하신 거래 글이 인기 글로 선정되었습니다.',
             'POST', 9, 'N', SYSDATE - 2
         );

-- TRADE 알림
INSERT INTO notification (
     member_id, notif_type, message,
    link_type, link_target_id, read_yn, created_at
) VALUES (
              6, 'TRADE',
             '등록하신 거래 글에 새로운 신청이 도착했습니다.',
             'TRADE', 101, 'N', SYSDATE - 1
         );

INSERT INTO notification (
     member_id, notif_type, message,
    link_type, link_target_id, read_yn, created_at
) VALUES (
              7, 'TRADE',
             '상대방이 거래 요청을 수락했습니다.',
             'TRADE', 102, 'Y', SYSDATE - 1
         );

INSERT INTO notification (
     member_id, notif_type, message,
    link_type, link_target_id, read_yn, created_at
) VALUES (
              8, 'TRADE',
             '거래가 완료 상태로 변경되었습니다. 후기를 남겨보세요.',
             'TRADE', 103, 'N', SYSDATE
         );

INSERT INTO notification (
     member_id, notif_type, message,
    link_type, link_target_id, read_yn, created_at
) VALUES (
              9, 'TRADE',
             '거래 일정이 오늘로 예정되어 있습니다. 약속 시간을 다시 한 번 확인해 주세요.',
             'TRADE', 104, 'N', SYSDATE
         );

-- EVENT / POPUP / STORE 알림
INSERT INTO notification (
     member_id, notif_type, message,
    link_type, link_target_id, read_yn, created_at
) VALUES (
              10, 'EVENT',
             '관심 등록한 팝업스토어의 오픈 D-1입니다.',
             'POPUP', 1, 'N', SYSDATE - 1
         );

INSERT INTO notification (
     member_id, notif_type, message,
    link_type, link_target_id, read_yn, created_at
) VALUES (
              1, 'EVENT',
             '한정 굿즈 증정 이벤트가 곧 마감됩니다. 지금 참여해 보세요.',
             'EVENT', 2001, 'Y', SYSDATE - 1
         );

INSERT INTO notification (
     member_id, notif_type, message,
    link_type, link_target_id, read_yn, created_at
) VALUES (
              2, 'EVENT',
             '지난 이벤트에 당첨되셨습니다. 마이페이지에서 당첨 내역을 확인해 주세요.',
             'EVENT', 2002, 'N', SYSDATE
         );

INSERT INTO notification (
     member_id, notif_type, message,
    link_type, link_target_id, read_yn, created_at
) VALUES (
              3, 'EVENT',
             '오늘 방문 시 사용 가능한 전용 쿠폰이 발급되었습니다.',
             'EVENT', 2003, 'N', SYSDATE
         );

INSERT INTO notification (
     member_id, notif_type, message,
    link_type, link_target_id, read_yn, created_at
) VALUES (
              4, 'STORE',
             '즐겨찾기한 매장에 신규 굿즈가 입고되었습니다.',
             'STORE', 10, 'N', SYSDATE
         );

INSERT INTO notification (
     member_id, notif_type, message,
    link_type, link_target_id, read_yn, created_at
) VALUES (
              5, 'STORE',
             '즐겨찾기한 매장의 영업 시간이 오늘만 단축 운영됩니다.',
             'STORE', 11, 'Y', SYSDATE
         );
INSERT INTO popup_bookmark (member_id, popup_id, created_at)
VALUES (1, 1, SYSDATE - 10);

INSERT INTO popup_bookmark (member_id, popup_id, created_at)
VALUES (1, 2, SYSDATE - 9);

INSERT INTO popup_bookmark (member_id, popup_id, created_at)
VALUES (2, 1, SYSDATE - 8);

INSERT INTO popup_bookmark (member_id, popup_id, created_at)
VALUES (2, 3, SYSDATE - 7);

INSERT INTO popup_bookmark (member_id, popup_id, created_at)
VALUES (3, 2, SYSDATE - 6);

INSERT INTO popup_bookmark (member_id, popup_id, created_at)
VALUES (3, 4, SYSDATE - 5);

INSERT INTO popup_bookmark (member_id, popup_id, created_at)
VALUES (4, 3, SYSDATE - 4);

INSERT INTO popup_bookmark (member_id, popup_id, created_at)
VALUES (4, 5, SYSDATE - 3);

INSERT INTO popup_bookmark (member_id, popup_id, created_at)
VALUES (5, 4, SYSDATE - 2);

INSERT INTO popup_bookmark (member_id, popup_id, created_at)
VALUES (5, 5, SYSDATE - 1);
INSERT INTO recommended_search(keyword,target_type,sort_order,active_yn) VALUES('홍대 팝업스토어','STORE',1,'Y');
INSERT INTO recommended_search(keyword,target_type,sort_order,active_yn) VALUES('강남 아이돌 굿즈','STORE',2,'Y');
INSERT INTO recommended_search(keyword,target_type,sort_order,active_yn) VALUES('포토카드 랜덤팩','GOODS',3,'Y');
INSERT INTO recommended_search(keyword,target_type,sort_order,active_yn) VALUES('피규어 한정판','GOODS',4,'Y');
INSERT INTO recommended_search(keyword,target_type,sort_order,active_yn) VALUES('팝업 굿즈 교환','GOODS',5,'Y');
INSERT INTO recommended_search(keyword,target_type,sort_order,active_yn) VALUES('카페 콜라보','STORE',6,'Y');
INSERT INTO recommended_search(keyword,target_type,sort_order,active_yn) VALUES('애니메이션 굿즈','GOODS',7,'Y');
INSERT INTO recommended_search(keyword,target_type,sort_order,active_yn) VALUES('게임 한정 굿즈','GOODS',8,'Y');
INSERT INTO recommended_search(keyword,target_type,sort_order,active_yn) VALUES('응원봉','GOODS',9,'Y');
INSERT INTO recommended_search(keyword,target_type,sort_order,active_yn) VALUES('랜덤박스','GOODS',10,'Y');
INSERT INTO recommended_search(keyword,target_type,sort_order,active_yn) VALUES('팝업 일정','STORE',11,'Y');
INSERT INTO recommended_search(keyword,target_type,sort_order,active_yn) VALUES('굿즈로드 신규 매장','STORE',12,'Y');
INSERT INTO recommended_search(keyword,target_type,sort_order,active_yn) VALUES('중고 굿즈 거래','GOODS',13,'Y');
INSERT INTO recommended_search(keyword,target_type,sort_order,active_yn) VALUES('특전 포카','GOODS',14,'Y');
INSERT INTO recommended_search(keyword,target_type,sort_order,active_yn) VALUES('아이돌 팬사인회 굿즈','GOODS',15,'Y');
INSERT INTO recommended_search(keyword,target_type,sort_order,active_yn) VALUES('서울 팝업 지도','STORE',16,'Y');
INSERT INTO recommended_search(keyword,target_type,sort_order,active_yn) VALUES('브랜드 콜라보 팝업','STORE',17,'Y');
INSERT INTO recommended_search(keyword,target_type,sort_order,active_yn) VALUES('코스프레 소품','GOODS',18,'Y');
INSERT INTO recommended_search(keyword,target_type,sort_order,active_yn) VALUES('지난 시즌 굿즈','GOODS',19,'N');
INSERT INTO recommended_search(keyword,target_type,sort_order,active_yn) VALUES('품절 임박 굿즈','GOODS',20,'Y');
--
INSERT INTO search_log (member_id, keyword, target_type, target_id, created_at)
VALUES (1, '홍대 팝업스토어 검색 001', 'STORE', 1, SYSDATE - 50);

INSERT INTO search_log (member_id, keyword, target_type, target_id, created_at)
VALUES (2, '강남 팝업스토어 검색 002', 'GOODS', 2, SYSDATE - 50);

INSERT INTO search_log (member_id, keyword, target_type, target_id, created_at)
VALUES (3, '신촌 굿즈샵 검색 003', 'POST', 3, SYSDATE - 49);

INSERT INTO search_log (member_id, keyword, target_type, target_id, created_at)
VALUES (4, '부산 애니 굿즈샵 004', 'STORE', 4, SYSDATE - 49);

INSERT INTO search_log (member_id, keyword, target_type, target_id, created_at)
VALUES (5, '서울 팝업 일정 005', 'GOODS', 5, SYSDATE - 48);

INSERT INTO search_log (member_id, keyword, target_type, target_id, created_at)
VALUES (6, '홍대 팝업스토어 검색 006', 'POST', 6, SYSDATE - 48);

INSERT INTO search_log (member_id, keyword, target_type, target_id, created_at)
VALUES (7, '강남 팝업스토어 검색 007', 'STORE', 7, SYSDATE - 47);

INSERT INTO search_log (member_id, keyword, target_type, target_id, created_at)
VALUES (8, '신촌 굿즈샵 검색 008', 'GOODS', 8, SYSDATE - 47);

INSERT INTO search_log (member_id, keyword, target_type, target_id, created_at)
VALUES (9, '부산 애니 굿즈샵 009', 'POST', 9, SYSDATE - 46);

INSERT INTO search_log (member_id, keyword, target_type, target_id, created_at)
VALUES (10, '서울 팝업 일정 010', 'STORE', 10, SYSDATE - 46);

INSERT INTO search_log (member_id, keyword, target_type, target_id, created_at)
VALUES (1, '홍대 팝업스토어 검색 011', 'GOODS', 11, SYSDATE - 45);

INSERT INTO search_log (member_id, keyword, target_type, target_id, created_at)
VALUES (2, '강남 팝업스토어 검색 012', 'POST', 12, SYSDATE - 45);

INSERT INTO search_log (member_id, keyword, target_type, target_id, created_at)
VALUES (3, '신촌 굿즈샵 검색 013', 'STORE', 13, SYSDATE - 44);

INSERT INTO search_log (member_id, keyword, target_type, target_id, created_at)
VALUES (4, '부산 애니 굿즈샵 014', 'GOODS', 14, SYSDATE - 44);

INSERT INTO search_log (member_id, keyword, target_type, target_id, created_at)
VALUES (5, '서울 팝업 일정 015', 'POST', 15, SYSDATE - 43);

INSERT INTO search_log (member_id, keyword, target_type, target_id, created_at)
VALUES (6, '홍대 팝업스토어 검색 016', 'STORE', 16, SYSDATE - 43);

INSERT INTO search_log (member_id, keyword, target_type, target_id, created_at)
VALUES (7, '강남 팝업스토어 검색 017', 'GOODS', 17, SYSDATE - 42);

INSERT INTO search_log (member_id, keyword, target_type, target_id, created_at)
VALUES (8, '신촌 굿즈샵 검색 018', 'POST', 18, SYSDATE - 42);

INSERT INTO search_log (member_id, keyword, target_type, target_id, created_at)
VALUES (9, '부산 애니 굿즈샵 019', 'STORE', 19, SYSDATE - 41);

INSERT INTO search_log (member_id, keyword, target_type, target_id, created_at)
VALUES (10, '서울 팝업 일정 020', 'GOODS', 20, SYSDATE - 41);

INSERT INTO search_log (member_id, keyword, target_type, target_id, created_at)
VALUES (1, '홍대 팝업스토어 검색 021', 'POST', 1, SYSDATE - 40);

INSERT INTO search_log (member_id, keyword, target_type, target_id, created_at)
VALUES (2, '강남 팝업스토어 검색 022', 'STORE', 2, SYSDATE - 40);

INSERT INTO search_log (member_id, keyword, target_type, target_id, created_at)
VALUES (3, '신촌 굿즈샵 검색 023', 'GOODS', 3, SYSDATE - 39);

INSERT INTO search_log (member_id, keyword, target_type, target_id, created_at)
VALUES (4, '부산 애니 굿즈샵 024', 'POST', 4, SYSDATE - 39);

INSERT INTO search_log (member_id, keyword, target_type, target_id, created_at)
VALUES (5, '서울 팝업 일정 025', 'STORE', 5, SYSDATE - 38);

INSERT INTO search_log (member_id, keyword, target_type, target_id, created_at)
VALUES (6, '홍대 팝업스토어 검색 026', 'GOODS', 6, SYSDATE - 38);

INSERT INTO search_log (member_id, keyword, target_type, target_id, created_at)
VALUES (7, '강남 팝업스토어 검색 027', 'POST', 7, SYSDATE - 37);

INSERT INTO search_log (member_id, keyword, target_type, target_id, created_at)
VALUES (8, '신촌 굿즈샵 검색 028', 'STORE', 8, SYSDATE - 37);

INSERT INTO search_log (member_id, keyword, target_type, target_id, created_at)
VALUES (9, '부산 애니 굿즈샵 029', 'GOODS', 9, SYSDATE - 36);

INSERT INTO search_log (member_id, keyword, target_type, target_id, created_at)
VALUES (10, '서울 팝업 일정 030', 'POST', 10, SYSDATE - 36);

INSERT INTO search_log (member_id, keyword, target_type, target_id, created_at)
VALUES (1, '홍대 팝업스토어 검색 031', 'STORE', 11, SYSDATE - 35);

INSERT INTO search_log (member_id, keyword, target_type, target_id, created_at)
VALUES (2, '강남 팝업스토어 검색 032', 'GOODS', 12, SYSDATE - 35);

INSERT INTO search_log (member_id, keyword, target_type, target_id, created_at)
VALUES (3, '신촌 굿즈샵 검색 033', 'POST', 13, SYSDATE - 34);

INSERT INTO search_log (member_id, keyword, target_type, target_id, created_at)
VALUES (4, '부산 애니 굿즈샵 034', 'STORE', 14, SYSDATE - 34);

INSERT INTO search_log (member_id, keyword, target_type, target_id, created_at)
VALUES (5, '서울 팝업 일정 035', 'GOODS', 15, SYSDATE - 33);

INSERT INTO search_log (member_id, keyword, target_type, target_id, created_at)
VALUES (6, '홍대 팝업스토어 검색 036', 'POST', 16, SYSDATE - 33);

INSERT INTO search_log (member_id, keyword, target_type, target_id, created_at)
VALUES (7, '강남 팝업스토어 검색 037', 'STORE', 17, SYSDATE - 32);

INSERT INTO search_log (member_id, keyword, target_type, target_id, created_at)
VALUES (8, '신촌 굿즈샵 검색 038', 'GOODS', 18, SYSDATE - 32);

INSERT INTO search_log (member_id, keyword, target_type, target_id, created_at)
VALUES (9, '부산 애니 굿즈샵 039', 'POST', 19, SYSDATE - 31);

INSERT INTO search_log (member_id, keyword, target_type, target_id, created_at)
VALUES (10, '서울 팝업 일정 040', 'STORE', 20, SYSDATE - 31);

INSERT INTO search_log (member_id, keyword, target_type, target_id, created_at)
VALUES (1, '홍대 팝업스토어 검색 041', 'GOODS', 1, SYSDATE - 30);

INSERT INTO search_log (member_id, keyword, target_type, target_id, created_at)
VALUES (2, '강남 팝업스토어 검색 042', 'POST', 2, SYSDATE - 30);

INSERT INTO search_log (member_id, keyword, target_type, target_id, created_at)
VALUES (3, '신촌 굿즈샵 검색 043', 'STORE', 3, SYSDATE - 29);

INSERT INTO search_log (member_id, keyword, target_type, target_id, created_at)
VALUES (4, '부산 애니 굿즈샵 044', 'GOODS', 4, SYSDATE - 29);

INSERT INTO search_log (member_id, keyword, target_type, target_id, created_at)
VALUES (5, '서울 팝업 일정 045', 'POST', 5, SYSDATE - 28);

INSERT INTO search_log (member_id, keyword, target_type, target_id, created_at)
VALUES (6, '홍대 팝업스토어 검색 046', 'STORE', 6, SYSDATE - 28);

INSERT INTO search_log (member_id, keyword, target_type, target_id, created_at)
VALUES (7, '강남 팝업스토어 검색 047', 'GOODS', 7, SYSDATE - 27);

INSERT INTO search_log (member_id, keyword, target_type, target_id, created_at)
VALUES (8, '신촌 굿즈샵 검색 048', 'POST', 8, SYSDATE - 27);

INSERT INTO search_log (member_id, keyword, target_type, target_id, created_at)
VALUES (9, '부산 애니 굿즈샵 049', 'STORE', 9, SYSDATE - 26);

INSERT INTO search_log (member_id, keyword, target_type, target_id, created_at)
VALUES (10, '서울 팝업 일정 050', 'GOODS', 10, SYSDATE - 26);

INSERT INTO search_log (member_id, keyword, target_type, target_id, created_at)
VALUES (1, '홍대 팝업스토어 검색 051', 'POST', 11, SYSDATE - 25);

INSERT INTO search_log (member_id, keyword, target_type, target_id, created_at)
VALUES (2, '강남 팝업스토어 검색 052', 'STORE', 12, SYSDATE - 25);

INSERT INTO search_log (member_id, keyword, target_type, target_id, created_at)
VALUES (3, '신촌 굿즈샵 검색 053', 'GOODS', 13, SYSDATE - 24);

INSERT INTO search_log (member_id, keyword, target_type, target_id, created_at)
VALUES (4, '부산 애니 굿즈샵 054', 'POST', 14, SYSDATE - 24);

INSERT INTO search_log (member_id, keyword, target_type, target_id, created_at)
VALUES (5, '서울 팝업 일정 055', 'STORE', 15, SYSDATE - 23);

INSERT INTO search_log (member_id, keyword, target_type, target_id, created_at)
VALUES (6, '홍대 팝업스토어 검색 056', 'GOODS', 16, SYSDATE - 23);

INSERT INTO search_log (member_id, keyword, target_type, target_id, created_at)
VALUES (7, '강남 팝업스토어 검색 057', 'POST', 17, SYSDATE - 22);

INSERT INTO search_log (member_id, keyword, target_type, target_id, created_at)
VALUES (8, '신촌 굿즈샵 검색 058', 'STORE', 18, SYSDATE - 22);

INSERT INTO search_log (member_id, keyword, target_type, target_id, created_at)
VALUES (9, '부산 애니 굿즈샵 059', 'GOODS', 19, SYSDATE - 21);

INSERT INTO search_log (member_id, keyword, target_type, target_id, created_at)
VALUES (10, '서울 팝업 일정 060', 'POST', 20, SYSDATE - 21);

INSERT INTO search_log (member_id, keyword, target_type, target_id, created_at)
VALUES (1, '홍대 팝업스토어 검색 061', 'STORE', 1, SYSDATE - 20);

INSERT INTO search_log (member_id, keyword, target_type, target_id, created_at)
VALUES (2, '강남 팝업스토어 검색 062', 'GOODS', 2, SYSDATE - 20);

INSERT INTO search_log (member_id, keyword, target_type, target_id, created_at)
VALUES (3, '신촌 굿즈샵 검색 063', 'POST', 3, SYSDATE - 19);

INSERT INTO search_log (member_id, keyword, target_type, target_id, created_at)
VALUES (4, '부산 애니 굿즈샵 064', 'STORE', 4, SYSDATE - 19);

INSERT INTO search_log (member_id, keyword, target_type, target_id, created_at)
VALUES (5, '서울 팝업 일정 065', 'GOODS', 5, SYSDATE - 18);

INSERT INTO search_log (member_id, keyword, target_type, target_id, created_at)
VALUES (6, '홍대 팝업스토어 검색 066', 'POST', 6, SYSDATE - 18);

INSERT INTO search_log (member_id, keyword, target_type, target_id, created_at)
VALUES (7, '강남 팝업스토어 검색 067', 'STORE', 7, SYSDATE - 17);

INSERT INTO search_log (member_id, keyword, target_type, target_id, created_at)
VALUES (8, '신촌 굿즈샵 검색 068', 'GOODS', 8, SYSDATE - 17);

INSERT INTO search_log (member_id, keyword, target_type, target_id, created_at)
VALUES (9, '부산 애니 굿즈샵 069', 'POST', 9, SYSDATE - 16);

INSERT INTO search_log (member_id, keyword, target_type, target_id, created_at)
VALUES (10, '서울 팝업 일정 070', 'STORE', 10, SYSDATE - 16);

INSERT INTO search_log (member_id, keyword, target_type, target_id, created_at)
VALUES (1, '홍대 팝업스토어 검색 071', 'GOODS', 11, SYSDATE - 15);

INSERT INTO search_log (member_id, keyword, target_type, target_id, created_at)
VALUES (2, '강남 팝업스토어 검색 072', 'POST', 12, SYSDATE - 15);

INSERT INTO search_log (member_id, keyword, target_type, target_id, created_at)
VALUES (3, '신촌 굿즈샵 검색 073', 'STORE', 13, SYSDATE - 14);

INSERT INTO search_log (member_id, keyword, target_type, target_id, created_at)
VALUES (4, '부산 애니 굿즈샵 074', 'GOODS', 14, SYSDATE - 14);

INSERT INTO search_log (member_id, keyword, target_type, target_id, created_at)
VALUES (5, '서울 팝업 일정 075', 'POST', 15, SYSDATE - 13);

INSERT INTO search_log (member_id, keyword, target_type, target_id, created_at)
VALUES (6, '홍대 팝업스토어 검색 076', 'STORE', 16, SYSDATE - 13);

INSERT INTO search_log (member_id, keyword, target_type, target_id, created_at)
VALUES (7, '강남 팝업스토어 검색 077', 'GOODS', 17, SYSDATE - 12);

INSERT INTO search_log (member_id, keyword, target_type, target_id, created_at)
VALUES (8, '신촌 굿즈샵 검색 078', 'POST', 18, SYSDATE - 12);

INSERT INTO search_log (member_id, keyword, target_type, target_id, created_at)
VALUES (9, '부산 애니 굿즈샵 079', 'STORE', 19, SYSDATE - 11);

INSERT INTO search_log (member_id, keyword, target_type, target_id, created_at)
VALUES (10, '서울 팝업 일정 080', 'GOODS', 20, SYSDATE - 11);

INSERT INTO search_log (member_id, keyword, target_type, target_id, created_at)
VALUES (1, '홍대 팝업스토어 검색 081', 'POST', 1, SYSDATE - 10);

INSERT INTO search_log (member_id, keyword, target_type, target_id, created_at)
VALUES (2, '강남 팝업스토어 검색 082', 'STORE', 2, SYSDATE - 10);

INSERT INTO search_log (member_id, keyword, target_type, target_id, created_at)
VALUES (3, '신촌 굿즈샵 검색 083', 'GOODS', 3, SYSDATE - 9);

INSERT INTO search_log (member_id, keyword, target_type, target_id, created_at)
VALUES (4, '부산 애니 굿즈샵 084', 'POST', 4, SYSDATE - 9);

INSERT INTO search_log (member_id, keyword, target_type, target_id, created_at)
VALUES (5, '서울 팝업 일정 085', 'STORE', 5, SYSDATE - 8);

INSERT INTO search_log (member_id, keyword, target_type, target_id, created_at)
VALUES (6, '홍대 팝업스토어 검색 086', 'GOODS', 6, SYSDATE - 8);

INSERT INTO search_log (member_id, keyword, target_type, target_id, created_at)
VALUES (7, '강남 팝업스토어 검색 087', 'POST', 7, SYSDATE - 7);

INSERT INTO search_log (member_id, keyword, target_type, target_id, created_at)
VALUES (8, '신촌 굿즈샵 검색 088', 'STORE', 8, SYSDATE - 7);

INSERT INTO search_log (member_id, keyword, target_type, target_id, created_at)
VALUES (9, '부산 애니 굿즈샵 089', 'GOODS', 9, SYSDATE - 6);

INSERT INTO search_log (member_id, keyword, target_type, target_id, created_at)
VALUES (10, '서울 팝업 일정 090', 'POST', 10, SYSDATE - 6);

INSERT INTO search_log (member_id, keyword, target_type, target_id, created_at)
VALUES (1, '홍대 팝업스토어 검색 091', 'STORE', 11, SYSDATE - 5);

INSERT INTO search_log (member_id, keyword, target_type, target_id, created_at)
VALUES (2, '강남 팝업스토어 검색 092', 'GOODS', 12, SYSDATE - 5);

INSERT INTO search_log (member_id, keyword, target_type, target_id, created_at)
VALUES (3, '신촌 굿즈샵 검색 093', 'POST', 13, SYSDATE - 4);

INSERT INTO search_log (member_id, keyword, target_type, target_id, created_at)
VALUES (4, '부산 애니 굿즈샵 094', 'STORE', 14, SYSDATE - 4);

INSERT INTO search_log (member_id, keyword, target_type, target_id, created_at)
VALUES (5, '서울 팝업 일정 095', 'GOODS', 15, SYSDATE - 3);

INSERT INTO search_log (member_id, keyword, target_type, target_id, created_at)
VALUES (6, '홍대 팝업스토어 검색 096', 'POST', 16, SYSDATE - 3);

INSERT INTO search_log (member_id, keyword, target_type, target_id, created_at)
VALUES (7, '강남 팝업스토어 검색 097', 'STORE', 17, SYSDATE - 2);

INSERT INTO search_log (member_id, keyword, target_type, target_id, created_at)
VALUES (8, '신촌 굿즈샵 검색 098', 'GOODS', 18, SYSDATE - 2);

INSERT INTO search_log (member_id, keyword, target_type, target_id, created_at)
VALUES (9, '부산 애니 굿즈샵 099', 'POST', 19, SYSDATE - 1);

INSERT INTO search_log (member_id, keyword, target_type, target_id, created_at)
VALUES (10, '서울 팝업 일정 100', 'STORE', 20, SYSDATE - 1);

INSERT INTO service_notice(notice_id,title,content,notice_type,start_date,end_date,created_at)
VALUES(1,'굿즈로드 서비스 오픈 안내',
       '굿즈로드 서비스를 이용해 주셔서 감사합니다. 정식 오픈과 함께 다양한 팝업스토어 및 굿즈 정보를 제공해 드립니다.',
       'NOTICE',SYSDATE-30,NULL,SYSDATE-30);

INSERT INTO service_notice(notice_id,title,content,notice_type,start_date,end_date,created_at)
VALUES(2,'개인정보 처리방침 개정 안내',
       '서비스 이용 약관 및 개인정보 처리방침이 개정되었습니다. 자세한 내용은 공지 상세 페이지를 통해 확인해 주세요.',
       'UPDATE',SYSDATE-20,NULL,SYSDATE-20);

INSERT INTO service_notice(notice_id,title,content,notice_type,start_date,end_date,created_at)
VALUES(3,'서버 점검 안내(00:00~04:00)',
       '더 안정적인 서비스 제공을 위해 새벽 시간대 서버 점검을 진행합니다. 점검 시간 동안 일부 기능 이용이 제한될 수 있습니다.',
       'NOTICE',SYSDATE-10,SYSDATE-9,SYSDATE-10);

INSERT INTO service_notice(notice_id,title,content,notice_type,start_date,end_date,created_at)
VALUES(4,'굿즈로드 앱 업데이트 안내',
       '새로운 버전의 앱이 출시되었습니다. 검색 속도 개선 및 버그 수정이 포함되어 있으니 업데이트 후 이용을 권장드립니다.',
       'UPDATE',SYSDATE-7,NULL,SYSDATE-7);

INSERT INTO service_notice(notice_id,title,content,notice_type,start_date,end_date,created_at)
VALUES(5,'오픈 기념 포인트 2배 적립 이벤트',
       '이벤트 기간 동안 매장 및 온라인에서 결제 시 기본 적립 포인트가 2배로 제공됩니다. 자세한 조건은 이벤트 상세를 확인해 주세요.',
       'EVENT',SYSDATE-5,SYSDATE+5,SYSDATE-5);

INSERT INTO service_notice(notice_id,title,content,notice_type,start_date,end_date,created_at)
VALUES(6,'팝업스토어 방문 인증 이벤트 안내',
       '지정된 팝업스토어 방문 후 인증샷을 업로드하면 추첨을 통해 한정 굿즈를 드립니다. 참여 방법은 이벤트 상세 페이지에서 확인 가능합니다.',
       'EVENT',SYSDATE-3,SYSDATE+7,SYSDATE-3);

INSERT INTO service_notice(notice_id,title,content,notice_type,start_date,end_date,created_at)
VALUES(7,'고객센터 운영 시간 변경 안내',
       '내부 사정으로 인해 고객센터 상담 가능 시간이 평일 10:00~18:00으로 변경됩니다. 챗봇 상담은 24시간 이용 가능합니다.',
       'NOTICE',SYSDATE-2,NULL,SYSDATE-2);

INSERT INTO service_notice(notice_id,title,content,notice_type,start_date,end_date,created_at)
VALUES(8,'검색 기능 개선 업데이트',
       '검색 랭킹 및 추천 검색어 기능이 개선되었습니다. 자주 찾는 팝업과 굿즈를 더 빠르게 찾을 수 있습니다.',
       'UPDATE',SYSDATE-1,NULL,SYSDATE-1);

INSERT INTO service_notice(notice_id,title,content,notice_type,start_date,end_date,created_at)
VALUES(9,'시스템 점검 완료 안내',
       '예정되었던 시스템 점검이 정상적으로 완료되었습니다. 현재 모든 서비스를 안정적으로 이용하실 수 있습니다.',
       'NOTICE',SYSDATE-1,SYSDATE-1,SYSDATE-1);

INSERT INTO service_notice(notice_id,title,content,notice_type,start_date,end_date,created_at)
VALUES(10,'연말 굿즈 페스티벌 사전 안내',
       '연말을 맞아 대규모 굿즈 페스티벌을 준비 중입니다. 참여 브랜드와 상세 일정은 추후 별도 공지를 통해 안내해 드리겠습니다.',
       'EVENT',SYSDATE+7,SYSDATE+30,SYSDATE);
INSERT INTO store_bookmark(member_id,store_id,created_at) VALUES(1,1,SYSDATE-10);
INSERT INTO store_bookmark(member_id,store_id,created_at) VALUES(1,2,SYSDATE-9);
INSERT INTO store_bookmark(member_id,store_id,created_at) VALUES(2,3,SYSDATE-8);
INSERT INTO store_bookmark(member_id,store_id,created_at) VALUES(2,4,SYSDATE-8);
INSERT INTO store_bookmark(member_id,store_id,created_at) VALUES(3,5,SYSDATE-7);
INSERT INTO store_bookmark(member_id,store_id,created_at) VALUES(3,6,SYSDATE-7);
INSERT INTO store_bookmark(member_id,store_id,created_at) VALUES(4,7,SYSDATE-6);
INSERT INTO store_bookmark(member_id,store_id,created_at) VALUES(4,8,SYSDATE-6);
INSERT INTO store_bookmark(member_id,store_id,created_at) VALUES(5,9,SYSDATE-5);
INSERT INTO store_bookmark(member_id,store_id,created_at) VALUES(5,10,SYSDATE-5);
INSERT INTO store_bookmark(member_id,store_id,created_at) VALUES(6,11,SYSDATE-4);
INSERT INTO store_bookmark(member_id,store_id,created_at) VALUES(6,12,SYSDATE-4);
INSERT INTO store_bookmark(member_id,store_id,created_at) VALUES(7,13,SYSDATE-3);
INSERT INTO store_bookmark(member_id,store_id,created_at) VALUES(7,14,SYSDATE-3);
INSERT INTO store_bookmark(member_id,store_id,created_at) VALUES(8,15,SYSDATE-2);
INSERT INTO store_bookmark(member_id,store_id,created_at) VALUES(8,16,SYSDATE-2);
INSERT INTO store_bookmark(member_id,store_id,created_at) VALUES(9,17,SYSDATE-1);
INSERT INTO store_bookmark(member_id,store_id,created_at) VALUES(9,18,SYSDATE-1);
INSERT INTO store_bookmark(member_id,store_id,created_at) VALUES(10,19,SYSDATE);
INSERT INTO store_bookmark(member_id,store_id,created_at) VALUES(10,20,SYSDATE);
INSERT INTO trade_post (seller_id,title,content,goods_name,work_name,character_name,category,price,trade_type,trade_method,region,status,view_count,like_count,created_at,updated_at,deleted_yn)
VALUES (1,'[귀멸의 칼날] 탄지로 포카 거래 #001','[귀멸의 칼날] 탄지로 포카 거래글 더미 데이터 1번입니다.','탄지로 포카','귀멸의 칼날','탄지로','포카',8000,'SELL','DIRECT','서울 홍대','ON_SALE',0,0,SYSDATE-1,NULL,'N');

INSERT INTO trade_post (seller_id,title,content,goods_name,work_name,character_name,category,price,trade_type,trade_method,region,status,view_count,like_count,created_at,updated_at,deleted_yn)
VALUES (2,'[귀멸의 칼날] 네즈코 아크릴스탠드 거래 #002','[귀멸의 칼날] 네즈코 아크릴스탠드 거래글 더미 데이터 2번입니다.','네즈코 아크릴스탠드','귀멸의 칼날','네즈코','아크릴스탠드',9000,'BUY','DELIVERY','서울 강남','RESERVED',0,0,SYSDATE-1,NULL,'N');

INSERT INTO trade_post (seller_id,title,content,goods_name,work_name,character_name,category,price,trade_type,trade_method,region,status,view_count,like_count,created_at,updated_at,deleted_yn)
VALUES (3,'[나루토] 나루토 피규어 거래 #003','[나루토] 나루토 피규어 거래글 더미 데이터 3번입니다.','나루토 피규어','나루토','나루토','피규어',10000,'EXCHANGE','DIRECT','서울 신촌','DONE',0,0,SYSDATE-1,NULL,'N');

INSERT INTO trade_post (seller_id,title,content,goods_name,work_name,character_name,category,price,trade_type,trade_method,region,status,view_count,like_count,created_at,updated_at,deleted_yn)
VALUES (4,'[나루토] 사스케 키링 거래 #004','[나루토] 사스케 키링 거래글 더미 데이터 4번입니다.','사스케 키링','나루토','사스케','키링',12000,'SELL','DELIVERY','서울 명동','ON_SALE',0,0,SYSDATE-1,NULL,'N');

INSERT INTO trade_post (seller_id,title,content,goods_name,work_name,character_name,category,price,trade_type,trade_method,region,status,view_count,like_count,created_at,updated_at,deleted_yn)
VALUES (5,'[주술회전] 이타도리 유우지 포카 거래 #005','[주술회전] 이타도리 유우지 포카 거래글 더미 데이터 5번입니다.','이타도리 유우지 포카','주술회전','이타도리 유우지','포카',15000,'BUY','DIRECT','부산 서면','RESERVED',0,0,SYSDATE-1,NULL,'N');

INSERT INTO trade_post (seller_id,title,content,goods_name,work_name,character_name,category,price,trade_type,trade_method,region,status,view_count,like_count,created_at,updated_at,deleted_yn)
VALUES (6,'[주술회전] 고죠 사토루 아크릴스탠드 거래 #006','[주술회전] 고죠 사토루 아크릴스탠드 거래글 더미 데이터 6번입니다.','고죠 사토루 아크릴스탠드','주술회전','고죠 사토루','아크릴스탠드',8000,'EXCHANGE','DELIVERY','대구 동성로','DONE',0,0,SYSDATE-1,NULL,'N');

INSERT INTO trade_post (seller_id,title,content,goods_name,work_name,character_name,category,price,trade_type,trade_method,region,status,view_count,like_count,created_at,updated_at,deleted_yn)
VALUES (7,'[원피스] 루피 피규어 거래 #007','[원피스] 루피 피규어 거래글 더미 데이터 7번입니다.','루피 피규어','원피스','루피','피규어',9000,'SELL','DIRECT','인천 부평','ON_SALE',0,0,SYSDATE-1,NULL,'N');

INSERT INTO trade_post (seller_id,title,content,goods_name,work_name,character_name,category,price,trade_type,trade_method,region,status,view_count,like_count,created_at,updated_at,deleted_yn)
VALUES (8,'[원피스] 조로 키링 거래 #008','[원피스] 조로 키링 거래글 더미 데이터 8번입니다.','조로 키링','원피스','조로','키링',10000,'BUY','DELIVERY','경기 수원','RESERVED',0,0,SYSDATE-1,NULL,'N');

INSERT INTO trade_post (seller_id,title,content,goods_name,work_name,character_name,category,price,trade_type,trade_method,region,status,view_count,like_count,created_at,updated_at,deleted_yn)
VALUES (9,'[진격의 거인] 에렌 포카 거래 #009','[진격의 거인] 에렌 포카 거래글 더미 데이터 9번입니다.','에렌 포카','진격의 거인','에렌','포카',12000,'EXCHANGE','DIRECT','서울 홍대','DONE',0,0,SYSDATE-1,NULL,'N');

INSERT INTO trade_post (seller_id,title,content,goods_name,work_name,character_name,category,price,trade_type,trade_method,region,status,view_count,like_count,created_at,updated_at,deleted_yn)
VALUES (10,'[진격의 거인] 리바이 아크릴스탠드 거래 #010','[진격의 거인] 리바이 아크릴스탠드 거래글 더미 데이터 10번입니다.','리바이 아크릴스탠드','진격의 거인','리바이','아크릴스탠드',15000,'SELL','DELIVERY','서울 강남','ON_SALE',0,0,SYSDATE-1,NULL,'N');

-- 11 ~ 20
INSERT INTO trade_post (seller_id,title,content,goods_name,work_name,character_name,category,price,trade_type,trade_method,region,status,view_count,like_count,created_at,updated_at,deleted_yn)
VALUES (11,'[귀멸의 칼날] 탄지로 피규어 거래 #011','[귀멸의 칼날] 탄지로 피규어 거래글 더미 데이터 11번입니다.','탄지로 피규어','귀멸의 칼날','탄지로','피규어',8000,'BUY','DIRECT','서울 신촌','RESERVED',0,0,SYSDATE-1,NULL,'N');

INSERT INTO trade_post (seller_id,title,content,goods_name,work_name,character_name,category,price,trade_type,trade_method,region,status,view_count,like_count,created_at,updated_at,deleted_yn)
VALUES (12,'[귀멸의 칼날] 네즈코 키링 거래 #012','[귀멸의 칼날] 네즈코 키링 거래글 더미 데이터 12번입니다.','네즈코 키링','귀멸의 칼날','네즈코','키링',9000,'EXCHANGE','DELIVERY','서울 명동','DONE',0,0,SYSDATE-1,NULL,'N');

INSERT INTO trade_post (seller_id,title,content,goods_name,work_name,character_name,category,price,trade_type,trade_method,region,status,view_count,like_count,created_at,updated_at,deleted_yn)
VALUES (13,'[나루토] 나루토 포카 거래 #013','[나루토] 나루토 포카 거래글 더미 데이터 13번입니다.','나루토 포카','나루토','나루토','포카',10000,'SELL','DIRECT','부산 서면','ON_SALE',0,0,SYSDATE-1,NULL,'N');

INSERT INTO trade_post (seller_id,title,content,goods_name,work_name,character_name,category,price,trade_type,trade_method,region,status,view_count,like_count,created_at,updated_at,deleted_yn)
VALUES (14,'[나루토] 사스케 아크릴스탠드 거래 #014','[나루토] 사스케 아크릴스탠드 거래글 더미 데이터 14번입니다.','사스케 아크릴스탠드','나루토','사스케','아크릴스탠드',12000,'BUY','DELIVERY','대구 동성로','RESERVED',0,0,SYSDATE-1,NULL,'N');

INSERT INTO trade_post (seller_id,title,content,goods_name,work_name,character_name,category,price,trade_type,trade_method,region,status,view_count,like_count,created_at,updated_at,deleted_yn)
VALUES (15,'[주술회전] 이타도리 유우지 피규어 거래 #015','[주술회전] 이타도리 유우지 피규어 거래글 더미 데이터 15번입니다.','이타도리 유우지 피규어','주술회전','이타도리 유우지','피규어',15000,'EXCHANGE','DIRECT','인천 부평','DONE',0,0,SYSDATE-1,NULL,'N');

INSERT INTO trade_post (seller_id,title,content,goods_name,work_name,character_name,category,price,trade_type,trade_method,region,status,view_count,like_count,created_at,updated_at,deleted_yn)
VALUES (16,'[주술회전] 고죠 사토루 키링 거래 #016','[주술회전] 고죠 사토루 키링 거래글 더미 데이터 16번입니다.','고죠 사토루 키링','주술회전','고죠 사토루','키링',8000,'SELL','DELIVERY','경기 수원','ON_SALE',0,0,SYSDATE-1,NULL,'N');

INSERT INTO trade_post (seller_id,title,content,goods_name,work_name,character_name,category,price,trade_type,trade_method,region,status,view_count,like_count,created_at,updated_at,deleted_yn)
VALUES (17,'[원피스] 루피 포카 거래 #017','[원피스] 루피 포카 거래글 더미 데이터 17번입니다.','루피 포카','원피스','루피','포카',9000,'BUY','DIRECT','서울 홍대','RESERVED',0,0,SYSDATE-1,NULL,'N');

INSERT INTO trade_post (seller_id,title,content,goods_name,work_name,character_name,category,price,trade_type,trade_method,region,status,view_count,like_count,created_at,updated_at,deleted_yn)
VALUES (18,'[원피스] 조로 아크릴스탠드 거래 #018','[원피스] 조로 아크릴스탠드 거래글 더미 데이터 18번입니다.','조로 아크릴스탠드','원피스','조로','아크릴스탠드',10000,'EXCHANGE','DELIVERY','서울 강남','DONE',0,0,SYSDATE-1,NULL,'N');

INSERT INTO trade_post (seller_id,title,content,goods_name,work_name,character_name,category,price,trade_type,trade_method,region,status,view_count,like_count,created_at,updated_at,deleted_yn)
VALUES (19,'[진격의 거인] 에렌 피규어 거래 #019','[진격의 거인] 에렌 피규어 거래글 더미 데이터 19번입니다.','에렌 피규어','진격의 거인','에렌','피규어',12000,'SELL','DIRECT','서울 신촌','ON_SALE',0,0,SYSDATE-1,NULL,'N');

INSERT INTO trade_post (seller_id,title,content,goods_name,work_name,character_name,category,price,trade_type,trade_method,region,status,view_count,like_count,created_at,updated_at,deleted_yn)
VALUES (20,'[진격의 거인] 리바이 키링 거래 #020','[진격의 거인] 리바이 키링 거래글 더미 데이터 20번입니다.','리바이 키링','진격의 거인','리바이','키링',15000,'BUY','DELIVERY','서울 명동','RESERVED',0,0,SYSDATE-1,NULL,'N');

-- 21 ~ 30
INSERT INTO trade_post (seller_id,title,content,goods_name,work_name,character_name,category,price,trade_type,trade_method,region,status,view_count,like_count,created_at,updated_at,deleted_yn)
VALUES (21,'[귀멸의 칼날] 탄지로 포카 거래 #021','[귀멸의 칼날] 탄지로 포카 거래글 더미 데이터 21번입니다.','탄지로 포카','귀멸의 칼날','탄지로','포카',8000,'EXCHANGE','DIRECT','부산 서면','DONE',0,0,SYSDATE-1,NULL,'N');

INSERT INTO trade_post (seller_id,title,content,goods_name,work_name,character_name,category,price,trade_type,trade_method,region,status,view_count,like_count,created_at,updated_at,deleted_yn)
VALUES (22,'[귀멸의 칼날] 네즈코 아크릴스탠드 거래 #022','[귀멸의 칼날] 네즈코 아크릴스탠드 거래글 더미 데이터 22번입니다.','네즈코 아크릴스탠드','귀멸의 칼날','네즈코','아크릴스탠드',9000,'SELL','DELIVERY','대구 동성로','ON_SALE',0,0,SYSDATE-1,NULL,'N');

INSERT INTO trade_post (seller_id,title,content,goods_name,work_name,character_name,category,price,trade_type,trade_method,region,status,view_count,like_count,created_at,updated_at,deleted_yn)
VALUES (23,'[나루토] 나루토 피규어 거래 #023','[나루토] 나루토 피규어 거래글 더미 데이터 23번입니다.','나루토 피규어','나루토','나루토','피규어',10000,'BUY','DIRECT','인천 부평','RESERVED',0,0,SYSDATE-1,NULL,'N');
INSERT INTO trade_post (seller_id,title,content,goods_name,work_name,character_name,category,price,trade_type,trade_method,region,status,view_count,like_count,created_at,updated_at,deleted_yn)
VALUES (24,'[나루토] 사스케 키링 거래 #024','[나루토] 사스케 키링 거래글 더미 데이터 24번입니다.','사스케 키링','나루토','사스케','키링',12000,'EXCHANGE','DELIVERY','경기 수원','DONE',0,0,SYSDATE-1,NULL,'N');
INSERT INTO trade_post (seller_id,title,content,goods_name,work_name,character_name,category,price,trade_type,trade_method,region,status,view_count,like_count,created_at,updated_at,deleted_yn)
VALUES (25,'[주술회전] 이타도리 유우지 포카 거래 #025','[주술회전] 이타도리 유우지 포카 거래글 더미 데이터 25번입니다.','이타도리 유우지 포카','주술회전','이타도리 유우지','포카',15000,'SELL','DIRECT','서울 홍대','ON_SALE',0,0,SYSDATE-1,NULL,'N');
INSERT INTO trade_post (seller_id,title,content,goods_name,work_name,character_name,category,price,trade_type,trade_method,region,status,view_count,like_count,created_at,updated_at,deleted_yn)
VALUES (26,'[주술회전] 고죠 사토루 아크릴스탠드 거래 #026','[주술회전] 고죠 사토루 아크릴스탠드 거래글 더미 데이터 26번입니다.','고죠 사토루 아크릴스탠드','주술회전','고죠 사토루','아크릴스탠드',8000,'BUY','DELIVERY','서울 강남','RESERVED',0,0,SYSDATE-1,NULL,'N');
INSERT INTO trade_post (seller_id,title,content,goods_name,work_name,character_name,category,price,trade_type,trade_method,region,status,view_count,like_count,created_at,updated_at,deleted_yn)
VALUES (27,'[원피스] 루피 피규어 거래 #027','[원피스] 루피 피규어 거래글 더미 데이터 27번입니다.','루피 피규어','원피스','루피','피규어',9000,'EXCHANGE','DIRECT','서울 신촌','DONE',0,0,SYSDATE-1,NULL,'N');
INSERT INTO trade_post (seller_id,title,content,goods_name,work_name,character_name,category,price,trade_type,trade_method,region,status,view_count,like_count,created_at,updated_at,deleted_yn)
VALUES (28,'[원피스] 조로 키링 거래 #028','[원피스] 조로 키링 거래글 더미 데이터 28번입니다.','조로 키링','원피스','조로','키링',10000,'SELL','DELIVERY','서울 명동','ON_SALE',0,0,SYSDATE-1,NULL,'N');
INSERT INTO trade_post (seller_id,title,content,goods_name,work_name,character_name,category,price,trade_type,trade_method,region,status,view_count,like_count,created_at,updated_at,deleted_yn)
VALUES (29,'[진격의 거인] 에렌 포카 거래 #029','[진격의 거인] 에렌 포카 거래글 더미 데이터 29번입니다.','에렌 포카','진격의 거인','에렌','포카',12000,'BUY','DIRECT','부산 서면','RESERVED',0,0,SYSDATE-1,NULL,'N');
INSERT INTO trade_post (seller_id,title,content,goods_name,work_name,character_name,category,price,trade_type,trade_method,region,status,view_count,like_count,created_at,updated_at,deleted_yn)
VALUES (30,'[진격의 거인] 리바이 아크릴스탠드 거래 #030','[진격의 거인] 리바이 아크릴스탠드 거래글 더미 데이터 30번입니다.','리바이 아크릴스탠드','진격의 거인','리바이','아크릴스탠드',15000,'EXCHANGE','DELIVERY','대구 동성로','DONE',0,0,SYSDATE-1,NULL,'N');

-- 31 ~ 40
INSERT INTO trade_post (seller_id,title,content,goods_name,work_name,character_name,category,price,trade_type,trade_method,region,status,view_count,like_count,created_at,updated_at,deleted_yn)
VALUES (31,'[귀멸의 칼날] 탄지로 피규어 거래 #031','[귀멸의 칼날] 탄지로 피규어 거래글 더미 데이터 31번입니다.','탄지로 피규어','귀멸의 칼날','탄지로','피규어',8000,'SELL','DIRECT','인천 부평','ON_SALE',0,0,SYSDATE-1,NULL,'N');
INSERT INTO trade_post (seller_id,title,content,goods_name,work_name,character_name,category,price,trade_type,trade_method,region,status,view_count,like_count,created_at,updated_at,deleted_yn)
VALUES (32,'[귀멸의 칼날] 네즈코 키링 거래 #032','[귀멸의 칼날] 네즈코 키링 거래글 더미 데이터 32번입니다.','네즈코 키링','귀멸의 칼날','네즈코','키링',9000,'BUY','DELIVERY','경기 수원','RESERVED',0,0,SYSDATE-1,NULL,'N');
INSERT INTO trade_post (seller_id,title,content,goods_name,work_name,character_name,category,price,trade_type,trade_method,region,status,view_count,like_count,created_at,updated_at,deleted_yn)
VALUES (33,'[나루토] 나루토 포카 거래 #033','[나루토] 나루토 포카 거래글 더미 데이터 33번입니다.','나루토 포카','나루토','나루토','포카',10000,'EXCHANGE','DIRECT','서울 홍대','DONE',0,0,SYSDATE-1,NULL,'N');
INSERT INTO trade_post (seller_id,title,content,goods_name,work_name,character_name,category,price,trade_type,trade_method,region,status,view_count,like_count,created_at,updated_at,deleted_yn)
VALUES (34,'[나루토] 사스케 아크릴스탠드 거래 #034','[나루토] 사스케 아크릴스탠드 거래글 더미 데이터 34번입니다.','사스케 아크릴스탠드','나루토','사스케','아크릴스탠드',12000,'SELL','DELIVERY','서울 강남','ON_SALE',0,0,SYSDATE-1,NULL,'N');
INSERT INTO trade_post (seller_id,title,content,goods_name,work_name,character_name,category,price,trade_type,trade_method,region,status,view_count,like_count,created_at,updated_at,deleted_yn)
VALUES (35,'[주술회전] 이타도리 유우지 피규어 거래 #035','[주술회전] 이타도리 유우지 피규어 거래글 더미 데이터 35번입니다.','이타도리 유우지 피규어','주술회전','이타도리 유우지','피규어',15000,'BUY','DIRECT','서울 신촌','RESERVED',0,0,SYSDATE-1,NULL,'N');
INSERT INTO trade_post (seller_id,title,content,goods_name,work_name,character_name,category,price,trade_type,trade_method,region,status,view_count,like_count,created_at,updated_at,deleted_yn)
VALUES (36,'[주술회전] 고죠 사토루 키링 거래 #036','[주술회전] 고죠 사토루 키링 거래글 더미 데이터 36번입니다.','고죠 사토루 키링','주술회전','고죠 사토루','키링',8000,'EXCHANGE','DELIVERY','서울 명동','DONE',0,0,SYSDATE-1,NULL,'N');
INSERT INTO trade_post (seller_id,title,content,goods_name,work_name,character_name,category,price,trade_type,trade_method,region,status,view_count,like_count,created_at,updated_at,deleted_yn)
VALUES (37,'[원피스] 루피 포카 거래 #037','[원피스] 루피 포카 거래글 더미 데이터 37번입니다.','루피 포카','원피스','루피','포카',9000,'SELL','DIRECT','부산 서면','ON_SALE',0,0,SYSDATE-1,NULL,'N');
INSERT INTO trade_post (seller_id,title,content,goods_name,work_name,character_name,category,price,trade_type,trade_method,region,status,view_count,like_count,created_at,updated_at,deleted_yn)
VALUES (38,'[원피스] 조로 아크릴스탠드 거래 #038','[원피스] 조로 아크릴스탠드 거래글 더미 데이터 38번입니다.','조로 아크릴스탠드','원피스','조로','아크릴스탠드',10000,'BUY','DELIVERY','대구 동성로','RESERVED',0,0,SYSDATE-1,NULL,'N');
INSERT INTO trade_post (seller_id,title,content,goods_name,work_name,character_name,category,price,trade_type,trade_method,region,status,view_count,like_count,created_at,updated_at,deleted_yn)
VALUES (39,'[진격의 거인] 에렌 피규어 거래 #039','[진격의 거인] 에렌 피규어 거래글 더미 데이터 39번입니다.','에렌 피규어','진격의 거인','에렌','피규어',12000,'EXCHANGE','DIRECT','인천 부평','DONE',0,0,SYSDATE-1,NULL,'N');
INSERT INTO trade_post (seller_id,title,content,goods_name,work_name,character_name,category,price,trade_type,trade_method,region,status,view_count,like_count,created_at,updated_at,deleted_yn)
VALUES (40,'[진격의 거인] 리바이 키링 거래 #040','[진격의 거인] 리바이 키링 거래글 더미 데이터 40번입니다.','리바이 키링','진격의 거인','리바이','키링',15000,'SELL','DELIVERY','경기 수원','ON_SALE',0,0,SYSDATE-1,NULL,'N');
-- 41 ~ 50
INSERT INTO trade_post (seller_id,title,content,goods_name,work_name,character_name,category,price,trade_type,trade_method,region,status,view_count,like_count,created_at,updated_at,deleted_yn)
VALUES (41,'[귀멸의 칼날] 탄지로 포카 거래 #041','[귀멸의 칼날] 탄지로 포카 거래글 더미 데이터 41번입니다.','탄지로 포카','귀멸의 칼날','탄지로','포카',8000,'BUY','DIRECT','서울 홍대','RESERVED',0,0,SYSDATE-1,NULL,'N');
INSERT INTO trade_post (seller_id,title,content,goods_name,work_name,character_name,category,price,trade_type,trade_method,region,status,view_count,like_count,created_at,updated_at,deleted_yn)
VALUES (42,'[귀멸의 칼날] 네즈코 아크릴스탠드 거래 #042','[귀멸의 칼날] 네즈코 아크릴스탠드 거래글 더미 데이터 42번입니다.','네즈코 아크릴스탠드','귀멸의 칼날','네즈코','아크릴스탠드',9000,'EXCHANGE','DELIVERY','서울 강남','DONE',0,0,SYSDATE-1,NULL,'N');
INSERT INTO trade_post (seller_id,title,content,goods_name,work_name,character_name,category,price,trade_type,trade_method,region,status,view_count,like_count,created_at,updated_at,deleted_yn)
VALUES (43,'[나루토] 나루토 피규어 거래 #043','[나루토] 나루토 피규어 거래글 더미 데이터 43번입니다.','나루토 피규어','나루토','나루토','피규어',10000,'SELL','DIRECT','서울 신촌','ON_SALE',0,0,SYSDATE-1,NULL,'N');
INSERT INTO trade_post (seller_id,title,content,goods_name,work_name,character_name,category,price,trade_type,trade_method,region,status,view_count,like_count,created_at,updated_at,deleted_yn)
VALUES (44,'[나루토] 사스케 키링 거래 #044','[나루토] 사스케 키링 거래글 더미 데이터 44번입니다.','사스케 키링','나루토','사스케','키링',12000,'BUY','DELIVERY','서울 명동','RESERVED',0,0,SYSDATE-1,NULL,'N');
INSERT INTO trade_post (seller_id,title,content,goods_name,work_name,character_name,category,price,trade_type,trade_method,region,status,view_count,like_count,created_at,updated_at,deleted_yn)
VALUES (45,'[주술회전] 이타도리 유우지 포카 거래 #045','[주술회전] 이타도리 유우지 포카 거래글 더미 데이터 45번입니다.','이타도리 유우지 포카','주술회전','이타도리 유우지','포카',15000,'EXCHANGE','DIRECT','부산 서면','DONE',0,0,SYSDATE-1,NULL,'N');
INSERT INTO trade_post (seller_id,title,content,goods_name,work_name,character_name,category,price,trade_type,trade_method,region,status,view_count,like_count,created_at,updated_at,deleted_yn)
VALUES (46,'[주술회전] 고죠 사토루 아크릴스탠드 거래 #046','[주술회전] 고죠 사토루 아크릴스탠드 거래글 더미 데이터 46번입니다.','고죠 사토루 아크릴스탠드','주술회전','고죠 사토루','아크릴스탠드',8000,'SELL','DELIVERY','대구 동성로','ON_SALE',0,0,SYSDATE-1,NULL,'N');
INSERT INTO trade_post (seller_id,title,content,goods_name,work_name,character_name,category,price,trade_type,trade_method,region,status,view_count,like_count,created_at,updated_at,deleted_yn)
VALUES (47,'[원피스] 루피 피규어 거래 #047','[원피스] 루피 피규어 거래글 더미 데이터 47번입니다.','루피 피규어','원피스','루피','피규어',9000,'BUY','DIRECT','인천 부평','RESERVED',0,0,SYSDATE-1,NULL,'N');
INSERT INTO trade_post (seller_id,title,content,goods_name,work_name,character_name,category,price,trade_type,trade_method,region,status,view_count,like_count,created_at,updated_at,deleted_yn)
VALUES (48,'[원피스] 조로 키링 거래 #048','[원피스] 조로 키링 거래글 더미 데이터 48번입니다.','조로 키링','원피스','조로','키링',10000,'EXCHANGE','DELIVERY','경기 수원','DONE',0,0,SYSDATE-1,NULL,'N');
INSERT INTO trade_post (seller_id,title,content,goods_name,work_name,character_name,category,price,trade_type,trade_method,region,status,view_count,like_count,created_at,updated_at,deleted_yn)
VALUES (49,'[진격의 거인] 에렌 포카 거래 #049','[진격의 거인] 에렌 포카 거래글 더미 데이터 49번입니다.','에렌 포카','진격의 거인','에렌','포카',12000,'SELL','DIRECT','서울 홍대','ON_SALE',0,0,SYSDATE-1,NULL,'N');
INSERT INTO trade_post (seller_id,title,content,goods_name,work_name,character_name,category,price,trade_type,trade_method,region,status,view_count,like_count,created_at,updated_at,deleted_yn)
VALUES (50,'[진격의 거인] 리바이 아크릴스탠드 거래 #050','[진격의 거인] 리바이 아크릴스탠드 거래글 더미 데이터 50번입니다.','리바이 아크릴스탠드','진격의 거인','리바이','아크릴스탠드',15000,'BUY','DELIVERY','서울 강남','RESERVED',0,0,SYSDATE-1,NULL,'N');
-- 51 ~ 100
-- 51 ~ 60
INSERT INTO trade_post (seller_id,title,content,goods_name,work_name,character_name,category,price,trade_type,trade_method,region,status,view_count,like_count,created_at,updated_at,deleted_yn)
VALUES (51,'[귀멸의 칼날] 탄지로 포카 거래 #051','[귀멸의 칼날] 탄지로 포카 거래글 더미 데이터 51번입니다.','탄지로 포카','귀멸의 칼날','탄지로','포카',8000,'SELL','DIRECT','서울 홍대','ON_SALE',0,0,SYSDATE-1,NULL,'N');

INSERT INTO trade_post (seller_id,title,content,goods_name,work_name,character_name,category,price,trade_type,trade_method,region,status,view_count,like_count,created_at,updated_at,deleted_yn)
VALUES (52,'[귀멸의 칼날] 네즈코 피규어 거래 #052','[귀멸의 칼날] 네즈코 피규어 거래글 더미 데이터 52번입니다.','네즈코 피규어','귀멸의 칼날','네즈코','피규어',13000,'BUY','DELIVERY','서울 강남','RESERVED',0,0,SYSDATE-1,NULL,'N');

INSERT INTO trade_post (seller_id,title,content,goods_name,work_name,character_name,category,price,trade_type,trade_method,region,status,view_count,like_count,created_at,updated_at,deleted_yn)
VALUES (53,'[나루토] 나루토 포카 거래 #053','[나루토] 나루토 포카 거래글 더미 데이터 53번입니다.','나루토 포카','나루토','나루토','포카',7000,'EXCHANGE','DIRECT','서울 신촌','DONE',0,0,SYSDATE-1,NULL,'N');

INSERT INTO trade_post (seller_id,title,content,goods_name,work_name,character_name,category,price,trade_type,trade_method,region,status,view_count,like_count,created_at,updated_at,deleted_yn)
VALUES (54,'[나루토] 카카시 키링 거래 #054','[나루토] 카카시 키링 거래글 더미 데이터 54번입니다.','카카시 키링','나루토','카카시','키링',9000,'SELL','DELIVERY','서울 명동','ON_SALE',0,0,SYSDATE-1,NULL,'N');

INSERT INTO trade_post (seller_id,title,content,goods_name,work_name,character_name,category,price,trade_type,trade_method,region,status,view_count,like_count,created_at,updated_at,deleted_yn)
VALUES (55,'[주술회전] 이타도리 유우지 포카 거래 #055','[주술회전] 이타도리 유우지 포카 거래글 더미 데이터 55번입니다.','이타도리 유우지 포카','주술회전','이타도리 유우지','포카',11000,'BUY','DIRECT','부산 서면','RESERVED',0,0,SYSDATE-1,NULL,'N');

INSERT INTO trade_post (seller_id,title,content,goods_name,work_name,character_name,category,price,trade_type,trade_method,region,status,view_count,like_count,created_at,updated_at,deleted_yn)
VALUES (56,'[주술회전] 고죠 사토루 피규어 거래 #056','[주술회전] 고죠 사토루 피규어 거래글 더미 데이터 56번입니다.','고죠 사토루 피규어','주술회전','고죠 사토루','피규어',20000,'SELL','DELIVERY','대구 동성로','ON_SALE',0,0,SYSDATE-1,NULL,'N');

INSERT INTO trade_post (seller_id,title,content,goods_name,work_name,character_name,category,price,trade_type,trade_method,region,status,view_count,like_count,created_at,updated_at,deleted_yn)
VALUES (57,'[원피스] 루피 포카 거래 #057','[원피스] 루피 포카 거래글 더미 데이터 57번입니다.','루피 포카','원피스','루피','포카',8000,'EXCHANGE','DIRECT','인천 부평','DONE',0,0,SYSDATE-1,NULL,'N');

INSERT INTO trade_post (seller_id,title,content,goods_name,work_name,character_name,category,price,trade_type,trade_method,region,status,view_count,like_count,created_at,updated_at,deleted_yn)
VALUES (58,'[원피스] 조로 피규어 거래 #058','[원피스] 조로 피규어 거래글 더미 데이터 58번입니다.','조로 피규어','원피스','조로','피규어',16000,'SELL','DELIVERY','경기 수원','ON_SALE',0,0,SYSDATE-1,NULL,'N');

INSERT INTO trade_post (seller_id,title,content,goods_name,work_name,character_name,category,price,trade_type,trade_method,region,status,view_count,like_count,created_at,updated_at,deleted_yn)
VALUES (59,'[진격의 거인] 에렌 포카 거래 #059','[진격의 거인] 에렌 포카 거래글 더미 데이터 59번입니다.','에렌 포카','진격의 거인','에렌','포카',9000,'BUY','DIRECT','경기 일산','RESERVED',0,0,SYSDATE-1,NULL,'N');

INSERT INTO trade_post (seller_id,title,content,goods_name,work_name,character_name,category,price,trade_type,trade_method,region,status,view_count,like_count,created_at,updated_at,deleted_yn)
VALUES (60,'[진격의 거인] 리바이 피규어 거래 #060','[진격의 거인] 리바이 피규어 거래글 더미 데이터 60번입니다.','리바이 피규어','진격의 거인','리바이','피규어',22000,'EXCHANGE','DELIVERY','서울 노원','DONE',0,0,SYSDATE-1,NULL,'N');

-- 61 ~ 70
INSERT INTO trade_post (seller_id,title,content,goods_name,work_name,character_name,category,price,trade_type,trade_method,region,status,view_count,like_count,created_at,updated_at,deleted_yn)
VALUES (61,'[귀멸의 칼날] 젠이츠 포카 거래 #061','[귀멸의 칼날] 젠이츠 포카 거래글 더미 데이터 61번입니다.','젠이츠 포카','귀멸의 칼날','젠이츠','포카',7000,'SELL','DIRECT','서울 홍대','ON_SALE',0,0,SYSDATE-1,NULL,'N');

INSERT INTO trade_post (seller_id,title,content,goods_name,work_name,character_name,category,price,trade_type,trade_method,region,status,view_count,like_count,created_at,updated_at,deleted_yn)
VALUES (62,'[귀멸의 칼날] 이노스케 피규어 거래 #062','[귀멸의 칼날] 이노스케 피규어 거래글 더미 데이터 62번입니다.','이노스케 피규어','귀멸의 칼날','이노스케','피규어',15000,'BUY','DELIVERY','서울 강남','RESERVED',0,0,SYSDATE-1,NULL,'N');

INSERT INTO trade_post (seller_id,title,content,goods_name,work_name,character_name,category,price,trade_type,trade_method,region,status,view_count,like_count,created_at,updated_at,deleted_yn)
VALUES (63,'[나루토] 사쿠라 포카 거래 #063','[나루토] 사쿠라 포카 거래글 더미 데이터 63번입니다.','사쿠라 포카','나루토','사쿠라','포카',6000,'EXCHANGE','DIRECT','서울 신촌','DONE',0,0,SYSDATE-1,NULL,'N');

INSERT INTO trade_post (seller_id,title,content,goods_name,work_name,character_name,category,price,trade_type,trade_method,region,status,view_count,like_count,created_at,updated_at,deleted_yn)
VALUES (64,'[나루토] 이타치 피규어 거래 #064','[나루토] 이타치 피규어 거래글 더미 데이터 64번입니다.','이타치 피규어','나루토','이타치','피규어',23000,'SELL','DELIVERY','서울 명동','ON_SALE',0,0,SYSDATE-1,NULL,'N');

INSERT INTO trade_post (seller_id,title,content,goods_name,work_name,character_name,category,price,trade_type,trade_method,region,status,view_count,like_count,created_at,updated_at,deleted_yn)
VALUES (65,'[주술회전] 후시구로 메구미 포카 거래 #065','[주술회전] 후시구로 메구미 포카 거래글 더미 데이터 65번입니다.','후시구로 메구미 포카','주술회전','후시구로 메구미','포카',9000,'BUY','DIRECT','부산 서면','RESERVED',0,0,SYSDATE-1,NULL,'N');

INSERT INTO trade_post (seller_id,title,content,goods_name,work_name,character_name,category,price,trade_type,trade_method,region,status,view_count,like_count,created_at,updated_at,deleted_yn)
VALUES (66,'[주술회전] 나나미 켄토 피규어 거래 #066','[주술회전] 나나미 켄토 피규어 거래글 더미 데이터 66번입니다.','나나미 켄토 피규어','주술회전','나나미 켄토','피규어',21000,'SELL','DELIVERY','대구 동성로','ON_SALE',0,0,SYSDATE-1,NULL,'N');

INSERT INTO trade_post (seller_id,title,content,goods_name,work_name,character_name,category,price,trade_type,trade_method,region,status,view_count,like_count,created_at,updated_at,deleted_yn)
VALUES (67,'[원피스] 나미 포카 거래 #067','[원피스] 나미 포카 거래글 더미 데이터 67번입니다.','나미 포카','원피스','나미','포카',7000,'EXCHANGE','DIRECT','인천 부평','DONE',0,0,SYSDATE-1,NULL,'N');

INSERT INTO trade_post (seller_id,title,content,goods_name,work_name,character_name,category,price,trade_type,trade_method,region,status,view_count,like_count,created_at,updated_at,deleted_yn)
VALUES (68,'[원피스] 상디 피규어 거래 #068','[원피스] 상디 피규어 거래글 더미 데이터 68번입니다.','상디 피규어','원피스','상디','피규어',18000,'SELL','DELIVERY','경기 수원','ON_SALE',0,0,SYSDATE-1,NULL,'N');

INSERT INTO trade_post (seller_id,title,content,goods_name,work_name,character_name,category,price,trade_type,trade_method,region,status,view_count,like_count,created_at,updated_at,deleted_yn)
VALUES (69,'[진격의 거인] 아르민 포카 거래 #069','[진격의 거인] 아르민 포카 거래글 더미 데이터 69번입니다.','아르민 포카','진격의 거인','아르민','포카',8000,'BUY','DIRECT','경기 일산','RESERVED',0,0,SYSDATE-1,NULL,'N');

INSERT INTO trade_post (seller_id,title,content,goods_name,work_name,character_name,category,price,trade_type,trade_method,region,status,view_count,like_count,created_at,updated_at,deleted_yn)
VALUES (70,'[진격의 거인] 한지 피규어 거래 #070','[진격의 거인] 한지 피규어 거래글 더미 데이터 70번입니다.','한지 피규어','진격의 거인','한지','피규어',19000,'EXCHANGE','DELIVERY','서울 노원','DONE',0,0,SYSDATE-1,NULL,'N');

-- 71 ~ 80
INSERT INTO trade_post (seller_id,title,content,goods_name,work_name,character_name,category,price,trade_type,trade_method,region,status,view_count,like_count,created_at,updated_at,deleted_yn)
VALUES (71,'[귀멸의 칼날] 기유 포카 거래 #071','[귀멸의 칼날] 토미오카 기유 포카 거래글 더미 데이터 71번입니다.','토미오카 기유 포카','귀멸의 칼날','토미오카 기유','포카',9000,'SELL','DIRECT','서울 홍대','ON_SALE',0,0,SYSDATE-1,NULL,'N');

INSERT INTO trade_post (seller_id,title,content,goods_name,work_name,character_name,category,price,trade_type,trade_method,region,status,view_count,like_count,created_at,updated_at,deleted_yn)
VALUES (72,'[귀멸의 칼날] 렌고쿠 피규어 거래 #072','[귀멸의 칼날] 렌고쿠 쿄쥬로 피규어 거래글 더미 데이터 72번입니다.','렌고쿠 피규어','귀멸의 칼날','렌고쿠 쿄쥬로','피규어',26000,'BUY','DELIVERY','서울 강남','RESERVED',0,0,SYSDATE-1,NULL,'N');

INSERT INTO trade_post (seller_id,title,content,goods_name,work_name,character_name,category,price,trade_type,trade_method,region,status,view_count,like_count,created_at,updated_at,deleted_yn)
VALUES (73,'[나루토] 가아라 포카 거래 #073','[나루토] 가아라 포카 거래글 더미 데이터 73번입니다.','가아라 포카','나루토','가아라','포카',7000,'EXCHANGE','DIRECT','서울 신촌','DONE',0,0,SYSDATE-1,NULL,'N');

INSERT INTO trade_post (seller_id,title,content,goods_name,work_name,character_name,category,price,trade_type,trade_method,region,status,view_count,like_count,created_at,updated_at,deleted_yn)
VALUES (74,'[나루토] 츠나데 피규어 거래 #074','[나루토] 츠나데 피규어 거래글 더미 데이터 74번입니다.','츠나데 피규어','나루토','츠나데','피규어',24000,'SELL','DELIVERY','서울 명동','ON_SALE',0,0,SYSDATE-1,NULL,'N');

INSERT INTO trade_post (seller_id,title,content,goods_name,work_name,character_name,category,price,trade_type,trade_method,region,status,view_count,like_count,created_at,updated_at,deleted_yn)
VALUES (75,'[주술회전] 이누마키 토게 포카 거래 #075','[주술회전] 이누마키 토게 포카 거래글 더미 데이터 75번입니다.','이누마키 토게 포카','주술회전','이누마키 토게','포카',9500,'BUY','DIRECT','부산 서면','RESERVED',0,0,SYSDATE-1,NULL,'N');

INSERT INTO trade_post (seller_id,title,content,goods_name,work_name,character_name,category,price,trade_type,trade_method,region,status,view_count,like_count,created_at,updated_at,deleted_yn)
VALUES (76,'[주술회전] 판다 피규어 거래 #076','[주술회전] 판다 피규어 거래글 더미 데이터 76번입니다.','판다 피규어','주술회전','판다','피규어',17000,'SELL','DELIVERY','대구 동성로','ON_SALE',0,0,SYSDATE-1,NULL,'N');

INSERT INTO trade_post (seller_id,title,content,goods_name,work_name,character_name,category,price,trade_type,trade_method,region,status,view_count,like_count,created_at,updated_at,deleted_yn)
VALUES (77,'[원피스] 로빈 포카 거래 #077','[원피스] 니코 로빈 포카 거래글 더미 데이터 77번입니다.','니코 로빈 포카','원피스','니코 로빈','포카',8500,'EXCHANGE','DIRECT','인천 부평','DONE',0,0,SYSDATE-1,NULL,'N');

INSERT INTO trade_post (seller_id,title,content,goods_name,work_name,character_name,category,price,trade_type,trade_method,region,status,view_count,like_count,created_at,updated_at,deleted_yn)
VALUES (78,'[원피스] 프랑키 피규어 거래 #078','[원피스] 프랑키 피규어 거래글 더미 데이터 78번입니다.','프랑키 피규어','원피스','프랑키','피규어',21000,'SELL','DELIVERY','경기 수원','ON_SALE',0,0,SYSDATE-1,NULL,'N');

INSERT INTO trade_post (seller_id,title,content,goods_name,work_name,character_name,category,price,trade_type,trade_method,region,status,view_count,like_count,created_at,updated_at,deleted_yn)
VALUES (79,'[진격의 거인] 미카사 포카 거래 #079','[진격의 거인] 미카사 포카 거래글 더미 데이터 79번입니다.','미카사 포카','진격의 거인','미카사','포카',10000,'BUY','DIRECT','경기 일산','RESERVED',0,0,SYSDATE-1,NULL,'N');

INSERT INTO trade_post (seller_id,title,content,goods_name,work_name,character_name,category,price,trade_type,trade_method,region,status,view_count,like_count,created_at,updated_at,deleted_yn)
VALUES (80,'[진격의 거인] 장 피규어 거래 #080','[진격의 거인] 장 피규어 거래글 더미 데이터 80번입니다.','장 피규어','진격의 거인','장','피규어',18500,'EXCHANGE','DELIVERY','서울 노원','DONE',0,0,SYSDATE-1,NULL,'N');

-- 81 ~ 90
INSERT INTO trade_post (seller_id,title,content,goods_name,work_name,character_name,category,price,trade_type,trade_method,region,status,view_count,like_count,created_at,updated_at,deleted_yn)
VALUES (81,'[귀멸의 칼날] 시노부 포카 거래 #081','[귀멸의 칼날] 코쵸 시노부 포카 거래글 더미 데이터 81번입니다.','코쵸 시노부 포카','귀멸의 칼날','코쵸 시노부','포카',11000,'SELL','DIRECT','서울 홍대','ON_SALE',0,0,SYSDATE-1,NULL,'N');

INSERT INTO trade_post (seller_id,title,content,goods_name,work_name,character_name,category,price,trade_type,trade_method,region,status,view_count,like_count,created_at,updated_at,deleted_yn)
VALUES (82,'[귀멸의 칼날] 우즈이 텐겐 피규어 거래 #082','[귀멸의 칼날] 우즈이 텐겐 피규어 거래글 더미 데이터 82번입니다.','우즈이 텐겐 피규어','귀멸의 칼날','우즈이 텐겐','피규어',27000,'BUY','DELIVERY','서울 강남','RESERVED',0,0,SYSDATE-1,NULL,'N');

INSERT INTO trade_post (seller_id,title,content,goods_name,work_name,character_name,category,price,trade_type,trade_method,region,status,view_count,like_count,created_at,updated_at,deleted_yn)
VALUES (83,'[나루토] 히나타 포카 거래 #083','[나루토] 히나타 포카 거래글 더미 데이터 83번입니다.','히나타 포카','나루토','히나타','포카',9500,'EXCHANGE','DIRECT','서울 신촌','DONE',0,0,SYSDATE-1,NULL,'N');

INSERT INTO trade_post (seller_id,title,content,goods_name,work_name,character_name,category,price,trade_type,trade_method,region,status,view_count,like_count,created_at,updated_at,deleted_yn)
VALUES (84,'[나루토] 미나토 피규어 거래 #084','[나루토] 미나토 피규어 거래글 더미 데이터 84번입니다.','미나토 피규어','나루토','미나토','피규어',25000,'SELL','DELIVERY','서울 명동','ON_SALE',0,0,SYSDATE-1,NULL,'N');

INSERT INTO trade_post (seller_id,title,content,goods_name,work_name,character_name,category,price,trade_type,trade_method,region,status,view_count,like_count,created_at,updated_at,deleted_yn)
VALUES (85,'[주술회전] 츠쿠모 유키 포카 거래 #085','[주술회전] 츠쿠모 유키 포카 거래글 더미 데이터 85번입니다.','츠쿠모 유키 포카','주술회전','츠쿠모 유키','포카',12000,'BUY','DIRECT','부산 서면','RESERVED',0,0,SYSDATE-1,NULL,'N');

INSERT INTO trade_post (seller_id,title,content,goods_name,work_name,character_name,category,price,trade_type,trade_method,region,status,view_count,like_count,created_at,updated_at,deleted_yn)
VALUES (86,'[주술회전] 스쿠나 피규어 거래 #086','[주술회전] 료멘 스쿠나 피규어 거래글 더미 데이터 86번입니다.','료멘 스쿠나 피규어','주술회전','료멘 스쿠나','피규어',28000,'SELL','DELIVERY','대구 동성로','ON_SALE',0,0,SYSDATE-1,NULL,'N');

INSERT INTO trade_post (seller_id,title,content,goods_name,work_name,character_name,category,price,trade_type,trade_method,region,status,view_count,like_count,created_at,updated_at,deleted_yn)
VALUES (87,'[원피스] 샹크스 포카 거래 #087','[원피스] 샹크스 포카 거래글 더미 데이터 87번입니다.','샹크스 포카','원피스','샹크스','포카',13000,'EXCHANGE','DIRECT','인천 부평','DONE',0,0,SYSDATE-1,NULL,'N');

INSERT INTO trade_post (seller_id,title,content,goods_name,work_name,character_name,category,price,trade_type,trade_method,region,status,view_count,like_count,created_at,updated_at,deleted_yn)
VALUES (88,'[원피스] 에이스 피규어 거래 #088','[원피스] 에이스 피규어 거래글 더미 데이터 88번입니다.','에이스 피규어','원피스','에이스','피규어',26000,'SELL','DELIVERY','경기 수원','ON_SALE',0,0,SYSDATE-1,NULL,'N');

INSERT INTO trade_post (seller_id,title,content,goods_name,work_name,character_name,category,price,trade_type,trade_method,region,status,view_count,like_count,created_at,updated_at,deleted_yn)
VALUES (89,'[진격의 거인] 코니 포카 거래 #089','[진격의 거인] 코니 포카 거래글 더미 데이터 89번입니다.','코니 포카','진격의 거인','코니','포카',8500,'BUY','DIRECT','경기 일산','RESERVED',0,0,SYSDATE-1,NULL,'N');

INSERT INTO trade_post (seller_id,title,content,goods_name,work_name,character_name,category,price,trade_type,trade_method,region,status,view_count,like_count,created_at,updated_at,deleted_yn)
VALUES (90,'[진격의 거인] 피크 피규어 거래 #090','[진격의 거인] 피크 피규어 거래글 더미 데이터 90번입니다.','피크 피규어','진격의 거인','피크','피규어',23000,'EXCHANGE','DELIVERY','서울 노원','DONE',0,0,SYSDATE-1,NULL,'N');

-- 91 ~ 100
INSERT INTO trade_post (seller_id,title,content,goods_name,work_name,character_name,category,price,trade_type,trade_method,region,status,view_count,like_count,created_at,updated_at,deleted_yn)
VALUES (91,'[귀멸의 칼날] 카나오 포카 거래 #091','[귀멸의 칼날] 카나오 포카 거래글 더미 데이터 91번입니다.','츠유리 카나오 포카','귀멸의 칼날','츠유리 카나오','포카',9500,'SELL','DIRECT','서울 홍대','ON_SALE',0,0,SYSDATE-1,NULL,'N');

INSERT INTO trade_post (seller_id,title,content,goods_name,work_name,character_name,category,price,trade_type,trade_method,region,status,view_count,like_count,created_at,updated_at,deleted_yn)
VALUES (92,'[귀멸의 칼날] 무잔 피규어 거래 #092','[귀멸의 칼날] 키부츠지 무잔 피규어 거래글 더미 데이터 92번입니다.','키부츠지 무잔 피규어','귀멸의 칼날','키부츠지 무잔','피규어',29000,'BUY','DELIVERY','서울 강남','RESERVED',0,0,SYSDATE-1,NULL,'N');

INSERT INTO trade_post (seller_id,title,content,goods_name,work_name,character_name,category,price,trade_type,trade_method,region,status,view_count,like_count,created_at,updated_at,deleted_yn)
VALUES (93,'[나루토] 시카마루 포카 거래 #093','[나루토] 시카마루 포카 거래글 더미 데이터 93번입니다.','시카마루 포카','나루토','시카마루','포카',9000,'EXCHANGE','DIRECT','서울 신촌','DONE',0,0,SYSDATE-1,NULL,'N');

INSERT INTO trade_post (seller_id,title,content,goods_name,work_name,character_name,category,price,trade_type,trade_method,region,status,view_count,like_count,created_at,updated_at,deleted_yn)
VALUES (94,'[나루토] 오로치마루 피규어 거래 #094','[나루토] 오로치마루 피규어 거래글 더미 데이터 94번입니다.','오로치마루 피규어','나루토','오로치마루','피규어',25000,'SELL','DELIVERY','서울 명동','ON_SALE',0,0,SYSDATE-1,NULL,'N');

INSERT INTO trade_post (seller_id,title,content,goods_name,work_name,character_name,category,price,trade_type,trade_method,region,status,view_count,like_count,created_at,updated_at,deleted_yn)
VALUES (95,'[주술회전] 마키 포카 거래 #095','[주술회전] 젠인 마키 포카 거래글 더미 데이터 95번입니다.','젠인 마키 포카','주술회전','젠인 마키','포카',10000,'BUY','DIRECT','부산 서면','RESERVED',0,0,SYSDATE-1,NULL,'N');

INSERT INTO trade_post (seller_id,title,content,goods_name,work_name,character_name,category,price,trade_type,trade_method,region,status,view_count,like_count,created_at,updated_at,deleted_yn)
VALUES (96,'[주술회전] 오코츠 유타 피규어 거래 #096','[주술회전] 오코츠 유타 피규어 거래글 더미 데이터 96번입니다.','오코츠 유타 피규어','주술회전','오코츠 유타','피규어',27000,'SELL','DELIVERY','대구 동성로','ON_SALE',0,0,SYSDATE-1,NULL,'N');

INSERT INTO trade_post (seller_id,title,content,goods_name,work_name,character_name,category,price,trade_type,trade_method,region,status,view_count,like_count,created_at,updated_at,deleted_yn)
VALUES (97,'[원피스] 브룩 포카 거래 #097','[원피스] 브룩 포카 거래글 더미 데이터 97번입니다.','브룩 포카','원피스','브룩','포카',9000,'EXCHANGE','DIRECT','인천 부평','DONE',0,0,SYSDATE-1,NULL,'N');

INSERT INTO trade_post (seller_id,title,content,goods_name,work_name,character_name,category,price,trade_type,trade_method,region,status,view_count,like_count,created_at,updated_at,deleted_yn)
VALUES (98,'[원피스] 징베 피규어 거래 #098','[원피스] 징베 피규어 거래글 더미 데이터 98번입니다.','징베 피규어','원피스','징베','피규어',24000,'SELL','DELIVERY','경기 수원','ON_SALE',0,0,SYSDATE-1,NULL,'N');

INSERT INTO trade_post (seller_id,title,content,goods_name,work_name,character_name,category,price,trade_type,trade_method,region,status,view_count,like_count,created_at,updated_at,deleted_yn)
VALUES (99,'[진격의 거인] 라이너 포카 거래 #099','[진격의 거인] 라이너 포카 거래글 더미 데이터 99번입니다.','라이너 포카','진격의 거인','라이너','포카',9500,'BUY','DIRECT','경기 일산','RESERVED',0,0,SYSDATE-1,NULL,'N');

INSERT INTO trade_post (seller_id,title,content,goods_name,work_name,character_name,category,price,trade_type,trade_method,region,status,view_count,like_count,created_at,updated_at,deleted_yn)
VALUES (100,'[진격의 거인] 베르톨트 피규어 거래 #100','[진격의 거인] 베르톨트 피규어 거래글 더미 데이터 100번입니다.','베르톨트 피규어','진격의 거인','베르톨트','피규어',25500,'EXCHANGE','DELIVERY','서울 노원','DONE',0,0,SYSDATE-1,NULL,'N');


INSERT INTO trade_bookmark(member_id,trade_id,created_at) VALUES(1,1,SYSDATE-10);
INSERT INTO trade_bookmark(member_id,trade_id,created_at) VALUES(1,2,SYSDATE-9);
INSERT INTO trade_bookmark(member_id,trade_id,created_at) VALUES(2,3,SYSDATE-8);
INSERT INTO trade_bookmark(member_id,trade_id,created_at) VALUES(2,4,SYSDATE-7);
INSERT INTO trade_bookmark(member_id,trade_id,created_at) VALUES(3,5,SYSDATE-6);
INSERT INTO trade_bookmark(member_id,trade_id,created_at) VALUES(3,6,SYSDATE-5);
INSERT INTO trade_bookmark(member_id,trade_id,created_at) VALUES(4,7,SYSDATE-4);
INSERT INTO trade_bookmark(member_id,trade_id,created_at) VALUES(4,8,SYSDATE-3);
INSERT INTO trade_bookmark(member_id,trade_id,created_at) VALUES(5,9,SYSDATE-2);
INSERT INTO trade_bookmark(member_id,trade_id,created_at) VALUES(5,10,SYSDATE-1);

INSERT INTO trade_bookmark(member_id,trade_id,created_at) VALUES(6,11,SYSDATE-10);
INSERT INTO trade_bookmark(member_id,trade_id,created_at) VALUES(6,12,SYSDATE-9);
INSERT INTO trade_bookmark(member_id,trade_id,created_at) VALUES(7,13,SYSDATE-8);
INSERT INTO trade_bookmark(member_id,trade_id,created_at) VALUES(7,14,SYSDATE-7);
INSERT INTO trade_bookmark(member_id,trade_id,created_at) VALUES(8,15,SYSDATE-6);
INSERT INTO trade_bookmark(member_id,trade_id,created_at) VALUES(8,16,SYSDATE-5);
INSERT INTO trade_bookmark(member_id,trade_id,created_at) VALUES(9,17,SYSDATE-4);
INSERT INTO trade_bookmark(member_id,trade_id,created_at) VALUES(9,18,SYSDATE-3);
INSERT INTO trade_bookmark(member_id,trade_id,created_at) VALUES(10,19,SYSDATE-2);
INSERT INTO trade_bookmark(member_id,trade_id,created_at) VALUES(10,20,SYSDATE-1);

INSERT INTO trade_bookmark(member_id,trade_id,created_at) VALUES(1,21,SYSDATE-10);
INSERT INTO trade_bookmark(member_id,trade_id,created_at) VALUES(2,22,SYSDATE-9);
INSERT INTO trade_bookmark(member_id,trade_id,created_at) VALUES(3,23,SYSDATE-8);
INSERT INTO trade_bookmark(member_id,trade_id,created_at) VALUES(4,24,SYSDATE-7);
INSERT INTO trade_bookmark(member_id,trade_id,created_at) VALUES(5,25,SYSDATE-6);
INSERT INTO trade_bookmark(member_id,trade_id,created_at) VALUES(6,26,SYSDATE-5);
INSERT INTO trade_bookmark(member_id,trade_id,created_at) VALUES(7,27,SYSDATE-4);
INSERT INTO trade_bookmark(member_id,trade_id,created_at) VALUES(8,28,SYSDATE-3);
INSERT INTO trade_bookmark(member_id,trade_id,created_at) VALUES(9,29,SYSDATE-2);
INSERT INTO trade_bookmark(member_id,trade_id,created_at) VALUES(10,30,SYSDATE-1);

INSERT INTO trade_bookmark(member_id,trade_id,created_at) VALUES(11,31,SYSDATE-10);
INSERT INTO trade_bookmark(member_id,trade_id,created_at) VALUES(11,32,SYSDATE-9);
INSERT INTO trade_bookmark(member_id,trade_id,created_at) VALUES(12,33,SYSDATE-8);
INSERT INTO trade_bookmark(member_id,trade_id,created_at) VALUES(12,34,SYSDATE-7);
INSERT INTO trade_bookmark(member_id,trade_id,created_at) VALUES(13,35,SYSDATE-6);
INSERT INTO trade_bookmark(member_id,trade_id,created_at) VALUES(13,36,SYSDATE-5);
INSERT INTO trade_bookmark(member_id,trade_id,created_at) VALUES(14,37,SYSDATE-4);
INSERT INTO trade_bookmark(member_id,trade_id,created_at) VALUES(14,38,SYSDATE-3);
INSERT INTO trade_bookmark(member_id,trade_id,created_at) VALUES(15,39,SYSDATE-2);
INSERT INTO trade_bookmark(member_id,trade_id,created_at) VALUES(15,40,SYSDATE-1);

INSERT INTO popup_goods (popup_id, name, description, category, price, thumbnail_url)
VALUES (1, '원피스 올스타 포토카드 세트', '원피스 주요 캐릭터 10종 한정 포카 세트', '포카', 8000, 'g001.jpg');
INSERT INTO popup_goods (popup_id, name, description, category, price, thumbnail_url)
VALUES (1, '귀멸의 칼날 탄지로 미니 인형', '탄지로 SD 버전 봉제 인형 굿즈', '인형', 9000, 'g002.jpg');
INSERT INTO popup_goods (popup_id, name, description, category, price, thumbnail_url)
VALUES (1, '주술회전 이타도리 유우지 키링', '이타도리 캐릭터 아크릴 키링', '키링', 10000, 'g003.jpg');
INSERT INTO popup_goods (popup_id, name, description, category, price, thumbnail_url)
VALUES (1, '체인소맨 덴지 아크릴 스탠드', '전기톱맨 변신 포즈 아크릴 스탠드', '아크릴스탠드', 11000, 'g004.jpg');
INSERT INTO popup_goods (popup_id, name, description, category, price, thumbnail_url)
VALUES (1, '덕후로드 시즌1 로고 스티커 팩', '덕후로드 팝업 시즌1 한정 홀로그램 스티커 세트', '기타', 12000, 'g005.jpg');
INSERT INTO popup_goods (popup_id, name, description, category, price, thumbnail_url)
VALUES (1, '나루토 팀7 포토카드 세트', '나루토·사스케·사쿠라가 담긴 팀7 포카 세트', '포카', 8000, 'g006.jpg');
INSERT INTO popup_goods (popup_id, name, description, category, price, thumbnail_url)
VALUES (1, '하이큐 히나타 쇼요 마스코트 인형', '카라스노 에이스 히나타 점프 포즈 봉제 인형', '인형', 9000, 'g007.jpg');
INSERT INTO popup_goods (popup_id, name, description, category, price, thumbnail_url)
VALUES (1, '블루록 이사기 요이치 키링', '스트라이커 유니폼 버전 아크릴 키링', '키링', 10000, 'g008.jpg');
INSERT INTO popup_goods (popup_id, name, description, category, price, thumbnail_url)
VALUES (1, '진격의 거인 엘런&미카사 스탠드', '성벽 위 전투 장면을 담은 아크릴 스탠드', '아크릴스탠드', 11000, 'g009.jpg');
INSERT INTO popup_goods (popup_id, name, description, category, price, thumbnail_url)
VALUES (1, '주술회전×체인소맨 클리어파일 세트', '두 작품 일러스트가 들어간 한정판 클리어파일 세트', '기타', 12000, 'g010.jpg');

INSERT INTO popup_goods (popup_id, name, description, category, price, thumbnail_url)
VALUES (2, '블루록 스트라이커 포카 세트', '블루록 주요 스트라이커 8종 콜렉션 포토카드', '포카', 8000, 'g011.jpg');
INSERT INTO popup_goods (popup_id, name, description, category, price, thumbnail_url)
VALUES (2, '나루토 카카시 안대 미니 인형', '사륜안 가면을 쓴 카카시 봉제 인형', '인형', 9000, 'g012.jpg');
INSERT INTO popup_goods (popup_id, name, description, category, price, thumbnail_url)
VALUES (2, '스파이 패밀리 아냐 페이스 키링', '아냐 표정이 담긴 동그란 아크릴 키링', '키링', 10000, 'g013.jpg');
INSERT INTO popup_goods (popup_id, name, description, category, price, thumbnail_url)
VALUES (2, '귀멸의 칼날 9귀 기둥 아크릴 스탠드', '기둥 전원이 모인 단체 일러스트 스탠드', '아크릴스탠드', 11000, 'g014.jpg');
INSERT INTO popup_goods (popup_id, name, description, category, price, thumbnail_url)
VALUES (2, '원피스 조로 메탈 배지 세트', '조로 일러스트 메탈 뱃지 3종 세트', '기타', 12000, 'g015.jpg');
INSERT INTO popup_goods (popup_id, name, description, category, price, thumbnail_url)
VALUES (2, '체인소맨 1기 키 비주얼 포카', '애니 키 비주얼을 담은 포토카드 세트', '포카', 8000, 'g016.jpg');
INSERT INTO popup_goods (popup_id, name, description, category, price, thumbnail_url)
VALUES (2, '진격의 거인 초대형 거인 쿠션', '밤하늘 배경 초대형 거인 미니 쿠션 인형', '인형', 9000, 'g017.jpg');
INSERT INTO popup_goods (popup_id, name, description, category, price, thumbnail_url)
VALUES (2, '하이큐 카라스노 배구공 키링', '오렌지 배구공 모양 러버 키링', '키링', 10000, 'g018.jpg');
INSERT INTO popup_goods (popup_id, name, description, category, price, thumbnail_url)
VALUES (2, '나루토 나선환 디오라마 스탠드', '나루토가 나선환을 쓰는 장면 아크릴 디오라마', '아크릴스탠드', 11000, 'g019.jpg');
INSERT INTO popup_goods (popup_id, name, description, category, price, thumbnail_url)
VALUES (2, '주술회전 스페셜 티켓 홀더', '극장판 티켓 전용 홀더와 목걸이 세트', '기타', 12000, 'g020.jpg');

INSERT INTO popup_goods (popup_id, name, description, category, price, thumbnail_url)
VALUES (3, '드래곤볼Z 초사이어인 포카', '손오공·베지터 변신 장면을 담은 포토카드 세트', '포카', 8000, 'g021.jpg');
INSERT INTO popup_goods (popup_id, name, description, category, price, thumbnail_url)
VALUES (3, '세일러문 루나 고양이 인형', '달빛에서 빛나는 루나 캐릭터 봉제 인형', '인형', 9000, 'g022.jpg');
INSERT INTO popup_goods (popup_id, name, description, category, price, thumbnail_url)
VALUES (3, '슬램덩크 강백호 유니폼 키링', '경기 유니폼 디자인의 아크릴 키링', '키링', 10000, 'g023.jpg');
INSERT INTO popup_goods (popup_id, name, description, category, price, thumbnail_url)
VALUES (3, '카드캡터 사쿠라 매직 서클 스탠드', '매직 서클과 열쇠가 들어간 아크릴 스탠드', '아크릴스탠드', 11000, 'g024.jpg');
INSERT INTO popup_goods (popup_id, name, description, category, price, thumbnail_url)
VALUES (3, '포켓몬스터 1세대 레트로 자석 세트', '레드·피카츄 일러스트 미니 자석 4종', '기타', 12000, 'g025.jpg');
INSERT INTO popup_goods (popup_id, name, description, category, price, thumbnail_url)
VALUES (3, '디지몬 어드벤처 파트너 포카', '태일&아구몬 등 파트너 조합 포토카드 세트', '포카', 8000, 'g026.jpg');
INSERT INTO popup_goods (popup_id, name, description, category, price, thumbnail_url)
VALUES (3, '유유백서 쿠라마 미니 인형', '장미채찍을 든 쿠라마 레트로 스타일 인형', '인형', 9000, 'g027.jpg');
INSERT INTO popup_goods (popup_id, name, description, category, price, thumbnail_url)
VALUES (3, '이누야샤 철쇄아 미니 검 키링', '철쇄아 모양 메탈 키링', '키링', 10000, 'g028.jpg');
INSERT INTO popup_goods (popup_id, name, description, category, price, thumbnail_url)
VALUES (3, '신기동전기 건담W 윙제로 스탠드', '윙제로 버스트 모드 일러스트 아크릴 스탠드', '아크릴스탠드', 11000, 'g029.jpg');
INSERT INTO popup_goods (popup_id, name, description, category, price, thumbnail_url)
VALUES (3, '명탐정 코난 극장판 레트로 포스터 카드', '초기 극장판 포스터 엽서형 카드 세트', '기타', 12000, 'g030.jpg');

INSERT INTO popup_goods (popup_id, name, description, category, price, thumbnail_url)
VALUES (4, 'BTS 컴백 스페셜 포카 세트', '멤버 7인 개인컷과 단체컷 포토카드', '포카', 8000, 'g031.jpg');
INSERT INTO popup_goods (popup_id, name, description, category, price, thumbnail_url)
VALUES (4, '세븐틴 캐럿봉 마스코트 인형', '응원봉 모양 포근한 쿠션 인형', '인형', 9000, 'g032.jpg');
INSERT INTO popup_goods (popup_id, name, description, category, price, thumbnail_url)
VALUES (4, '뉴진스 버니 로고 키링', '버니 로고 실루엣 아크릴 키링', '키링', 10000, 'g033.jpg');
INSERT INTO popup_goods (popup_id, name, description, category, price, thumbnail_url)
VALUES (4, '르세라핌 단체 콘셉트 스탠드', '타이틀 곡 무대 의상 일러스트 스탠드', '아크릴스탠드', 11000, 'g034.jpg');
INSERT INTO popup_goods (popup_id, name, description, category, price, thumbnail_url)
VALUES (4, '아이브 앨범 아트 미니 포스터', '앨범 재킷 일러스트 미니 포스터 3종 세트', '기타', 12000, 'g035.jpg');
INSERT INTO popup_goods (popup_id, name, description, category, price, thumbnail_url)
VALUES (4, '스트레이 키즈 유닛 포카 콜렉션', '유닛별 셀카 포토카드 모음 세트', '포카', 8000, 'g036.jpg');
INSERT INTO popup_goods (popup_id, name, description, category, price, thumbnail_url)
VALUES (4, '에스파 카리나 캐릭터 인형', '아바타 컨셉을 반영한 SD 봉제 인형', '인형', 9000, 'g037.jpg');
INSERT INTO popup_goods (popup_id, name, description, category, price, thumbnail_url)
VALUES (4, '엔하이픈 로고 메탈 키링', '로고 플레이트와 참 장식이 달린 키링', '키링', 10000, 'g038.jpg');
INSERT INTO popup_goods (popup_id, name, description, category, price, thumbnail_url)
VALUES (4, '투모로우바이투게더 스테이지 스탠드', '야간 무대 콘셉트 아크릴 스탠드', '아크릴스탠드', 11000, 'g039.jpg');
INSERT INTO popup_goods (popup_id, name, description, category, price, thumbnail_url)
VALUES (4, 'NCT DREAM 응원 슬로건 패키지', '슬로건 천과 스티커, 포카가 포함된 세트', '기타', 12000, 'g040.jpg');

INSERT INTO popup_goods (popup_id, name, description, category, price, thumbnail_url)
VALUES (5, '밤하늘 피규어 라인업 카드', '팝업 한정 피규어 라인업을 소개하는 포카 세트', '포카', 8000, 'g041.jpg');
INSERT INTO popup_goods (popup_id, name, description, category, price, thumbnail_url)
VALUES (5, '진격의 거인 야간 전투 피규어', '야경 조명 효과가 들어간 엘런 피규어', '인형', 9000, 'g042.jpg');
INSERT INTO popup_goods (popup_id, name, description, category, price, thumbnail_url)
VALUES (5, '주술회전 야간 배틀 SD 피규어 키링', '야간 전투 컨셉 SD 피규어 키링', '키링', 10000, 'g043.jpg');
INSERT INTO popup_goods (popup_id, name, description, category, price, thumbnail_url)
VALUES (5, '체인소맨 네온 시티 디오라마 스탠드', '도시 야경과 덴지가 함께 있는 아크릴 스탠드', '아크릴스탠드', 11000, 'g044.jpg');
INSERT INTO popup_goods (popup_id, name, description, category, price, thumbnail_url)
VALUES (5, '원피스 조로 나이트 버전 피규어', '녹색 오라 연출이 있는 한정판 조로 피규어', '기타', 12000, 'g045.jpg');
INSERT INTO popup_goods (popup_id, name, description, category, price, thumbnail_url)
VALUES (5, '피규어 구매 특전 일러스트 카드', '밤하늘 테마 일러스트 특전 포토카드 세트', '포카', 8000, 'g046.jpg');
INSERT INTO popup_goods (popup_id, name, description, category, price, thumbnail_url)
VALUES (5, '귀멸의 칼날 야간 전투 탄지로 피규어', '물의 호흡 이펙트가 있는 프리미엄 피규어', '인형', 9000, 'g047.jpg');
INSERT INTO popup_goods (popup_id, name, description, category, price, thumbnail_url)
VALUES (5, '하이큐 야간 체육관 미니 피규어 키링', '야간 연습 장면을 모티브로 한 키링', '키링', 10000, 'g048.jpg');
INSERT INTO popup_goods (popup_id, name, description, category, price, thumbnail_url)
VALUES (5, '블루록 스타 스트라이커 LED 스탠드', '야간 경기장 배경 LED 아크릴 스탠드', '아크릴스탠드', 11000, 'g049.jpg');
INSERT INTO popup_goods (popup_id, name, description, category, price, thumbnail_url)
VALUES (5, '은하철도999 디오라마 피규어 세트', '기차와 별자리를 표현한 디오라마 피규어', '기타', 12000, 'g050.jpg');

INSERT INTO popup_goods (popup_id, name, description, category, price, thumbnail_url)
VALUES (6, '나루토 아트 엽서 포카 세트', '원화 느낌 일러스트를 담은 엽서형 포토카드', '포카', 8000, 'g051.jpg');
INSERT INTO popup_goods (popup_id, name, description, category, price, thumbnail_url)
VALUES (6, '굿즈 캔버스 마스코트 인형', '브랜드 마스코트 일러스트가 새겨진 쿠션 인형', '인형', 9000, 'g052.jpg');
INSERT INTO popup_goods (popup_id, name, description, category, price, thumbnail_url)
VALUES (6, '원피스 캔버스 로고 키링', '붓터치 스타일 로고가 인쇄된 키링', '키링', 10000, 'g053.jpg');
INSERT INTO popup_goods (popup_id, name, description, category, price, thumbnail_url)
VALUES (6, '귀멸의 칼날 수채화 아크릴 스탠드', '수채화 느낌 배경과 캐릭터가 있는 스탠드', '아크릴스탠드', 11000, 'g054.jpg');
INSERT INTO popup_goods (popup_id, name, description, category, price, thumbnail_url)
VALUES (6, '체인소맨 B2 아트 포스터', '전시용으로도 좋은 대형 아트 포스터', '기타', 12000, 'g055.jpg');
INSERT INTO popup_goods (popup_id, name, description, category, price, thumbnail_url)
VALUES (6, '블루록 콘셉트 아트 포카', '컨셉 아트 원화를 바탕으로 한 포토카드', '포카', 8000, 'g056.jpg');
INSERT INTO popup_goods (popup_id, name, description, category, price, thumbnail_url)
VALUES (6, '하이큐 볼 아트 쿠션', '일러스트가 인쇄된 배구공 모양 쿠션 인형', '인형', 9000, 'g057.jpg');
INSERT INTO popup_goods (popup_id, name, description, category, price, thumbnail_url)
VALUES (6, '주술회전 캘리그라피 로고 키링', '붓글씨 로고와 부적 디자인이 들어간 키링', '키링', 10000, 'g058.jpg');
INSERT INTO popup_goods (popup_id, name, description, category, price, thumbnail_url)
VALUES (6, '진격의 거인 스케치 아크릴 패널', '연필 스케치 스타일 일러스트 스탠드', '아크릴스탠드', 11000, 'g059.jpg');
INSERT INTO popup_goods (popup_id, name, description, category, price, thumbnail_url)
VALUES (6, '스파이 패밀리 한정 아트 프린트 세트', '고급 용지에 인쇄된 아트 프린트 3종', '기타', 12000, 'g060.jpg');

INSERT INTO popup_goods (popup_id, name, description, category, price, thumbnail_url)
VALUES (7, '서머 비치 콘셉트 포카 세트', '여름 해변 배경의 캐릭터 포토카드 모음', '포카', 8000, 'g061.jpg');
INSERT INTO popup_goods (popup_id, name, description, category, price, thumbnail_url)
VALUES (7, '원피스 초파 서머 인형', '수박 모자와 튜브를 낀 초파 봉제 인형', '인형', 9000, 'g062.jpg');
INSERT INTO popup_goods (popup_id, name, description, category, price, thumbnail_url)
VALUES (7, '블루록 서머 유니폼 키링', '여름 한정 유니폼 일러스트 아크릴 키링', '키링', 10000, 'g063.jpg');
INSERT INTO popup_goods (popup_id, name, description, category, price, thumbnail_url)
VALUES (7, '하이큐 해변 배구 아크릴 스탠드', '해변에서 스파이크하는 장면을 담은 스탠드', '아크릴스탠드', 11000, 'g064.jpg');
INSERT INTO popup_goods (popup_id, name, description, category, price, thumbnail_url)
VALUES (7, '귀멸의 칼날 여름 유카타 부채', '유카타 차림 캐릭터가 그려진 접이식 부채', '기타', 12000, 'g065.jpg');
INSERT INTO popup_goods (popup_id, name, description, category, price, thumbnail_url)
VALUES (7, '체인소맨 서머 일러스트 포카', '바다 배경 일러스트 특전 포토카드', '포카', 8000, 'g066.jpg');
INSERT INTO popup_goods (popup_id, name, description, category, price, thumbnail_url)
VALUES (7, '프리! 수영부 튜브 인형', '튜브를 낀 마스코트 캐릭터 봉제 인형', '인형', 9000, 'g067.jpg');
INSERT INTO popup_goods (popup_id, name, description, category, price, thumbnail_url)
VALUES (7, '나루토 여름 축제 유카타 키링', '유카타 차림 나루토 아크릴 키링', '키링', 10000, 'g068.jpg');
INSERT INTO popup_goods (popup_id, name, description, category, price, thumbnail_url)
VALUES (7, '스파이 패밀리 아이스바 스탠드', '아이스바를 들고 있는 아냐 일러스트 스탠드', '아크릴스탠드', 11000, 'g069.jpg');
INSERT INTO popup_goods (popup_id, name, description, category, price, thumbnail_url)
VALUES (7, '진격의 거인 바캉스 타월', '해변 패러디 일러스트가 인쇄된 핸드 타월', '기타', 12000, 'g070.jpg');

INSERT INTO popup_goods (popup_id, name, description, category, price, thumbnail_url)
VALUES (8, '대구 한정 베스트 포카 세트', '전국 원정전 인기 캐릭터만 모은 포카 세트', '포카', 8000, 'g071.jpg');
INSERT INTO popup_goods (popup_id, name, description, category, price, thumbnail_url)
VALUES (8, '귀멸의 칼날 탄지로&네즈코 인형', '둘이 함께 있는 커플 세트 봉제 인형', '인형', 9000, 'g072.jpg');
INSERT INTO popup_goods (popup_id, name, description, category, price, thumbnail_url)
VALUES (8, '원피스 루피 기어5 키링', '기어5 폼을 표현한 아크릴 키링', '키링', 10000, 'g073.jpg');
INSERT INTO popup_goods (popup_id, name, description, category, price, thumbnail_url)
VALUES (8, '블루록 이사기&바치라 스탠드', '2인 콤비 일러스트 아크릴 스탠드', '아크릴스탠드', 11000, 'g074.jpg');
INSERT INTO popup_goods (popup_id, name, description, category, price, thumbnail_url)
VALUES (8, '나루토 베스트 일러스트 엽서북', '명장면 일러스트를 모은 엽서북', '기타', 12000, 'g075.jpg');
INSERT INTO popup_goods (popup_id, name, description, category, price, thumbnail_url)
VALUES (8, '하이큐 베스트 매치 포카', '명경기 장면만 모은 포토카드 세트', '포카', 8000, 'g076.jpg');
INSERT INTO popup_goods (popup_id, name, description, category, price, thumbnail_url)
VALUES (8, '주술회전 이누마키 마스코트 인형', '온리 톡 캐릭터를 담은 SD 봉제 인형', '인형', 9000, 'g077.jpg');
INSERT INTO popup_goods (popup_id, name, description, category, price, thumbnail_url)
VALUES (8, '체인소맨 파워 피규어 키링', '파워 SD 피규어 스타일 아크릴 키링', '키링', 10000, 'g078.jpg');
INSERT INTO popup_goods (popup_id, name, description, category, price, thumbnail_url)
VALUES (8, '진격의 거인 최종 시즌 스탠드', '최종 시즌 메인 비주얼 아크릴 스탠드', '아크릴스탠드', 11000, 'g079.jpg');
INSERT INTO popup_goods (popup_id, name, description, category, price, thumbnail_url)
VALUES (8, '스파이 패밀리 베스트 컷 클리어파일', '명장면 컷이 인쇄된 클리어파일 세트', '기타', 12000, 'g080.jpg');

INSERT INTO popup_goods (popup_id, name, description, category, price, thumbnail_url)
VALUES (9, '아트토이 작가 라인업 카드', '참여 크리에이터와 시그니처 캐릭터를 소개하는 카드 세트', '포카', 8000, 'g081.jpg');
INSERT INTO popup_goods (popup_id, name, description, category, price, thumbnail_url)
VALUES (9, '우주 토끼 아트토이 인형', '은하 배경이 어울리는 오리지널 토끼 캐릭터 인형', '인형', 9000, 'g082.jpg');
INSERT INTO popup_goods (popup_id, name, description, category, price, thumbnail_url)
VALUES (9, '네온 슬라임 몬스터 키링', '야광으로 빛나는 슬라임 몬스터 피규어 키링', '키링', 10000, 'g083.jpg');
INSERT INTO popup_goods (popup_id, name, description, category, price, thumbnail_url)
VALUES (9, '메카 아트 로봇 아크릴 스탠드', '로봇 애니메이션에서 영감을 받은 오리지널 메카 스탠드', '아크릴스탠드', 11000, 'g084.jpg');
INSERT INTO popup_goods (popup_id, name, description, category, price, thumbnail_url)
VALUES (9, '인디 아티스트 사인 카드&스티커', '작가 사인 카드와 스티커가 함께 들어 있는 세트', '기타', 12000, 'g085.jpg');
INSERT INTO popup_goods (popup_id, name, description, category, price, thumbnail_url)
VALUES (9, '에반게리온 스타일 아트 카드', '에반게리온 분위기를 오마주한 일러스트 카드 세트', '포카', 8000, 'g086.jpg');
INSERT INTO popup_goods (popup_id, name, description, category, price, thumbnail_url)
VALUES (9, '구름 곰돌이 아트토이 피규어', '몽글몽글한 구름 질감을 표현한 곰돌이 피규어', '인형', 9000, 'g087.jpg');
INSERT INTO popup_goods (popup_id, name, description, category, price, thumbnail_url)
VALUES (9, '해파리 유령 글로우 키링', '어두운 곳에서 빛나는 해파리 유령 캐릭터 키링', '키링', 10000, 'g088.jpg');
INSERT INTO popup_goods (popup_id, name, description, category, price, thumbnail_url)
VALUES (9, '스팀펑크 소녀 일러스트 스탠드', '기어 장식이 가득한 스팀펑크 소녀 아크릴 아트', '아크릴스탠드', 11000, 'g089.jpg');
INSERT INTO popup_goods (popup_id, name, description, category, price, thumbnail_url)
VALUES (9, '한정 아트토이 미니 포스터 세트', '아트토이 주인공들이 그려진 미니 포스터 3종', '기타', 12000, 'g090.jpg');

INSERT INTO popup_goods (popup_id, name, description, category, price, thumbnail_url)
VALUES (10, '할로윈 코스튬 애니 포카 세트', '여러 작품 캐릭터가 분장한 할로윈 포토카드', '포카', 8000, 'g091.jpg');
INSERT INTO popup_goods (popup_id, name, description, category, price, thumbnail_url)
VALUES (10, '귀멸의 칼날 네즈코 박쥐 망토 인형', '박쥐 망토를 두른 네즈코 할로윈 버전 인형', '인형', 9000, 'g092.jpg');
INSERT INTO popup_goods (popup_id, name, description, category, price, thumbnail_url)
VALUES (10, '주술회전 고죠 할로윈 키링', '호박 모자를 쓴 고죠 캐릭터 아크릴 키링', '키링', 10000, 'g093.jpg');
INSERT INTO popup_goods (popup_id, name, description, category, price, thumbnail_url)
VALUES (10, '체인소맨 할로윈 호러 스탠드', '호러 무비 포스터 느낌의 체인소맨 아크릴 스탠드', '아크릴스탠드', 11000, 'g094.jpg');
INSERT INTO popup_goods (popup_id, name, description, category, price, thumbnail_url)
VALUES (10, '원피스 해골 호박 스티커 팩', '조로·루피가 등장하는 해골 호박 스티커 세트', '기타', 12000, 'g095.jpg');
INSERT INTO popup_goods (popup_id, name, description, category, price, thumbnail_url)
VALUES (10, '나루토&사쿠라 할로윈 포카', '할로윈 파티 의상의 나루토와 사쿠라 포토카드', '포카', 8000, 'g096.jpg');
INSERT INTO popup_goods (popup_id, name, description, category, price, thumbnail_url)
VALUES (10, '진격의 거인 유령 거인 인형', '유령 시트를 쓴 거인 콘셉트 봉제 인형', '인형', 9000, 'g097.jpg');
INSERT INTO popup_goods (popup_id, name, description, category, price, thumbnail_url)
VALUES (10, '스파이 패밀리 아냐 마녀 키링', '마녀 모자를 쓴 아냐 SD 캐릭터 키링', '키링', 10000, 'g098.jpg');
INSERT INTO popup_goods (popup_id, name, description, category, price, thumbnail_url)
VALUES (10, '블루록 뱀파이어 유니폼 스탠드', '뱀파이어 콘셉트 유니폼 일러스트 아크릴 스탠드', '아크릴스탠드', 11000, 'g099.jpg');
INSERT INTO popup_goods (popup_id, name, description, category, price, thumbnail_url)
VALUES (10, '하이큐 호러 나이트 포스터 세트', '체육관을 배경으로 한 호러 컨셉 일러스트 포스터', '기타', 12000, 'g100.jpg');
-- 채팅방 20개
INSERT INTO TKK.trade_chat_room (room_id, trade_id, seller_id, buyer_id, created_at, last_message_at)
VALUES (1, 1, 1, 21, SYSDATE - 20, SYSDATE - 19);

INSERT INTO TKK.trade_chat_room (room_id, trade_id, seller_id, buyer_id, created_at, last_message_at)
VALUES (2, 2, 2, 22, SYSDATE - 19, SYSDATE - 18);

INSERT INTO TKK.trade_chat_room (room_id, trade_id, seller_id, buyer_id, created_at, last_message_at)
VALUES (3, 3, 3, 23, SYSDATE - 18, SYSDATE - 17);

INSERT INTO TKK.trade_chat_room (room_id, trade_id, seller_id, buyer_id, created_at, last_message_at)
VALUES (4, 4, 4, 24, SYSDATE - 17, SYSDATE - 16);

INSERT INTO TKK.trade_chat_room (room_id, trade_id, seller_id, buyer_id, created_at, last_message_at)
VALUES (5, 5, 5, 25, SYSDATE - 16, SYSDATE - 15);

INSERT INTO TKK.trade_chat_room (room_id, trade_id, seller_id, buyer_id, created_at, last_message_at)
VALUES (6, 6, 6, 26, SYSDATE - 15, SYSDATE - 14);

INSERT INTO TKK.trade_chat_room (room_id, trade_id, seller_id, buyer_id, created_at, last_message_at)
VALUES (7, 7, 7, 27, SYSDATE - 14, SYSDATE - 13);

INSERT INTO TKK.trade_chat_room (room_id, trade_id, seller_id, buyer_id, created_at, last_message_at)
VALUES (8, 8, 8, 28, SYSDATE - 13, SYSDATE - 12);

INSERT INTO TKK.trade_chat_room (room_id, trade_id, seller_id, buyer_id, created_at, last_message_at)
VALUES (9, 9, 9, 29, SYSDATE - 12, SYSDATE - 11);

INSERT INTO TKK.trade_chat_room (room_id, trade_id, seller_id, buyer_id, created_at, last_message_at)
VALUES (10, 10, 10, 30, SYSDATE - 11, SYSDATE - 10);

INSERT INTO TKK.trade_chat_room (room_id, trade_id, seller_id, buyer_id, created_at, last_message_at)
VALUES (11, 11, 11, 31, SYSDATE - 10, SYSDATE - 9);

INSERT INTO TKK.trade_chat_room (room_id, trade_id, seller_id, buyer_id, created_at, last_message_at)
VALUES (12, 12, 12, 32, SYSDATE - 9, SYSDATE - 8);

INSERT INTO TKK.trade_chat_room (room_id, trade_id, seller_id, buyer_id, created_at, last_message_at)
VALUES (13, 13, 13, 33, SYSDATE - 8, SYSDATE - 7);

INSERT INTO TKK.trade_chat_room (room_id, trade_id, seller_id, buyer_id, created_at, last_message_at)
VALUES (14, 14, 14, 34, SYSDATE - 7, SYSDATE - 6);

INSERT INTO TKK.trade_chat_room (room_id, trade_id, seller_id, buyer_id, created_at, last_message_at)
VALUES (15, 15, 15, 35, SYSDATE - 6, SYSDATE - 5);

INSERT INTO TKK.trade_chat_room (room_id, trade_id, seller_id, buyer_id, created_at, last_message_at)
VALUES (16, 16, 16, 36, SYSDATE - 5, SYSDATE - 4);

INSERT INTO TKK.trade_chat_room (room_id, trade_id, seller_id, buyer_id, created_at, last_message_at)
VALUES (17, 17, 17, 37, SYSDATE - 4, SYSDATE - 3);

INSERT INTO TKK.trade_chat_room (room_id, trade_id, seller_id, buyer_id, created_at, last_message_at)
VALUES (18, 18, 18, 38, SYSDATE - 3, SYSDATE - 2);

INSERT INTO TKK.trade_chat_room (room_id, trade_id, seller_id, buyer_id, created_at, last_message_at)
VALUES (19, 19, 19, 39, SYSDATE - 2, SYSDATE - 1);

INSERT INTO TKK.trade_chat_room (room_id, trade_id, seller_id, buyer_id, created_at, last_message_at)
VALUES (20, 20, 20, 40, SYSDATE - 1, SYSDATE);

-- Room 1 (seller 1, buyer 21) - 10 messages
INSERT INTO TKK.trade_chat_message (room_id, sender_id, message, read_yn)
VALUES (1, 21, '안녕하세요, 아직 거래 가능할까요? (room 1-1)', 'Y');
INSERT INTO TKK.trade_chat_message (room_id, sender_id, message, read_yn)
VALUES (1, 1, '네, 아직 가능해요. (room 1-2)', 'Y');
INSERT INTO TKK.trade_chat_message (room_id, sender_id, message, read_yn)
VALUES (1, 21, '직거래 가능한가요? (room 1-3)', 'Y');
INSERT INTO TKK.trade_chat_message (room_id, sender_id, message, read_yn)
VALUES (1, 1, '네, OO역 근처에서 만나면 될 것 같아요. (room 1-4)', 'Y');
INSERT INTO TKK.trade_chat_message (room_id, sender_id, message, read_yn)
VALUES (1, 21, '토요일 오후 괜찮으세요? (room 1-5)', 'Y');
INSERT INTO TKK.trade_chat_message (room_id, sender_id, message, read_yn)
VALUES (1, 1, '토요일 3시 괜찮습니다. (room 1-6)', 'Y');
INSERT INTO TKK.trade_chat_message (room_id, sender_id, message, read_yn)
VALUES (1, 21, '네, 그때 뵙겠습니다! (room 1-7)', 'Y');
INSERT INTO TKK.trade_chat_message (room_id, sender_id, message, read_yn)
VALUES (1, 1, '혹시 현금 결제 맞으실까요? (room 1-8)', 'Y');
INSERT INTO TKK.trade_chat_message (room_id, sender_id, message, read_yn)
VALUES (1, 21, '네, 현금으로 준비하겠습니다. (room 1-9)', 'N');
INSERT INTO TKK.trade_chat_message (room_id, sender_id, message, read_yn)
VALUES (1, 1, '알겠습니다, 감사합니다. (room 1-10)', 'N');


-- Room 2 (seller 2, buyer 22) - 10 messages
INSERT INTO TKK.trade_chat_message (room_id, sender_id, message, read_yn)
VALUES (2, 22, '안녕하세요, 아직 거래 가능할까요? (room 2-1)', 'Y');
INSERT INTO TKK.trade_chat_message (room_id, sender_id, message, read_yn)
VALUES (2, 2, '네, 가능해요. 어떤 방식 선호하시나요? (room 2-2)', 'Y');
INSERT INTO TKK.trade_chat_message (room_id, sender_id, message, read_yn)
VALUES (2, 22, '직거래가 편해서요. (room 2-3)', 'Y');
INSERT INTO TKK.trade_chat_message (room_id, sender_id, message, read_yn)
VALUES (2, 2, '그럼 홍대 입구역에서 만날까요? (room 2-4)', 'Y');
INSERT INTO TKK.trade_chat_message (room_id, sender_id, message, read_yn)
VALUES (2, 22, '네, 홍대 입구역 좋아요. (room 2-5)', 'Y');
INSERT INTO TKK.trade_chat_message (room_id, sender_id, message, read_yn)
VALUES (2, 2, '시간은 오후 2시 어떠세요? (room 2-6)', 'Y');
INSERT INTO TKK.trade_chat_message (room_id, sender_id, message, read_yn)
VALUES (2, 22, '2시 괜찮습니다. (room 2-7)', 'Y');
INSERT INTO TKK.trade_chat_message (room_id, sender_id, message, read_yn)
VALUES (2, 2, '혹시 포장 따로 필요하신가요? (room 2-8)', 'Y');
INSERT INTO TKK.trade_chat_message (room_id, sender_id, message, read_yn)
VALUES (2, 22, '아니요, 그냥 그대로만 가져와 주세요. (room 2-9)', 'N');
INSERT INTO TKK.trade_chat_message (room_id, sender_id, message, read_yn)
VALUES (2, 2, '넵 알겠습니다. (room 2-10)', 'N');


-- Room 3 (seller 3, buyer 23)
INSERT INTO TKK.trade_chat_message (room_id, sender_id, message, read_yn)
VALUES (3, 23, '안녕하세요, 사진이랑 동일한 상태인가요? (room 3-1)', 'Y');
INSERT INTO TKK.trade_chat_message (room_id, sender_id, message, read_yn)
VALUES (3, 3, '네, 사용감 거의 없습니다. (room 3-2)', 'Y');
INSERT INTO TKK.trade_chat_message (room_id, sender_id, message, read_yn)
VALUES (3, 23, '혹시 미개봉인가요? (room 3-3)', 'Y');
INSERT INTO TKK.trade_chat_message (room_id, sender_id, message, read_yn)
VALUES (3, 3, '미개봉은 아니고 전시만 했어요. (room 3-4)', 'Y');
INSERT INTO TKK.trade_chat_message (room_id, sender_id, message, read_yn)
VALUES (3, 23, '알겠습니다. 직거래 원합니다. (room 3-5)', 'Y');
INSERT INTO TKK.trade_chat_message (room_id, sender_id, message, read_yn)
VALUES (3, 3, '강남역 근처 가능하신가요? (room 3-6)', 'Y');
INSERT INTO TKK.trade_chat_message (room_id, sender_id, message, read_yn)
VALUES (3, 23, '네, 강남역으로 갈게요. (room 3-7)', 'Y');
INSERT INTO TKK.trade_chat_message (room_id, sender_id, message, read_yn)
VALUES (3, 3, '좋아요. 자세한 출구는 다시 말씀드릴게요. (room 3-8)', 'Y');
INSERT INTO TKK.trade_chat_message (room_id, sender_id, message, read_yn)
VALUES (3, 23, '네, 감사합니다! (room 3-9)', 'N');
INSERT INTO TKK.trade_chat_message (room_id, sender_id, message, read_yn)
VALUES (3, 3, '그때 뵙겠습니다. (room 3-10)', 'N');


-- Room 4 (seller 4, buyer 24)
INSERT INTO TKK.trade_chat_message (room_id, sender_id, message, read_yn)
VALUES (4, 24, '안녕하세요, 가격 네고 가능할까요? (room 4-1)', 'Y');
INSERT INTO TKK.trade_chat_message (room_id, sender_id, message, read_yn)
VALUES (4, 4, '소폭 네고 가능합니다. 어느 정도 생각하시나요? (room 4-2)', 'Y');
INSERT INTO TKK.trade_chat_message (room_id, sender_id, message, read_yn)
VALUES (4, 24, '1만원 정도 가능할까요? (room 4-3)', 'Y');
INSERT INTO TKK.trade_chat_message (room_id, sender_id, message, read_yn)
VALUES (4, 4, '그 정도면 괜찮습니다. (room 4-4)', 'Y');
INSERT INTO TKK.trade_chat_message (room_id, sender_id, message, read_yn)
VALUES (4, 24, '감사합니다. 택배로 받고 싶어요. (room 4-5)', 'Y');
INSERT INTO TKK.trade_chat_message (room_id, sender_id, message, read_yn)
VALUES (4, 4, '택배비는 포함해서 1만5천원 어떠세요? (room 4-6)', 'Y');
INSERT INTO TKK.trade_chat_message (room_id, sender_id, message, read_yn)
VALUES (4, 24, '네 그렇게 할게요. (room 4-7)', 'Y');
INSERT INTO TKK.trade_chat_message (room_id, sender_id, message, read_yn)
VALUES (4, 4, '입금 후 주소 알려주세요. (room 4-8)', 'Y');
INSERT INTO TKK.trade_chat_message (room_id, sender_id, message, read_yn)
VALUES (4, 24, '계좌 알려주시면 바로 입금할게요. (room 4-9)', 'N');
INSERT INTO TKK.trade_chat_message (room_id, sender_id, message, read_yn)
VALUES (4, 4, '네, 계좌 보내드렸습니다. (room 4-10)', 'N');


-- Room 5 (seller 5, buyer 25)
INSERT INTO TKK.trade_chat_message (room_id, sender_id, message, read_yn)
VALUES (5, 25, '안녕하세요, 상태가 궁금해서 연락드렸어요. (room 5-1)', 'Y');
INSERT INTO TKK.trade_chat_message (room_id, sender_id, message, read_yn)
VALUES (5, 5, '박스까지 보관 중이고 훼손 없습니다. (room 5-2)', 'Y');
INSERT INTO TKK.trade_chat_message (room_id, sender_id, message, read_yn)
VALUES (5, 25, '실물 사진 한 장 더 받을 수 있을까요? (room 5-3)', 'Y');
INSERT INTO TKK.trade_chat_message (room_id, sender_id, message, read_yn)
VALUES (5, 5, '네, 조금 뒤에 찍어서 보내드릴게요. (room 5-4)', 'Y');
INSERT INTO TKK.trade_chat_message (room_id, sender_id, message, read_yn)
VALUES (5, 25, '감사합니다! (room 5-5)', 'Y');
INSERT INTO TKK.trade_chat_message (room_id, sender_id, message, read_yn)
VALUES (5, 5, '사진 첨부드렸습니다. (room 5-6)', 'Y');
INSERT INTO TKK.trade_chat_message (room_id, sender_id, message, read_yn)
VALUES (5, 25, '상태 좋아 보여서 구매 원합니다. (room 5-7)', 'Y');
INSERT INTO TKK.trade_chat_message (room_id, sender_id, message, read_yn)
VALUES (5, 5, '그럼 직거래/택배 중 어떤 게 좋으세요? (room 5-8)', 'Y');
INSERT INTO TKK.trade_chat_message (room_id, sender_id, message, read_yn)
VALUES (5, 25, '직거래로 진행하고 싶어요. (room 5-9)', 'N');
INSERT INTO TKK.trade_chat_message (room_id, sender_id, message, read_yn)
VALUES (5, 5, '네, 장소는 홍대 근처로 할게요. (room 5-10)', 'N');


-- Room 6 (seller 6, buyer 26)
INSERT INTO TKK.trade_chat_message (room_id, sender_id, message, read_yn)
VALUES (6, 26, '안녕하세요, 예약 가능 여부 문의드립니다. (room 6-1)', 'Y');
INSERT INTO TKK.trade_chat_message (room_id, sender_id, message, read_yn)
VALUES (6, 6, '네, 오늘 기준으로 예약 가능해요. (room 6-2)', 'Y');
INSERT INTO TKK.trade_chat_message (room_id, sender_id, message, read_yn)
VALUES (6, 26, '그럼 토요일까지 홀드 부탁드립니다. (room 6-3)', 'Y');
INSERT INTO TKK.trade_chat_message (room_id, sender_id, message, read_yn)
VALUES (6, 6, '토요일까지 홀드해두겠습니다. (room 6-4)', 'Y');
INSERT INTO TKK.trade_chat_message (room_id, sender_id, message, read_yn)
VALUES (6, 26, '감사합니다! (room 6-5)', 'Y');
INSERT INTO TKK.trade_chat_message (room_id, sender_id, message, read_yn)
VALUES (6, 6, '시간 맞춰서 다시 연락 주세요. (room 6-6)', 'Y');
INSERT INTO TKK.trade_chat_message (room_id, sender_id, message, read_yn)
VALUES (6, 26, '네, 그렇게 하겠습니다. (room 6-7)', 'Y');
INSERT INTO TKK.trade_chat_message (room_id, sender_id, message, read_yn)
VALUES (6, 6, '좋은 하루 보내세요. (room 6-8)', 'Y');
INSERT INTO TKK.trade_chat_message (room_id, sender_id, message, read_yn)
VALUES (6, 26, '네, 감사합니다 :) (room 6-9)', 'N');
INSERT INTO TKK.trade_chat_message (room_id, sender_id, message, read_yn)
VALUES (6, 6, '네 :) (room 6-10)', 'N');


-- Room 7 (seller 7, buyer 27)
INSERT INTO TKK.trade_chat_message (room_id, sender_id, message, read_yn)
VALUES (7, 27, '안녕하세요, 혹시 구성품 누락된 거 있나요? (room 7-1)', 'Y');
INSERT INTO TKK.trade_chat_message (room_id, sender_id, message, read_yn)
VALUES (7, 7, '구성품 모두 다 있습니다. (room 7-2)', 'Y');
INSERT INTO TKK.trade_chat_message (room_id, sender_id, message, read_yn)
VALUES (7, 27, '설명서도 포함인가요? (room 7-3)', 'Y');
INSERT INTO TKK.trade_chat_message (room_id, sender_id, message, read_yn)
VALUES (7, 7, '네, 설명서도 같이 드려요. (room 7-4)', 'Y');
INSERT INTO TKK.trade_chat_message (room_id, sender_id, message, read_yn)
VALUES (7, 27, '그럼 구매하겠습니다. (room 7-5)', 'Y');
INSERT INTO TKK.trade_chat_message (room_id, sender_id, message, read_yn)
VALUES (7, 7, '감사합니다. 거래 방식은 어떻게 하실까요? (room 7-6)', 'Y');
INSERT INTO TKK.trade_chat_message (room_id, sender_id, message, read_yn)
VALUES (7, 27, '직거래 원합니다. (room 7-7)', 'Y');
INSERT INTO TKK.trade_chat_message (room_id, sender_id, message, read_yn)
VALUES (7, 7, '그럼 신촌역 근처 어떠세요? (room 7-8)', 'Y');
INSERT INTO TKK.trade_chat_message (room_id, sender_id, message, read_yn)
VALUES (7, 27, '좋습니다. 시간만 조율해요. (room 7-9)', 'N');
INSERT INTO TKK.trade_chat_message (room_id, sender_id, message, read_yn)
VALUES (7, 7, '네, 오후 4시쯤 어떠세요? (room 7-10)', 'N');


-- Room 8 (seller 8, buyer 28)
INSERT INTO TKK.trade_chat_message (room_id, sender_id, message, read_yn)
VALUES (8, 28, '안녕하세요, 상품 아직 보유하고 계신가요? (room 8-1)', 'Y');
INSERT INTO TKK.trade_chat_message (room_id, sender_id, message, read_yn)
VALUES (8, 8, '네, 아직 판매되지 않았습니다. (room 8-2)', 'Y');
INSERT INTO TKK.trade_chat_message (room_id, sender_id, message, read_yn)
VALUES (8, 28, '그럼 구매 예약하고 싶어요. (room 8-3)', 'Y');
INSERT INTO TKK.trade_chat_message (room_id, sender_id, message, read_yn)
VALUES (8, 8, '네, 닉네임 확인했습니다. (room 8-4)', 'Y');
INSERT INTO TKK.trade_chat_message (room_id, sender_id, message, read_yn)
VALUES (8, 28, '계좌 알려주시면 입금할게요. (room 8-5)', 'Y');
INSERT INTO TKK.trade_chat_message (room_id, sender_id, message, read_yn)
VALUES (8, 8, '계좌번호 보내드렸습니다. (room 8-6)', 'Y');
INSERT INTO TKK.trade_chat_message (room_id, sender_id, message, read_yn)
VALUES (8, 28, '방금 입금 완료했습니다. (room 8-7)', 'Y');
INSERT INTO TKK.trade_chat_message (room_id, sender_id, message, read_yn)
VALUES (8, 8, '입금 확인했습니다. 내일 발송할게요. (room 8-8)', 'Y');
INSERT INTO TKK.trade_chat_message (room_id, sender_id, message, read_yn)
VALUES (8, 28, '감사합니다, 기다릴게요. (room 8-9)', 'N');
INSERT INTO TKK.trade_chat_message (room_id, sender_id, message, read_yn)
VALUES (8, 8, '송장 나오면 다시 알려드릴게요. (room 8-10)', 'N');


-- Room 9 (seller 9, buyer 29)
INSERT INTO TKK.trade_chat_message (room_id, sender_id, message, read_yn)
VALUES (9, 29, '안녕하세요, 실사진 추가 부탁드려도 될까요? (room 9-1)', 'Y');
INSERT INTO TKK.trade_chat_message (room_id, sender_id, message, read_yn)
VALUES (9, 9, '네, 지금 바로 찍어서 보내드릴게요. (room 9-2)', 'Y');
INSERT INTO TKK.trade_chat_message (room_id, sender_id, message, read_yn)
VALUES (9, 29, '사진 잘 받았습니다. (room 9-3)', 'Y');
INSERT INTO TKK.trade_chat_message (room_id, sender_id, message, read_yn)
VALUES (9, 9, '괜찮으신가요? (room 9-4)', 'Y');
INSERT INTO TKK.trade_chat_message (room_id, sender_id, message, read_yn)
VALUES (9, 29, '네, 구매 원합니다. (room 9-5)', 'Y');
INSERT INTO TKK.trade_chat_message (room_id, sender_id, message, read_yn)
VALUES (9, 9, '감사합니다. 직거래로 하실까요? (room 9-6)', 'Y');
INSERT INTO TKK.trade_chat_message (room_id, sender_id, message, read_yn)
VALUES (9, 29, '네, 직거래가 좋아요. (room 9-7)', 'Y');
INSERT INTO TKK.trade_chat_message (room_id, sender_id, message, read_yn)
VALUES (9, 9, '역 근처 카페에서 뵈어요. (room 9-8)', 'Y');
INSERT INTO TKK.trade_chat_message (room_id, sender_id, message, read_yn)
VALUES (9, 29, '알겠습니다, 감사합니다. (room 9-9)', 'N');
INSERT INTO TKK.trade_chat_message (room_id, sender_id, message, read_yn)
VALUES (9, 9, '네, 그날 뵙겠습니다. (room 9-10)', 'N');


-- Room 10 (seller 10, buyer 30)
INSERT INTO TKK.trade_chat_message (room_id, sender_id, message, read_yn)
VALUES (10, 30, '안녕하세요, 혹시 오늘 거래 가능하신가요? (room 10-1)', 'Y');
INSERT INTO TKK.trade_chat_message (room_id, sender_id, message, read_yn)
VALUES (10, 10, '오늘 저녁은 가능합니다. (room 10-2)', 'Y');
INSERT INTO TKK.trade_chat_message (room_id, sender_id, message, read_yn)
VALUES (10, 30, '그럼 7시쯤 어떠세요? (room 10-3)', 'Y');
INSERT INTO TKK.trade_chat_message (room_id, sender_id, message, read_yn)
VALUES (10, 10, '7시 좋습니다. (room 10-4)', 'Y');
INSERT INTO TKK.trade_chat_message (room_id, sender_id, message, read_yn)
VALUES (10, 30, '장소는 어디가 편하신가요? (room 10-5)', 'Y');
INSERT INTO TKK.trade_chat_message (room_id, sender_id, message, read_yn)
VALUES (10, 10, '강남역 11번 출구 앞이 편합니다. (room 10-6)', 'Y');
INSERT INTO TKK.trade_chat_message (room_id, sender_id, message, read_yn)
VALUES (10, 30, '그쪽으로 가겠습니다. (room 10-7)', 'Y');
INSERT INTO TKK.trade_chat_message (room_id, sender_id, message, read_yn)
VALUES (10, 10, '도착하시면 채팅 한 번만 주세요. (room 10-8)', 'Y');
INSERT INTO TKK.trade_chat_message (room_id, sender_id, message, read_yn)
VALUES (10, 30, '네, 도착하면 연락드릴게요. (room 10-9)', 'N');
INSERT INTO TKK.trade_chat_message (room_id, sender_id, message, read_yn)
VALUES (10, 10, '네 알겠습니다. (room 10-10)', 'N');
-- Room 11 (seller 11, buyer 31)
INSERT INTO TKK.trade_chat_message (room_id, sender_id, message, read_yn)
VALUES (11, 31, '안녕하세요, 게시글 보고 연락드렸어요. (room 11-1)', 'Y');
INSERT INTO TKK.trade_chat_message (room_id, sender_id, message, read_yn)
VALUES (11, 11, '안녕하세요, 문의 감사합니다. (room 11-2)', 'Y');
INSERT INTO TKK.trade_chat_message (room_id, sender_id, message, read_yn)
VALUES (11, 31, '혹시 박스 모서리 찢어진 부분은 없나요? (room 11-3)', 'Y');
INSERT INTO TKK.trade_chat_message (room_id, sender_id, message, read_yn)
VALUES (11, 11, '네, 박스 상태도 깨끗합니다. (room 11-4)', 'Y');
INSERT INTO TKK.trade_chat_message (room_id, sender_id, message, read_yn)
VALUES (11, 31, '그럼 구매하고 싶습니다. (room 11-5)', 'Y');
INSERT INTO TKK.trade_chat_message (room_id, sender_id, message, read_yn)
VALUES (11, 11, '감사합니다. 직거래 원하시나요, 택배 원하시나요? (room 11-6)', 'Y');
INSERT INTO TKK.trade_chat_message (room_id, sender_id, message, read_yn)
VALUES (11, 31, '직거래가 좋아요. (room 11-7)', 'Y');
INSERT INTO TKK.trade_chat_message (room_id, sender_id, message, read_yn)
VALUES (11, 11, '그럼 홍대입구역 8번 출구 근처 어떠세요? (room 11-8)', 'Y');
INSERT INTO TKK.trade_chat_message (room_id, sender_id, message, read_yn)
VALUES (11, 31, '네, 그쪽으로 가겠습니다. (room 11-9)', 'N');
INSERT INTO TKK.trade_chat_message (room_id, sender_id, message, read_yn)
VALUES (11, 11, '도착하시면 채팅 한번 남겨주세요. (room 11-10)', 'N');


-- Room 12 (seller 12, buyer 32)
INSERT INTO TKK.trade_chat_message (room_id, sender_id, message, read_yn)
VALUES (12, 32, '안녕하세요, 상품 상태 문의드립니다. (room 12-1)', 'Y');
INSERT INTO TKK.trade_chat_message (room_id, sender_id, message, read_yn)
VALUES (12, 12, '사용감 거의 없는 상태입니다. (room 12-2)', 'Y');
INSERT INTO TKK.trade_chat_message (room_id, sender_id, message, read_yn)
VALUES (12, 32, '혹시 하자 있는 부분이 있을까요? (room 12-3)', 'Y');
INSERT INTO TKK.trade_chat_message (room_id, sender_id, message, read_yn)
VALUES (12, 12, '눈에 띄는 스크래치는 없습니다. (room 12-4)', 'Y');
INSERT INTO TKK.trade_chat_message (room_id, sender_id, message, read_yn)
VALUES (12, 32, '그럼 택배 거래 가능할까요? (room 12-5)', 'Y');
INSERT INTO TKK.trade_chat_message (room_id, sender_id, message, read_yn)
VALUES (12, 12, '네, 선불 택배로 보내드립니다. (room 12-6)', 'Y');
INSERT INTO TKK.trade_chat_message (room_id, sender_id, message, read_yn)
VALUES (12, 32, '입금 후 주소 보내드릴게요. (room 12-7)', 'Y');
INSERT INTO TKK.trade_chat_message (room_id, sender_id, message, read_yn)
VALUES (12, 12, '네, 계좌번호 먼저 보내드릴게요. (room 12-8)', 'Y');
INSERT INTO TKK.trade_chat_message (room_id, sender_id, message, read_yn)
VALUES (12, 32, '입금 완료했습니다, 확인 부탁드려요. (room 12-9)', 'N');
INSERT INTO TKK.trade_chat_message (room_id, sender_id, message, read_yn)
VALUES (12, 12, '확인했습니다. 내일 발송 후 송장 보내드릴게요. (room 12-10)', 'N');


-- Room 13 (seller 13, buyer 33)
INSERT INTO TKK.trade_chat_message (room_id, sender_id, message, read_yn)
VALUES (13, 33, '안녕하세요, 오늘 저녁 직거래 가능하신가요? (room 13-1)', 'Y');
INSERT INTO TKK.trade_chat_message (room_id, sender_id, message, read_yn)
VALUES (13, 13, '오늘 7시 이후로는 가능합니다. (room 13-2)', 'Y');
INSERT INTO TKK.trade_chat_message (room_id, sender_id, message, read_yn)
VALUES (13, 33, '그럼 7시 30분은 어떠세요? (room 13-3)', 'Y');
INSERT INTO TKK.trade_chat_message (room_id, sender_id, message, read_yn)
VALUES (13, 13, '네, 7시 30분으로 맞추겠습니다. (room 13-4)', 'Y');
INSERT INTO TKK.trade_chat_message (room_id, sender_id, message, read_yn)
VALUES (13, 33, '장소는 어디로 가면 될까요? (room 13-5)', 'Y');
INSERT INTO TKK.trade_chat_message (room_id, sender_id, message, read_yn)
VALUES (13, 13, '신촌역 2번 출구 근처 카페 앞에서 뵐까요? (room 13-6)', 'Y');
INSERT INTO TKK.trade_chat_message (room_id, sender_id, message, read_yn)
VALUES (13, 33, '좋습니다, 그 시간에 도착하겠습니다. (room 13-7)', 'Y');
INSERT INTO TKK.trade_chat_message (room_id, sender_id, message, read_yn)
VALUES (13, 13, '도착하시면 프로필 닉네임 알려주세요. (room 13-8)', 'Y');
INSERT INTO TKK.trade_chat_message (room_id, sender_id, message, read_yn)
VALUES (13, 33, '네, 도착 후 채팅 드릴게요. (room 13-9)', 'N');
INSERT INTO TKK.trade_chat_message (room_id, sender_id, message, read_yn)
VALUES (13, 13, '넵, 그때 뵙겠습니다. (room 13-10)', 'N');


-- Room 14 (seller 14, buyer 34)
INSERT INTO TKK.trade_chat_message (room_id, sender_id, message, read_yn)
VALUES (14, 34, '안녕하세요, 사진상 박스 미개봉인가요? (room 14-1)', 'Y');
INSERT INTO TKK.trade_chat_message (room_id, sender_id, message, read_yn)
VALUES (14, 14, '네, 완전 미개봉 상태입니다. (room 14-2)', 'Y');
INSERT INTO TKK.trade_chat_message (room_id, sender_id, message, read_yn)
VALUES (14, 34, '그럼 판매가 확정가인가요? (room 14-3)', 'Y');
INSERT INTO TKK.trade_chat_message (room_id, sender_id, message, read_yn)
VALUES (14, 14, '소폭 네고는 가능합니다. (room 14-4)', 'Y');
INSERT INTO TKK.trade_chat_message (room_id, sender_id, message, read_yn)
VALUES (14, 34, '2천원 정도 네고 가능하실까요? (room 14-5)', 'Y');
INSERT INTO TKK.trade_chat_message (room_id, sender_id, message, read_yn)
VALUES (14, 14, '네, 그 정도는 괜찮습니다. (room 14-6)', 'Y');
INSERT INTO TKK.trade_chat_message (room_id, sender_id, message, read_yn)
VALUES (14, 34, '감사합니다. 택배 거래 원합니다. (room 14-7)', 'Y');
INSERT INTO TKK.trade_chat_message (room_id, sender_id, message, read_yn)
VALUES (14, 14, '택배비 포함해서 금액 다시 안내드릴게요. (room 14-8)', 'Y');
INSERT INTO TKK.trade_chat_message (room_id, sender_id, message, read_yn)
VALUES (14, 34, '네, 계좌 알려주시면 입금하겠습니다. (room 14-9)', 'N');
INSERT INTO TKK.trade_chat_message (room_id, sender_id, message, read_yn)
VALUES (14, 14, '계좌번호 보내드렸어요, 확인 부탁드려요. (room 14-10)', 'N');


-- Room 15 (seller 15, buyer 35)
INSERT INTO TKK.trade_chat_message (room_id, sender_id, message, read_yn)
VALUES (15, 35, '안녕하세요, 교환도 가능하신가요? (room 15-1)', 'Y');
INSERT INTO TKK.trade_chat_message (room_id, sender_id, message, read_yn)
VALUES (15, 15, '네, 동일 작품 굿즈라면 교환 가능해요. (room 15-2)', 'Y');
INSERT INTO TKK.trade_chat_message (room_id, sender_id, message, read_yn)
VALUES (15, 35, '저는 다른 캐릭터 포카를 가지고 있습니다. (room 15-3)', 'Y');
INSERT INTO TKK.trade_chat_message (room_id, sender_id, message, read_yn)
VALUES (15, 15, '사진 한 장 보내주실 수 있나요? (room 15-4)', 'Y');
INSERT INTO TKK.trade_chat_message (room_id, sender_id, message, read_yn)
VALUES (15, 35, '네, 사진 올렸습니다. (room 15-5)', 'Y');
INSERT INTO TKK.trade_chat_message (room_id, sender_id, message, read_yn)
VALUES (15, 15, '괜찮네요, 교환 진행해요. (room 15-6)', 'Y');
INSERT INTO TKK.trade_chat_message (room_id, sender_id, message, read_yn)
VALUES (15, 35, '직거래로 교환하면 될까요? (room 15-7)', 'Y');
INSERT INTO TKK.trade_chat_message (room_id, sender_id, message, read_yn)
VALUES (15, 15, '네, 홍대에서 만나서 교환하죠. (room 15-8)', 'Y');
INSERT INTO TKK.trade_chat_message (room_id, sender_id, message, read_yn)
VALUES (15, 35, '시간은 토요일 오후 어떠세요? (room 15-9)', 'N');
INSERT INTO TKK.trade_chat_message (room_id, sender_id, message, read_yn)
VALUES (15, 15, '네, 토요일 오후에 뵐게요. (room 15-10)', 'N');


-- Room 16 (seller 16, buyer 36)
INSERT INTO TKK.trade_chat_message (room_id, sender_id, message, read_yn)
VALUES (16, 36, '안녕하세요, 예약자 많나요? (room 16-1)', 'Y');
INSERT INTO TKK.trade_chat_message (room_id, sender_id, message, read_yn)
VALUES (16, 16, '지금 한 분 정도 더 문의 중입니다. (room 16-2)', 'Y');
INSERT INTO TKK.trade_chat_message (room_id, sender_id, message, read_yn)
VALUES (16, 36, '혹시 선입금 기준으로 우선인가요? (room 16-3)', 'Y');
INSERT INTO TKK.trade_chat_message (room_id, sender_id, message, read_yn)
VALUES (16, 16, '네, 선입금 순으로 진행하고 있습니다. (room 16-4)', 'Y');
INSERT INTO TKK.trade_chat_message (room_id, sender_id, message, read_yn)
VALUES (16, 36, '그럼 제가 먼저 입금하겠습니다. (room 16-5)', 'Y');
INSERT INTO TKK.trade_chat_message (room_id, sender_id, message, read_yn)
VALUES (16, 16, '감사합니다. 계좌번호 보내드릴게요. (room 16-6)', 'Y');
INSERT INTO TKK.trade_chat_message (room_id, sender_id, message, read_yn)
VALUES (16, 36, '방금 입금했습니다, 확인 부탁드려요. (room 16-7)', 'Y');
INSERT INTO TKK.trade_chat_message (room_id, sender_id, message, read_yn)
VALUES (16, 16, '입금 확인됐습니다. 택배 내일 발송할게요. (room 16-8)', 'Y');
INSERT INTO TKK.trade_chat_message (room_id, sender_id, message, read_yn)
VALUES (16, 36, '네, 송장 나오는 대로 알려주세요. (room 16-9)', 'N');
INSERT INTO TKK.trade_chat_message (room_id, sender_id, message, read_yn)
VALUES (16, 16, '네, 송장번호 나오면 바로 공유드릴게요. (room 16-10)', 'N');


-- Room 17 (seller 17, buyer 37)
INSERT INTO TKK.trade_chat_message (room_id, sender_id, message, read_yn)
VALUES (17, 37, '안녕하세요, 혹시 오늘이 아닌 내일 거래도 가능하신가요? (room 17-1)', 'Y');
INSERT INTO TKK.trade_chat_message (room_id, sender_id, message, read_yn)
VALUES (17, 17, '네, 내일 저녁도 가능합니다. (room 17-2)', 'Y');
INSERT INTO TKK.trade_chat_message (room_id, sender_id, message, read_yn)
VALUES (17, 37, '그럼 내일 6시쯤 어떠세요? (room 17-3)', 'Y');
INSERT INTO TKK.trade_chat_message (room_id, sender_id, message, read_yn)
VALUES (17, 17, '6시 괜찮습니다. (room 17-4)', 'Y');
INSERT INTO TKK.trade_chat_message (room_id, sender_id, message, read_yn)
VALUES (17, 37, '장소는 홍대입구역 근처에서 뵐까요? (room 17-5)', 'Y');
INSERT INTO TKK.trade_chat_message (room_id, sender_id, message, read_yn)
VALUES (17, 17, '네, 9번 출구 근처 카페 앞에서 뵈어요. (room 17-6)', 'Y');
INSERT INTO TKK.trade_chat_message (room_id, sender_id, message, read_yn)
VALUES (17, 37, '알겠습니다, 내일 뵙겠습니다. (room 17-7)', 'Y');
INSERT INTO TKK.trade_chat_message (room_id, sender_id, message, read_yn)
VALUES (17, 17, '네, 오실 때 조심해서 오세요. (room 17-8)', 'Y');
INSERT INTO TKK.trade_chat_message (room_id, sender_id, message, read_yn)
VALUES (17, 37, '네 감사합니다! (room 17-9)', 'N');
INSERT INTO TKK.trade_chat_message (room_id, sender_id, message, read_yn)
VALUES (17, 17, '그럼 내일 뵈어요. (room 17-10)', 'N');


-- Room 18 (seller 18, buyer 38)
INSERT INTO TKK.trade_chat_message (room_id, sender_id, message, read_yn)
VALUES (18, 38, '안녕하세요, 구성품 전체 사진 볼 수 있을까요? (room 18-1)', 'Y');
INSERT INTO TKK.trade_chat_message (room_id, sender_id, message, read_yn)
VALUES (18, 18, '네, 지금 바로 여러 장 찍어서 보내드릴게요. (room 18-2)', 'Y');
INSERT INTO TKK.trade_chat_message (room_id, sender_id, message, read_yn)
VALUES (18, 38, '사진 잘 봤습니다, 상태 아주 좋네요. (room 18-3)', 'Y');
INSERT INTO TKK.trade_chat_message (room_id, sender_id, message, read_yn)
VALUES (18, 18, '감사합니다. 전시만 하고 보관했어요. (room 18-4)', 'Y');
INSERT INTO TKK.trade_chat_message (room_id, sender_id, message, read_yn)
VALUES (18, 38, '그럼 택배로 구매하고 싶습니다. (room 18-5)', 'Y');
INSERT INTO TKK.trade_chat_message (room_id, sender_id, message, read_yn)
VALUES (18, 18, '네, 충전재 넣어서 꼼꼼히 포장해서 보내드릴게요. (room 18-6)', 'Y');
INSERT INTO TKK.trade_chat_message (room_id, sender_id, message, read_yn)
VALUES (18, 38, '입금 완료되면 알려드릴게요. (room 18-7)', 'Y');
INSERT INTO TKK.trade_chat_message (room_id, sender_id, message, read_yn)
VALUES (18, 18, '네, 확인 후 답장 드리겠습니다. (room 18-8)', 'Y');
INSERT INTO TKK.trade_chat_message (room_id, sender_id, message, read_yn)
VALUES (18, 38, '방금 입금했습니다, 확인 부탁드립니다. (room 18-9)', 'N');
INSERT INTO TKK.trade_chat_message (room_id, sender_id, message, read_yn)
VALUES (18, 18, '확인했어요! 내일 발송 후 송장 보내드릴게요. (room 18-10)', 'N');


-- Room 19 (seller 19, buyer 39)
INSERT INTO TKK.trade_chat_message (room_id, sender_id, message, read_yn)
VALUES (19, 39, '안녕하세요, 거래 희망자입니다. (room 19-1)', 'Y');
INSERT INTO TKK.trade_chat_message (room_id, sender_id, message, read_yn)
VALUES (19, 19, '안녕하세요, 문의 감사드립니다. (room 19-2)', 'Y');
INSERT INTO TKK.trade_chat_message (room_id, sender_id, message, read_yn)
VALUES (19, 39, '혹시 오늘 저녁에 직거래 가능하신가요? (room 19-3)', 'Y');
INSERT INTO TKK.trade_chat_message (room_id, sender_id, message, read_yn)
VALUES (19, 19, '오늘은 조금 어렵고, 내일 저녁은 가능합니다. (room 19-4)', 'Y');
INSERT INTO TKK.trade_chat_message (room_id, sender_id, message, read_yn)
VALUES (19, 39, '그럼 내일로 진행해요. (room 19-5)', 'Y');
INSERT INTO TKK.trade_chat_message (room_id, sender_id, message, read_yn)
VALUES (19, 19, '네, 시간은 7시쯤 어떠세요? (room 19-6)', 'Y');
INSERT INTO TKK.trade_chat_message (room_id, sender_id, message, read_yn)
VALUES (19, 39, '7시 괜찮습니다. (room 19-7)', 'Y');
INSERT INTO TKK.trade_chat_message (room_id, sender_id, message, read_yn)
VALUES (19, 19, '장소는 강남역 10번 출구 근처로 할게요. (room 19-8)', 'Y');
INSERT INTO TKK.trade_chat_message (room_id, sender_id, message, read_yn)
VALUES (19, 39, '네, 그쪽으로 가겠습니다. (room 19-9)', 'N');
INSERT INTO TKK.trade_chat_message (room_id, sender_id, message, read_yn)
VALUES (19, 19, '도착하시면 채팅 주세요. (room 19-10)', 'N');


-- Room 20 (seller 20, buyer 40)
INSERT INTO TKK.trade_chat_message (room_id, sender_id, message, read_yn)
VALUES (20, 40, '안녕하세요, 상품 구매 희망합니다. (room 20-1)', 'Y');
INSERT INTO TKK.trade_chat_message (room_id, sender_id, message, read_yn)
VALUES (20, 20, '안녕하세요, 아직 판매 중입니다. (room 20-2)', 'Y');
INSERT INTO TKK.trade_chat_message (room_id, sender_id, message, read_yn)
VALUES (20, 40, '상세 설명보다 실사진이 보고 싶어요. (room 20-3)', 'Y');
INSERT INTO TKK.trade_chat_message (room_id, sender_id, message, read_yn)
VALUES (20, 20, '지금 사진 몇 장 찍어서 올렸습니다. (room 20-4)', 'Y');
INSERT INTO TKK.trade_chat_message (room_id, sender_id, message, read_yn)
VALUES (20, 40, '사진 봤는데 상태 좋아 보여요. (room 20-5)', 'Y');
INSERT INTO TKK.trade_chat_message (room_id, sender_id, message, read_yn)
VALUES (20, 20, '감사합니다. 거래는 어떻게 진행해볼까요? (room 20-6)', 'Y');
INSERT INTO TKK.trade_chat_message (room_id, sender_id, message, read_yn)
VALUES (20, 40, '저는 직거래 선호합니다. (room 20-7)', 'Y');
INSERT INTO TKK.trade_chat_message (room_id, sender_id, message, read_yn)
VALUES (20, 20, '그럼 홍대입구역에서 만나죠. (room 20-8)', 'Y');
INSERT INTO TKK.trade_chat_message (room_id, sender_id, message, read_yn)
VALUES (20, 40, '네, 시간만 정하면 될 것 같아요. (room 20-9)', 'N');
INSERT INTO TKK.trade_chat_message (room_id, sender_id, message, read_yn)
VALUES (20, 20, '토요일 오후 3시는 어떠세요? (room 20-10)', 'N');


INSERT INTO trade_post_image(trade_id,image_url,sort_order) VALUES(1,'trade1_img1.jpg',1);
INSERT INTO trade_post_image(trade_id,image_url,sort_order) VALUES(1,'trade1_img2.jpg',2);
INSERT INTO trade_post_image(trade_id,image_url,sort_order) VALUES(1,'trade1_img3.jpg',3);
INSERT INTO trade_post_image(trade_id,image_url,sort_order) VALUES(1,'trade1_img4.jpg',4);

INSERT INTO trade_post_image(trade_id,image_url,sort_order) VALUES(2,'trade2_img1.jpg',1);
INSERT INTO trade_post_image(trade_id,image_url,sort_order) VALUES(2,'trade2_img2.jpg',2);
INSERT INTO trade_post_image(trade_id,image_url,sort_order) VALUES(2,'trade2_img3.jpg',3);
INSERT INTO trade_post_image(trade_id,image_url,sort_order) VALUES(2,'trade2_img4.jpg',4);

INSERT INTO trade_post_image(trade_id,image_url,sort_order) VALUES(3,'trade3_img1.jpg',1);
INSERT INTO trade_post_image(trade_id,image_url,sort_order) VALUES(3,'trade3_img2.jpg',2);
INSERT INTO trade_post_image(trade_id,image_url,sort_order) VALUES(3,'trade3_img3.jpg',3);
INSERT INTO trade_post_image(trade_id,image_url,sort_order) VALUES(3,'trade3_img4.jpg',4);

INSERT INTO trade_post_image(trade_id,image_url,sort_order) VALUES(4,'trade4_img1.jpg',1);
INSERT INTO trade_post_image(trade_id,image_url,sort_order) VALUES(4,'trade4_img2.jpg',2);
INSERT INTO trade_post_image(trade_id,image_url,sort_order) VALUES(4,'trade4_img3.jpg',3);
INSERT INTO trade_post_image(trade_id,image_url,sort_order) VALUES(4,'trade4_img4.jpg',4);

INSERT INTO trade_post_image(trade_id,image_url,sort_order) VALUES(5,'trade5_img1.jpg',1);
INSERT INTO trade_post_image(trade_id,image_url,sort_order) VALUES(5,'trade5_img2.jpg',2);
INSERT INTO trade_post_image(trade_id,image_url,sort_order) VALUES(5,'trade5_img3.jpg',3);
INSERT INTO trade_post_image(trade_id,image_url,sort_order) VALUES(5,'trade5_img4.jpg',4);
INSERT INTO trade_post_image(trade_id,image_url,sort_order) VALUES(6,'trade6_img1.jpg',1);
INSERT INTO trade_post_image(trade_id,image_url,sort_order) VALUES(6,'trade6_img2.jpg',2);
INSERT INTO trade_post_image(trade_id,image_url,sort_order) VALUES(6,'trade6_img3.jpg',3);
INSERT INTO trade_post_image(trade_id,image_url,sort_order) VALUES(6,'trade6_img4.jpg',4);

INSERT INTO trade_post_image(trade_id,image_url,sort_order) VALUES(7,'trade7_img1.jpg',1);
INSERT INTO trade_post_image(trade_id,image_url,sort_order) VALUES(7,'trade7_img2.jpg',2);
INSERT INTO trade_post_image(trade_id,image_url,sort_order) VALUES(7,'trade7_img3.jpg',3);
INSERT INTO trade_post_image(trade_id,image_url,sort_order) VALUES(7,'trade7_img4.jpg',4);

INSERT INTO trade_post_image(trade_id,image_url,sort_order) VALUES(8,'trade8_img1.jpg',1);
INSERT INTO trade_post_image(trade_id,image_url,sort_order) VALUES(8,'trade8_img2.jpg',2);
INSERT INTO trade_post_image(trade_id,image_url,sort_order) VALUES(8,'trade8_img3.jpg',3);
INSERT INTO trade_post_image(trade_id,image_url,sort_order) VALUES(8,'trade8_img4.jpg',4);

INSERT INTO trade_post_image(trade_id,image_url,sort_order) VALUES(9,'trade9_img1.jpg',1);
INSERT INTO trade_post_image(trade_id,image_url,sort_order) VALUES(9,'trade9_img2.jpg',2);
INSERT INTO trade_post_image(trade_id,image_url,sort_order) VALUES(9,'trade9_img3.jpg',3);
INSERT INTO trade_post_image(trade_id,image_url,sort_order) VALUES(9,'trade9_img4.jpg',4);

INSERT INTO trade_post_image(trade_id,image_url,sort_order) VALUES(10,'trade10_img1.jpg',1);
INSERT INTO trade_post_image(trade_id,image_url,sort_order) VALUES(10,'trade10_img2.jpg',2);
INSERT INTO trade_post_image(trade_id,image_url,sort_order) VALUES(10,'trade10_img3.jpg',3);
INSERT INTO trade_post_image(trade_id,image_url,sort_order) VALUES(10,'trade10_img4.jpg',4);

INSERT INTO board_report(post_id,comment_id,reporter_id,reason,status,created_at)
VALUES(1,NULL,5,'스팸/홍보성 게시글입니다.','WAIT',SYSDATE-10);

INSERT INTO board_report(post_id,comment_id,reporter_id,reason,status,created_at)
VALUES(2,NULL,8,'주제와 맞지 않는 내용입니다.','WAIT',SYSDATE-9);

INSERT INTO board_report(post_id,comment_id,reporter_id,reason,status,created_at)
VALUES(3,NULL,12,'욕설 및 비방이 포함되어 있습니다.','WAIT',SYSDATE-9);

INSERT INTO board_report(post_id,comment_id,reporter_id,reason,status,created_at)
VALUES(4,NULL,7,'중복 게시글로 보입니다.','DONE',SYSDATE-8);

INSERT INTO board_report(post_id,comment_id,reporter_id,reason,status,created_at)
VALUES(5,NULL,10,'허위 정보가 포함된 것 같습니다.','WAIT',SYSDATE-8);

INSERT INTO board_report(post_id,comment_id,reporter_id,reason,status,created_at)
VALUES(6,NULL,3,'선정적인 내용이 포함되어 있습니다.','WAIT',SYSDATE-7);

INSERT INTO board_report(post_id,comment_id,reporter_id,reason,status,created_at)
VALUES(7,NULL,4,'저작권을 침해하는 이미지가 포함된 것 같습니다.','DONE',SYSDATE-7);

INSERT INTO board_report(post_id,comment_id,reporter_id,reason,status,created_at)
VALUES(8,NULL,9,'타인 사칭이 의심되는 게시글입니다.','WAIT',SYSDATE-6);

INSERT INTO board_report(post_id,comment_id,reporter_id,reason,status,created_at)
VALUES(9,NULL,2,'광고/홍보 목적의 글로 보입니다.','WAIT',SYSDATE-6);

INSERT INTO board_report(post_id,comment_id,reporter_id,reason,status,created_at)
VALUES(10,NULL,11,'비속어 사용이 심한 게시글입니다.','DONE',SYSDATE-5);

-- 댓글 신고 (comment_id 기준)
INSERT INTO board_report(post_id,comment_id,reporter_id,reason,status,created_at)
VALUES(NULL,1,5,'댓글에 욕설이 포함되어 있습니다.','WAIT',SYSDATE-5);

INSERT INTO board_report(post_id,comment_id,reporter_id,reason,status,created_at)
VALUES(NULL,2,6,'도배성 댓글로 보입니다.','WAIT',SYSDATE-5);

INSERT INTO board_report(post_id,comment_id,reporter_id,reason,status,created_at)
VALUES(NULL,3,7,'타인을 비방하는 내용입니다.','DONE',SYSDATE-4);

INSERT INTO board_report(post_id,comment_id,reporter_id,reason,status,created_at)
VALUES(NULL,4,8,'정치/사회 분쟁을 유도하는 댓글입니다.','WAIT',SYSDATE-4);

INSERT INTO board_report(post_id,comment_id,reporter_id,reason,status,created_at)
VALUES(NULL,5,9,'개인정보 노출이 우려됩니다.','WAIT',SYSDATE-4);

INSERT INTO board_report(post_id,comment_id,reporter_id,reason,status,created_at)
VALUES(NULL,6,10,'성적인 표현이 포함되어 있습니다.','DONE',SYSDATE-3);

INSERT INTO board_report(post_id,comment_id,reporter_id,reason,status,created_at)
VALUES(NULL,7,11,'상대방을 괴롭히는 내용입니다.','WAIT',SYSDATE-3);

INSERT INTO board_report(post_id,comment_id,reporter_id,reason,status,created_at)
VALUES(NULL,8,12,'지나친 비하 표현이 있습니다.','WAIT',SYSDATE-3);

INSERT INTO board_report(post_id,comment_id,reporter_id,reason,status,created_at)
VALUES(NULL,9,13,'광고 링크가 포함된 댓글입니다.','DONE',SYSDATE-2);

INSERT INTO board_report(post_id,comment_id,reporter_id,reason,status,created_at)
VALUES(NULL,10,14,'도배성 이모티콘 댓글입니다.','WAIT',SYSDATE-2);

-- 게시글 신고 추가
INSERT INTO board_report(post_id,comment_id,reporter_id,reason,status,created_at)
VALUES(11,NULL,15,'규칙 위반으로 보이는 게시글입니다.','WAIT',SYSDATE-2);

INSERT INTO board_report(post_id,comment_id,reporter_id,reason,status,created_at)
VALUES(12,NULL,16,'불쾌감을 주는 표현이 있습니다.','DONE',SYSDATE-2);

INSERT INTO board_report(post_id,comment_id,reporter_id,reason,status,created_at)
VALUES(13,NULL,17,'특정 대상을 괴롭히는 내용입니다.','WAIT',SYSDATE-1);

INSERT INTO board_report(post_id,comment_id,reporter_id,reason,status,created_at)
VALUES(14,NULL,18,'거래 사기를 유도하는 것 같습니다.','WAIT',SYSDATE-1);

INSERT INTO board_report(post_id,comment_id,reporter_id,reason,status,created_at)
VALUES(15,NULL,19,'허위 사실을 유포하는 내용 같습니다.','DONE',SYSDATE-1);

INSERT INTO board_report(post_id,comment_id,reporter_id,reason,status,created_at)
VALUES(16,NULL,20,'게시판 규칙에 맞지 않는 홍보글입니다.','WAIT',SYSDATE-1);

INSERT INTO board_report(post_id,comment_id,reporter_id,reason,status,created_at)
VALUES(17,NULL,21,'타인의 명예를 훼손하는 내용입니다.','WAIT',SYSDATE);

INSERT INTO board_report(post_id,comment_id,reporter_id,reason,status,created_at)
VALUES(18,NULL,22,'부적절한 이미지가 포함되어 있습니다.','DONE',SYSDATE);

-- 댓글 신고 추가
INSERT INTO board_report(post_id,comment_id,reporter_id,reason,status,created_at)
VALUES(NULL,11,5,'게시글과 관련 없는 내용의 댓글입니다.','WAIT',SYSDATE-1);

INSERT INTO board_report(post_id,comment_id,reporter_id,reason,status,created_at)
VALUES(NULL,12,6,'타인을 조롱하는 내용입니다.','WAIT',SYSDATE-1);

INSERT INTO board_report(post_id,comment_id,reporter_id,reason,status,created_at)
VALUES(NULL,13,7,'허위 정보를 퍼뜨리는 댓글 같습니다.','DONE',SYSDATE-1);

INSERT INTO board_report(post_id,comment_id,reporter_id,reason,status,created_at)
VALUES(NULL,14,8,'도배성 댓글 신고합니다.','WAIT',SYSDATE-1);

INSERT INTO board_report(post_id,comment_id,reporter_id,reason,status,created_at)
VALUES(NULL,15,9,'욕설이 반복적으로 사용되었습니다.','WAIT',SYSDATE);

INSERT INTO board_report(post_id,comment_id,reporter_id,reason,status,created_at)
VALUES(NULL,16,10,'개인을 공격하는 표현이 있습니다.','DONE',SYSDATE);

INSERT INTO board_report(post_id,comment_id,reporter_id,reason,status,created_at)
VALUES(NULL,17,11,'정치적 분쟁을 유도하는 댓글입니다.','WAIT',SYSDATE);

INSERT INTO board_report(post_id,comment_id,reporter_id,reason,status,created_at)
VALUES(NULL,18,12,'상업적 광고로 보입니다.','WAIT',SYSDATE);

INSERT INTO board_report(post_id,comment_id,reporter_id,reason,status,created_at)
VALUES(NULL,19,13,'불법 거래를 암시하는 내용입니다.','WAIT',SYSDATE);

INSERT INTO board_report(post_id,comment_id,reporter_id,reason,status,created_at)
VALUES(NULL,20,14,'타 커뮤니티로 유도하는 스팸 댓글입니다.','DONE',SYSDATE);

-- 게시글/댓글 혼합
INSERT INTO board_report(post_id,comment_id,reporter_id,reason,status,created_at)
VALUES(19,NULL,15,'게시판 성격과 맞지 않는 홍보성 글입니다.','WAIT',SYSDATE);

INSERT INTO board_report(post_id,comment_id,reporter_id,reason,status,created_at)
VALUES(20,NULL,16,'과도한 비방 표현이 포함된 게시글입니다.','WAIT',SYSDATE);

commit ;


--------------------------------------------------------
-- 5. 기본 역할 데이터 4개(SUPER, MANAGER, CS, CONTENT)
--------------------------------------------------------
INSERT INTO ADMIN_ROLE ( ROLE_CODE, ROLE_NAME, DESCRIPTION)
VALUES ( 'SUPER',   '최고관리자',      '모든 기능 사용 가능');

INSERT INTO ADMIN_ROLE ( ROLE_CODE, ROLE_NAME, DESCRIPTION)
VALUES ( 'MANAGER', '운영자',          '회원/게시판/거래 관리');

INSERT INTO ADMIN_ROLE ( ROLE_CODE, ROLE_NAME, DESCRIPTION)
VALUES ( 'CS',      '고객센터',        '문의/FAQ/공지 관리');

INSERT INTO ADMIN_ROLE ( ROLE_CODE, ROLE_NAME, DESCRIPTION)
VALUES ( 'CONTENT', '콘텐츠관리자',    '메인 배너/추천 검색어 관리');

--------------------------------------------------------
-- 6. 관리자 계정 1개 생성 (ID: admin / PW: admin1234)
--------------------------------------------------------
INSERT INTO ADMIN_USER (
     LOGIN_ID, LOGIN_PW, NAME, EMAIL, PHONE, STATUS
) VALUES (

             'admin',
             'admin1234',           -- 학습/과제용: 평문, 실서비스이면 반드시 암호화
             '관리자',
             'admin@tkk.com',
             '010-0000-0000',
             'Y'
         );

COMMIT;

--------------------------------------------------------
-- 7. admin 계정에 SUPER 권한 매핑
--    (숫자를 직접 안 쓰고, 서브쿼리로 안전하게 매핑)
--------------------------------------------------------
INSERT INTO ADMIN_USER_ROLE (ADMIN_ID, ROLE_ID)
SELECT u.ADMIN_ID, r.ROLE_ID
FROM   ADMIN_USER u
           JOIN ADMIN_ROLE r ON r.ROLE_CODE = 'SUPER'
WHERE  u.LOGIN_ID = 'admin'
  AND  NOT EXISTS (
    SELECT 1
    FROM   ADMIN_USER_ROLE ur
    WHERE  ur.ADMIN_ID = u.ADMIN_ID
      AND    ur.ROLE_ID  = r.ROLE_ID
);

COMMIT;

--------------------------------------------------------
-- 8. 최종 확인용 쿼리 (필요할 때만 실행)
--------------------------------------------------------
-- 현재 스키마 확인
-- SELECT USER FROM DUAL;
--
-- -- 관리자 계정 확인
-- SELECT ADMIN_ID, LOGIN_ID, LOGIN_PW, STATUS
-- FROM ADMIN_USER;
--
-- -- 역할 목록 확인
-- SELECT ROLE_ID, ROLE_CODE, ROLE_NAME
-- FROM ADMIN_ROLE;
--
-- -- 권한 매핑 확인
-- SELECT *
-- FROM ADMIN_USER_ROLE;


commit;