INSERT INTO MEMBER(login_id,login_pw,nickname,profile_image_url,intro,user_level,email,gender,nationality,deleted_yn) VALUES('user001','pw001','닉네임001','https://example.com/profile/sample1.png','안녕하세요, 유저001입니다.',2,'user001@example.com','남자','내국인','N');
INSERT INTO MEMBER(login_id,login_pw,nickname,profile_image_url,intro,user_level,email,gender,nationality,deleted_yn) VALUES('user002','pw002','닉네임002','https://example.com/profile/sample1.png','안녕하세요, 유저002입니다.',2,'user002@example.com','여자','내국인','N');
INSERT INTO MEMBER(login_id,login_pw,nickname,profile_image_url,intro,user_level,email,gender,nationality,deleted_yn) VALUES('user003','pw003','닉네임003','https://example.com/profile/sample1.png','안녕하세요, 유저003입니다.',2,'user003@example.com','남자','내국인','N');
INSERT INTO MEMBER(login_id,login_pw,nickname,profile_image_url,intro,user_level,email,gender,nationality,deleted_yn) VALUES('user004','pw004','닉네임004','https://example.com/profile/sample1.png','안녕하세요, 유저004입니다.',2,'user004@example.com','여자','내국인','N');
INSERT INTO MEMBER(login_id,login_pw,nickname,profile_image_url,intro,user_level,email,gender,nationality,deleted_yn) VALUES('user005','pw005','닉네임005','https://example.com/profile/sample1.png','안녕하세요, 유저005입니다.',2,'user005@example.com','남자','외국인','N');
INSERT INTO MEMBER(login_id,login_pw,nickname,profile_image_url,intro,user_level,email,gender,nationality,deleted_yn) VALUES('user006','pw006','닉네임006','https://example.com/profile/sample1.png','안녕하세요, 유저006입니다.',2,'user006@example.com','여자','내국인','N');
INSERT INTO MEMBER(login_id,login_pw,nickname,profile_image_url,intro,user_level,email,gender,nationality,deleted_yn) VALUES('user007','pw007','닉네임007','https://example.com/profile/sample1.png','안녕하세요, 유저007입니다.',2,'user007@example.com','남자','내국인','N');
INSERT INTO MEMBER(login_id,login_pw,nickname,profile_image_url,intro,user_level,email,gender,nationality,deleted_yn) VALUES('user008','pw008','닉네임008','https://example.com/profile/sample1.png','안녕하세요, 유저008입니다.',2,'user008@example.com','여자','내국인','N');
INSERT INTO MEMBER(login_id,login_pw,nickname,profile_image_url,intro,user_level,email,gender,nationality,deleted_yn) VALUES('user009','pw009','닉네임009','https://example.com/profile/sample1.png','안녕하세요, 유저009입니다.',2,'user009@example.com','남자','내국인','N');
INSERT INTO MEMBER(login_id,login_pw,nickname,profile_image_url,intro,user_level,email,gender,nationality,deleted_yn) VALUES('user010','pw010','닉네임010','https://example.com/profile/sample1.png','안녕하세요, 유저010입니다.',2,'user010@example.com','여자','외국인','N');
INSERT INTO MEMBER(login_id,login_pw,nickname,profile_image_url,intro,user_level,email,gender,nationality,deleted_yn) VALUES('user011','pw011','닉네임011','https://example.com/profile/sample2.png','안녕하세요, 유저011입니다.',2,'user011@example.com','남자','내국인','N');
INSERT INTO MEMBER(login_id,login_pw,nickname,profile_image_url,intro,user_level,email,gender,nationality,deleted_yn) VALUES('user012','pw012','닉네임012','https://example.com/profile/sample2.png','안녕하세요, 유저012입니다.',2,'user012@example.com','여자','내국인','N');
INSERT INTO MEMBER(login_id,login_pw,nickname,profile_image_url,intro,user_level,email,gender,nationality,deleted_yn) VALUES('user013','pw013','닉네임013','https://example.com/profile/sample2.png','안녕하세요, 유저013입니다.',2,'user013@example.com','남자','내국인','N');
INSERT INTO MEMBER(login_id,login_pw,nickname,profile_image_url,intro,user_level,email,gender,nationality,deleted_yn) VALUES('user014','pw014','닉네임014','https://example.com/profile/sample2.png','안녕하세요, 유저014입니다.',2,'user014@example.com','여자','내국인','N');
INSERT INTO MEMBER(login_id,login_pw,nickname,profile_image_url,intro,user_level,email,gender,nationality,deleted_yn) VALUES('user015','pw015','닉네임015','https://example.com/profile/sample2.png','안녕하세요, 유저015입니다.',2,'user015@example.com','남자','외국인','N');
INSERT INTO MEMBER(login_id,login_pw,nickname,profile_image_url,intro,user_level,email,gender,nationality,deleted_yn) VALUES('user016','pw016','닉네임016','https://example.com/profile/sample2.png','안녕하세요, 유저016입니다.',2,'user016@example.com','여자','내국인','N');
INSERT INTO MEMBER(login_id,login_pw,nickname,profile_image_url,intro,user_level,email,gender,nationality,deleted_yn) VALUES('user017','pw017','닉네임017','https://example.com/profile/sample2.png','안녕하세요, 유저017입니다.',2,'user017@example.com','남자','내국인','N');
INSERT INTO MEMBER(login_id,login_pw,nickname,profile_image_url,intro,user_level,email,gender,nationality,deleted_yn) VALUES('user018','pw018','닉네임018','https://example.com/profile/sample2.png','안녕하세요, 유저018입니다.',2,'user018@example.com','여자','내국인','N');
INSERT INTO MEMBER(login_id,login_pw,nickname,profile_image_url,intro,user_level,email,gender,nationality,deleted_yn) VALUES('user019','pw019','닉네임019','https://example.com/profile/sample2.png','안녕하세요, 유저019입니다.',2,'user019@example.com','남자','내국인','N');
INSERT INTO MEMBER(login_id,login_pw,nickname,profile_image_url,intro,user_level,email,gender,nationality,deleted_yn) VALUES('user020','pw020','닉네임020','https://example.com/profile/sample2.png','안녕하세요, 유저020입니다.',2,'user020@example.com','여자','외국인','N');
INSERT INTO MEMBER(login_id,login_pw,nickname,profile_image_url,intro,user_level,email,gender,nationality,deleted_yn) VALUES('user021','pw021','닉네임021','https://example.com/profile/sample3.png','안녕하세요, 유저021입니다.',2,'user021@example.com','남자','내국인','N');
INSERT INTO MEMBER(login_id,login_pw,nickname,profile_image_url,intro,user_level,email,gender,nationality,deleted_yn) VALUES('user022','pw022','닉네임022','https://example.com/profile/sample3.png','안녕하세요, 유저022입니다.',2,'user022@example.com','여자','내국인','N');
INSERT INTO MEMBER(login_id,login_pw,nickname,profile_image_url,intro,user_level,email,gender,nationality,deleted_yn) VALUES('user023','pw023','닉네임023','https://example.com/profile/sample3.png','안녕하세요, 유저023입니다.',2,'user023@example.com','남자','내국인','N');
INSERT INTO MEMBER(login_id,login_pw,nickname,profile_image_url,intro,user_level,email,gender,nationality,deleted_yn) VALUES('user024','pw024','닉네임024','https://example.com/profile/sample3.png','안녕하세요, 유저024입니다.',2,'user024@example.com','여자','내국인','N');
INSERT INTO MEMBER(login_id,login_pw,nickname,profile_image_url,intro,user_level,email,gender,nationality,deleted_yn) VALUES('user025','pw025','닉네임025','https://example.com/profile/sample3.png','안녕하세요, 유저025입니다.',2,'user025@example.com','남자','외국인','N');
INSERT INTO MEMBER(login_id,login_pw,nickname,profile_image_url,intro,user_level,email,gender,nationality,deleted_yn) VALUES('user026','pw026','닉네임026','https://example.com/profile/sample3.png','안녕하세요, 유저026입니다.',2,'user026@example.com','여자','내국인','N');
INSERT INTO MEMBER(login_id,login_pw,nickname,profile_image_url,intro,user_level,email,gender,nationality,deleted_yn) VALUES('user027','pw027','닉네임027','https://example.com/profile/sample3.png','안녕하세요, 유저027입니다.',2,'user027@example.com','남자','내국인','N');
INSERT INTO MEMBER(login_id,login_pw,nickname,profile_image_url,intro,user_level,email,gender,nationality,deleted_yn) VALUES('user028','pw028','닉네임028','https://example.com/profile/sample3.png','안녕하세요, 유저028입니다.',2,'user028@example.com','여자','내국인','N');
INSERT INTO MEMBER(login_id,login_pw,nickname,profile_image_url,intro,user_level,email,gender,nationality,deleted_yn) VALUES('user029','pw029','닉네임029','https://example.com/profile/sample3.png','안녕하세요, 유저029입니다.',2,'user029@example.com','남자','내국인','N');
INSERT INTO MEMBER(login_id,login_pw,nickname,profile_image_url,intro,user_level,email,gender,nationality,deleted_yn) VALUES('user030','pw030','닉네임030','https://example.com/profile/sample3.png','안녕하세요, 유저030입니다.',2,'user030@example.com','여자','외국인','N');
INSERT INTO MEMBER(login_id,login_pw,nickname,profile_image_url,intro,user_level,email,gender,nationality,deleted_yn) VALUES('user031','pw031','닉네임031',NULL,'안녕하세요, 유저031입니다.',2,'user031@example.com','남자','내국인','N');
INSERT INTO MEMBER(login_id,login_pw,nickname,profile_image_url,intro,user_level,email,gender,nationality,deleted_yn) VALUES('user032','pw032','닉네임032',NULL,'안녕하세요, 유저032입니다.',2,'user032@example.com','여자','내국인','N');
INSERT INTO MEMBER(login_id,login_pw,nickname,profile_image_url,intro,user_level,email,gender,nationality,deleted_yn) VALUES('user033','pw033','닉네임033',NULL,'안녕하세요, 유저033입니다.',2,'user033@example.com','남자','내국인','N');
INSERT INTO MEMBER(login_id,login_pw,nickname,profile_image_url,intro,user_level,email,gender,nationality,deleted_yn) VALUES('user034','pw034','닉네임034',NULL,'안녕하세요, 유저034입니다.',2,'user034@example.com','여자','내국인','N');
INSERT INTO MEMBER(login_id,login_pw,nickname,profile_image_url,intro,user_level,email,gender,nationality,deleted_yn) VALUES('user035','pw035','닉네임035',NULL,'안녕하세요, 유저035입니다.',2,'user035@example.com','남자','외국인','N');
INSERT INTO MEMBER(login_id,login_pw,nickname,profile_image_url,intro,user_level,email,gender,nationality,deleted_yn) VALUES('user036','pw036','닉네임036',NULL,'안녕하세요, 유저036입니다.',2,'user036@example.com','여자','내국인','N');
INSERT INTO MEMBER(login_id,login_pw,nickname,profile_image_url,intro,user_level,email,gender,nationality,deleted_yn) VALUES('user037','pw037','닉네임037',NULL,'안녕하세요, 유저037입니다.',2,'user037@example.com','남자','내국인','N');
INSERT INTO MEMBER(login_id,login_pw,nickname,profile_image_url,intro,user_level,email,gender,nationality,deleted_yn) VALUES('user038','pw038','닉네임038',NULL,'안녕하세요, 유저038입니다.',2,'user038@example.com','여자','내국인','N');
INSERT INTO MEMBER(login_id,login_pw,nickname,profile_image_url,intro,user_level,email,gender,nationality,deleted_yn) VALUES('user039','pw039','닉네임039',NULL,'안녕하세요, 유저039입니다.',2,'user039@example.com','남자','내국인','N');
INSERT INTO MEMBER(login_id,login_pw,nickname,profile_image_url,intro,user_level,email,gender,nationality,deleted_yn) VALUES('user040','pw040','닉네임040',NULL,'안녕하세요, 유저040입니다.',2,'user040@example.com','여자','외국인','N');
INSERT INTO MEMBER(login_id,login_pw,nickname,profile_image_url,intro,user_level,email,gender,nationality,deleted_yn) VALUES('user041','pw041','닉네임041',NULL,'안녕하세요, 유저041입니다.',2,'user041@example.com','남자','내국인','N');
INSERT INTO MEMBER(login_id,login_pw,nickname,profile_image_url,intro,user_level,email,gender,nationality,deleted_yn) VALUES('user042','pw042','닉네임042',NULL,'안녕하세요, 유저042입니다.',2,'user042@example.com','여자','내국인','N');
INSERT INTO MEMBER(login_id,login_pw,nickname,profile_image_url,intro,user_level,email,gender,nationality,deleted_yn) VALUES('user043','pw043','닉네임043',NULL,'안녕하세요, 유저043입니다.',2,'user043@example.com','남자','내국인','N');
INSERT INTO MEMBER(login_id,login_pw,nickname,profile_image_url,intro,user_level,email,gender,nationality,deleted_yn) VALUES('user044','pw044','닉네임044',NULL,'안녕하세요, 유저044입니다.',2,'user044@example.com','여자','내국인','N');
INSERT INTO MEMBER(login_id,login_pw,nickname,profile_image_url,intro,user_level,email,gender,nationality,deleted_yn) VALUES('user045','pw045','닉네임045',NULL,'안녕하세요, 유저045입니다.',2,'user045@example.com','남자','외국인','N');
INSERT INTO MEMBER(login_id,login_pw,nickname,profile_image_url,intro,user_level,email,gender,nationality,deleted_yn) VALUES('user046','pw046','닉네임046',NULL,'안녕하세요, 유저046입니다.',2,'user046@example.com','여자','내국인','N');
INSERT INTO MEMBER(login_id,login_pw,nickname,profile_image_url,intro,user_level,email,gender,nationality,deleted_yn) VALUES('user047','pw047','닉네임047',NULL,'안녕하세요, 유저047입니다.',2,'user047@example.com','남자','내국인','N');
INSERT INTO MEMBER(login_id,login_pw,nickname,profile_image_url,intro,user_level,email,gender,nationality,deleted_yn) VALUES('user048','pw048','닉네임048',NULL,'안녕하세요, 유저048입니다.',2,'user048@example.com','여자','내국인','N');
INSERT INTO MEMBER(login_id,login_pw,nickname,profile_image_url,intro,user_level,email,gender,nationality,deleted_yn) VALUES('user049','pw049','닉네임049',NULL,'안녕하세요, 유저049입니다.',2,'user049@example.com','남자','내국인','N');
INSERT INTO MEMBER(login_id,login_pw,nickname,profile_image_url,intro,user_level,email,gender,nationality,deleted_yn) VALUES('user050','pw050','닉네임050',NULL,'안녕하세요, 유저050입니다.',2,'user050@example.com','여자','외국인','N');
INSERT INTO MEMBER(login_id,login_pw,nickname,profile_image_url,intro,user_level,email,gender,nationality,deleted_yn) VALUES('user051','pw051','닉네임051',NULL,'안녕하세요, 유저051입니다.',2,'user051@example.com','남자','내국인','N');
INSERT INTO MEMBER(login_id,login_pw,nickname,profile_image_url,intro,user_level,email,gender,nationality,deleted_yn) VALUES('user052','pw052','닉네임052',NULL,'안녕하세요, 유저052입니다.',2,'user052@example.com','여자','내국인','N');
INSERT INTO MEMBER(login_id,login_pw,nickname,profile_image_url,intro,user_level,email,gender,nationality,deleted_yn) VALUES('user053','pw053','닉네임053',NULL,'안녕하세요, 유저053입니다.',2,'user053@example.com','남자','내국인','N');
INSERT INTO MEMBER(login_id,login_pw,nickname,profile_image_url,intro,user_level,email,gender,nationality,deleted_yn) VALUES('user054','pw054','닉네임054',NULL,'안녕하세요, 유저054입니다.',2,'user054@example.com','여자','내국인','N');
INSERT INTO MEMBER(login_id,login_pw,nickname,profile_image_url,intro,user_level,email,gender,nationality,deleted_yn) VALUES('user055','pw055','닉네임055',NULL,'안녕하세요, 유저055입니다.',2,'user055@example.com','남자','외국인','N');
INSERT INTO MEMBER(login_id,login_pw,nickname,profile_image_url,intro,user_level,email,gender,nationality,deleted_yn) VALUES('user056','pw056','닉네임056',NULL,'안녕하세요, 유저056입니다.',2,'user056@example.com','여자','내국인','N');
INSERT INTO MEMBER(login_id,login_pw,nickname,profile_image_url,intro,user_level,email,gender,nationality,deleted_yn) VALUES('user057','pw057','닉네임057',NULL,'안녕하세요, 유저057입니다.',2,'user057@example.com','남자','내국인','N');
INSERT INTO MEMBER(login_id,login_pw,nickname,profile_image_url,intro,user_level,email,gender,nationality,deleted_yn) VALUES('user058','pw058','닉네임058',NULL,'안녕하세요, 유저058입니다.',2,'user058@example.com','여자','내국인','N');
INSERT INTO MEMBER(login_id,login_pw,nickname,profile_image_url,intro,user_level,email,gender,nationality,deleted_yn) VALUES('user059','pw059','닉네임059',NULL,'안녕하세요, 유저059입니다.',2,'user059@example.com','남자','내국인','N');
INSERT INTO MEMBER(login_id,login_pw,nickname,profile_image_url,intro,user_level,email,gender,nationality,deleted_yn) VALUES('user060','pw060','닉네임060',NULL,'안녕하세요, 유저060입니다.',2,'user060@example.com','여자','외국인','N');
INSERT INTO MEMBER(login_id,login_pw,nickname,profile_image_url,intro,user_level,email,gender,nationality,deleted_yn) VALUES('user061','pw061','닉네임061',NULL,'안녕하세요, 유저061입니다.',2,'user061@example.com','남자','내국인','N');
INSERT INTO MEMBER(login_id,login_pw,nickname,profile_image_url,intro,user_level,email,gender,nationality,deleted_yn) VALUES('user062','pw062','닉네임062',NULL,'안녕하세요, 유저062입니다.',2,'user062@example.com','여자','내국인','N');
INSERT INTO MEMBER(login_id,login_pw,nickname,profile_image_url,intro,user_level,email,gender,nationality,deleted_yn) VALUES('user063','pw063','닉네임063',NULL,'안녕하세요, 유저063입니다.',2,'user063@example.com','남자','내국인','N');
INSERT INTO MEMBER(login_id,login_pw,nickname,profile_image_url,intro,user_level,email,gender,nationality,deleted_yn) VALUES('user064','pw064','닉네임064',NULL,'안녕하세요, 유저064입니다.',2,'user064@example.com','여자','내국인','N');
INSERT INTO MEMBER(login_id,login_pw,nickname,profile_image_url,intro,user_level,email,gender,nationality,deleted_yn) VALUES('user065','pw065','닉네임065',NULL,'안녕하세요, 유저065입니다.',2,'user065@example.com','남자','외국인','N');
INSERT INTO MEMBER(login_id,login_pw,nickname,profile_image_url,intro,user_level,email,gender,nationality,deleted_yn) VALUES('user066','pw066','닉네임066',NULL,'안녕하세요, 유저066입니다.',2,'user066@example.com','여자','내국인','N');
INSERT INTO MEMBER(login_id,login_pw,nickname,profile_image_url,intro,user_level,email,gender,nationality,deleted_yn) VALUES('user067','pw067','닉네임067',NULL,'안녕하세요, 유저067입니다.',2,'user067@example.com','남자','내국인','N');
INSERT INTO MEMBER(login_id,login_pw,nickname,profile_image_url,intro,user_level,email,gender,nationality,deleted_yn) VALUES('user068','pw068','닉네임068',NULL,'안녕하세요, 유저068입니다.',2,'user068@example.com','여자','내국인','N');
INSERT INTO MEMBER(login_id,login_pw,nickname,profile_image_url,intro,user_level,email,gender,nationality,deleted_yn) VALUES('user069','pw069','닉네임069',NULL,'안녕하세요, 유저069입니다.',2,'user069@example.com','남자','내국인','N');
INSERT INTO MEMBER(login_id,login_pw,nickname,profile_image_url,intro,user_level,email,gender,nationality,deleted_yn) VALUES('user070','pw070','닉네임070',NULL,'안녕하세요, 유저070입니다.',2,'user070@example.com','여자','외국인','N');
INSERT INTO MEMBER(login_id,login_pw,nickname,profile_image_url,intro,user_level,email,gender,nationality,deleted_yn) VALUES('user071','pw071','닉네임071',NULL,'안녕하세요, 유저071입니다.',2,'user071@example.com','남자','내국인','N');
INSERT INTO MEMBER(login_id,login_pw,nickname,profile_image_url,intro,user_level,email,gender,nationality,deleted_yn) VALUES('user072','pw072','닉네임072',NULL,'안녕하세요, 유저072입니다.',2,'user072@example.com','여자','내국인','N');
INSERT INTO MEMBER(login_id,login_pw,nickname,profile_image_url,intro,user_level,email,gender,nationality,deleted_yn) VALUES('user073','pw073','닉네임073',NULL,'안녕하세요, 유저073입니다.',2,'user073@example.com','남자','내국인','N');
INSERT INTO MEMBER(login_id,login_pw,nickname,profile_image_url,intro,user_level,email,gender,nationality,deleted_yn) VALUES('user074','pw074','닉네임074',NULL,'안녕하세요, 유저074입니다.',2,'user074@example.com','여자','내국인','N');
INSERT INTO MEMBER(login_id,login_pw,nickname,profile_image_url,intro,user_level,email,gender,nationality,deleted_yn) VALUES('user075','pw075','닉네임075',NULL,'안녕하세요, 유저075입니다.',2,'user075@example.com','남자','외국인','N');
INSERT INTO MEMBER(login_id,login_pw,nickname,profile_image_url,intro,user_level,email,gender,nationality,deleted_yn) VALUES('user076','pw076','닉네임076',NULL,'안녕하세요, 유저076입니다.',2,'user076@example.com','여자','내국인','N');
INSERT INTO MEMBER(login_id,login_pw,nickname,profile_image_url,intro,user_level,email,gender,nationality,deleted_yn) VALUES('user077','pw077','닉네임077',NULL,'안녕하세요, 유저077입니다.',2,'user077@example.com','남자','내국인','N');
INSERT INTO MEMBER(login_id,login_pw,nickname,profile_image_url,intro,user_level,email,gender,nationality,deleted_yn) VALUES('user078','pw078','닉네임078',NULL,'안녕하세요, 유저078입니다.',2,'user078@example.com','여자','내국인','N');
INSERT INTO MEMBER(login_id,login_pw,nickname,profile_image_url,intro,user_level,email,gender,nationality,deleted_yn) VALUES('user079','pw079','닉네임079',NULL,'안녕하세요, 유저079입니다.',2,'user079@example.com','남자','내국인','N');
INSERT INTO MEMBER(login_id,login_pw,nickname,profile_image_url,intro,user_level,email,gender,nationality,deleted_yn) VALUES('user080','pw080','닉네임080',NULL,'안녕하세요, 유저080입니다.',2,'user080@example.com','여자','외국인','N');
INSERT INTO MEMBER(login_id,login_pw,nickname,profile_image_url,intro,user_level,email,gender,nationality,deleted_yn) VALUES('user081','pw081','닉네임081',NULL,'안녕하세요, 유저081입니다.',2,'user081@example.com','남자','내국인','N');
INSERT INTO MEMBER(login_id,login_pw,nickname,profile_image_url,intro,user_level,email,gender,nationality,deleted_yn) VALUES('user082','pw082','닉네임082',NULL,'안녕하세요, 유저082입니다.',2,'user082@example.com','여자','내국인','N');
INSERT INTO MEMBER(login_id,login_pw,nickname,profile_image_url,intro,user_level,email,gender,nationality,deleted_yn) VALUES('user083','pw083','닉네임083',NULL,'안녕하세요, 유저083입니다.',2,'user083@example.com','남자','내국인','N');
INSERT INTO MEMBER(login_id,login_pw,nickname,profile_image_url,intro,user_level,email,gender,nationality,deleted_yn) VALUES('user084','pw084','닉네임084',NULL,'안녕하세요, 유저084입니다.',2,'user084@example.com','여자','내국인','N');
INSERT INTO MEMBER(login_id,login_pw,nickname,profile_image_url,intro,user_level,email,gender,nationality,deleted_yn) VALUES('user085','pw085','닉네임085',NULL,'안녕하세요, 유저085입니다.',2,'user085@example.com','남자','외국인','N');
INSERT INTO MEMBER(login_id,login_pw,nickname,profile_image_url,intro,user_level,email,gender,nationality,deleted_yn) VALUES('user086','pw086','닉네임086',NULL,'안녕하세요, 유저086입니다.',2,'user086@example.com','여자','내국인','N');
INSERT INTO MEMBER(login_id,login_pw,nickname,profile_image_url,intro,user_level,email,gender,nationality,deleted_yn) VALUES('user087','pw087','닉네임087',NULL,'안녕하세요, 유저087입니다.',2,'user087@example.com','남자','내국인','N');
INSERT INTO MEMBER(login_id,login_pw,nickname,profile_image_url,intro,user_level,email,gender,nationality,deleted_yn) VALUES('user088','pw088','닉네임088',NULL,'안녕하세요, 유저088입니다.',2,'user088@example.com','여자','내국인','N');
INSERT INTO MEMBER(login_id,login_pw,nickname,profile_image_url,intro,user_level,email,gender,nationality,deleted_yn) VALUES('user089','pw089','닉네임089',NULL,'안녕하세요, 유저089입니다.',2,'user089@example.com','남자','내국인','N');
INSERT INTO MEMBER(login_id,login_pw,nickname,profile_image_url,intro,user_level,email,gender,nationality,deleted_yn) VALUES('user090','pw090','닉네임090',NULL,'안녕하세요, 유저090입니다.',2,'user090@example.com','여자','외국인','N');
INSERT INTO MEMBER(login_id,login_pw,nickname,profile_image_url,intro,user_level,email,gender,nationality,deleted_yn) VALUES('user091','pw091','닉네임091',NULL,'안녕하세요, 유저091입니다.',2,'user091@example.com','남자','내국인','N');
INSERT INTO MEMBER(login_id,login_pw,nickname,profile_image_url,intro,user_level,email,gender,nationality,deleted_yn) VALUES('user092','pw092','닉네임092',NULL,'안녕하세요, 유저092입니다.',2,'user092@example.com','여자','내국인','N');
INSERT INTO MEMBER(login_id,login_pw,nickname,profile_image_url,intro,user_level,email,gender,nationality,deleted_yn) VALUES('user093','pw093','닉네임093',NULL,'안녕하세요, 유저093입니다.',2,'user093@example.com','남자','내국인','N');
INSERT INTO MEMBER(login_id,login_pw,nickname,profile_image_url,intro,user_level,email,gender,nationality,deleted_yn) VALUES('user094','pw094','닉네임094',NULL,'안녕하세요, 유저094입니다.',2,'user094@example.com','여자','내국인','N');
INSERT INTO MEMBER(login_id,login_pw,nickname,profile_image_url,intro,user_level,email,gender,nationality,deleted_yn) VALUES('user095','pw095','닉네임095',NULL,'안녕하세요, 유저095입니다.',2,'user095@example.com','남자','외국인','N');
INSERT INTO MEMBER(login_id,login_pw,nickname,profile_image_url,intro,user_level,email,gender,nationality,deleted_yn) VALUES('user096','pw096','닉네임096',NULL,'안녕하세요, 유저096입니다.',2,'user096@example.com','여자','내국인','N');
INSERT INTO MEMBER(login_id,login_pw,nickname,profile_image_url,intro,user_level,email,gender,nationality,deleted_yn) VALUES('user097','pw097','닉네임097',NULL,'안녕하세요, 유저097입니다.',2,'user097@example.com','남자','내국인','N');
INSERT INTO MEMBER(login_id,login_pw,nickname,profile_image_url,intro,user_level,email,gender,nationality,deleted_yn) VALUES('user098','pw098','닉네임098',NULL,'안녕하세요, 유저098입니다.',2,'user098@example.com','여자','내국인','N');
INSERT INTO MEMBER(login_id,login_pw,nickname,profile_image_url,intro,user_level,email,gender,nationality,deleted_yn) VALUES('user099','pw099','닉네임099',NULL,'안녕하세요, 유저099입니다.',2,'user099@example.com','남자','내국인','N');
INSERT INTO MEMBER(login_id,login_pw,nickname,profile_image_url,intro,user_level,email,gender,nationality,deleted_yn) VALUES('user100','pw100','닉네임100',NULL,'안녕하세요, 유저100입니다.',2,'user100@example.com','여자','외국인','N');

commit ;



INSERT INTO store (name, one_line_desc, address, region_name, latitude, longitude, avg_rating, bookmark_count, phone)
VALUES ('굿즈샵001', '홍대 인기 애니메이션 굿즈샵 1호점', '서울 홍대 어딘가 1번지', '홍대', 37.556000, 126.923000, 3.00, 5, '010-1001-2001');

INSERT INTO store (name, one_line_desc, address, region_name, latitude, longitude, avg_rating, bookmark_count, phone)
VALUES ('굿즈샵002', '강남 인기 애니메이션 굿즈샵 2호점', '서울 강남 어딘가 2번지', '강남', 37.498000, 127.028000, 3.10, 10, '010-1002-2002');

INSERT INTO store (name, one_line_desc, address, region_name, latitude, longitude, avg_rating, bookmark_count, phone)
VALUES ('굿즈샵003', '건대 인기 애니메이션 굿즈샵 3호점', '서울 건대 어딘가 3번지', '건대', 37.540000, 127.070000, 3.20, 15, '010-1003-2003');

INSERT INTO store (name, one_line_desc, address, region_name, latitude, longitude, avg_rating, bookmark_count, phone)
VALUES ('굿즈샵004', '명동 인기 애니메이션 굿즈샵 4호점', '서울 명동 어딘가 4번지', '명동', 37.563000, 126.982000, 3.30, 20, '010-1004-2004');

INSERT INTO store (name, one_line_desc, address, region_name, latitude, longitude, avg_rating, bookmark_count, phone)
VALUES ('굿즈샵005', '신촌 인기 애니메이션 굿즈샵 5호점', '서울 신촌 어딘가 5번지', '신촌', 37.559000, 126.942000, 3.40, 25, '010-1005-2005');

INSERT INTO store (name, one_line_desc, address, region_name, latitude, longitude, avg_rating, bookmark_count, phone)
VALUES ('굿즈샵006', '종로 인기 애니메이션 굿즈샵 6호점', '서울 종로 어딘가 6번지', '종로', 37.571000, 126.979000, 3.50, 30, '010-1006-2006');

INSERT INTO store (name, one_line_desc, address, region_name, latitude, longitude, avg_rating, bookmark_count, phone)
VALUES ('굿즈샵007', '잠실 인기 애니메이션 굿즈샵 7호점', '서울 잠실 어딘가 7번지', '잠실', 37.513000, 127.102000, 3.60, 35, '010-1007-2007');

INSERT INTO store (name, one_line_desc, address, region_name, latitude, longitude, avg_rating, bookmark_count, phone)
VALUES ('굿즈샵008', '일산 인기 애니메이션 굿즈샵 8호점', '경기 일산 어딘가 8번지', '일산', 37.675000, 126.777000, 3.70, 40, '010-1008-2008');

INSERT INTO store (name, one_line_desc, address, region_name, latitude, longitude, avg_rating, bookmark_count, phone)
VALUES ('굿즈샵009', '수원 인기 애니메이션 굿즈샵 9호점', '경기 수원 어딘가 9번지', '수원', 37.265000, 127.000000, 3.80, 45, '010-1009-2009');

INSERT INTO store (name, one_line_desc, address, region_name, latitude, longitude, avg_rating, bookmark_count, phone)
VALUES ('굿즈샵010', '부산 인기 애니메이션 굿즈샵 10호점', '부산 부산 어딘가 10번지', '부산', 35.159000, 129.060000, 3.90, 50, '010-1010-2010');

INSERT INTO store (name, one_line_desc, address, region_name, latitude, longitude, avg_rating, bookmark_count, phone)
VALUES ('굿즈샵011', '홍대 인기 애니메이션 굿즈샵 11호점', '서울 홍대 어딘가 11번지', '홍대', 37.556000, 126.923000, 4.00, 55, '010-1011-2011');

INSERT INTO store (name, one_line_desc, address, region_name, latitude, longitude, avg_rating, bookmark_count, phone)
VALUES ('굿즈샵012', '강남 인기 애니메이션 굿즈샵 12호점', '서울 강남 어딘가 12번지', '강남', 37.498000, 127.028000, 4.10, 60, '010-1012-2012');

INSERT INTO store (name, one_line_desc, address, region_name, latitude, longitude, avg_rating, bookmark_count, phone)
VALUES ('굿즈샵013', '건대 인기 애니메이션 굿즈샵 13호점', '서울 건대 어딘가 13번지', '건대', 37.540000, 127.070000, 4.20, 65, '010-1013-2013');

INSERT INTO store (name, one_line_desc, address, region_name, latitude, longitude, avg_rating, bookmark_count, phone)
VALUES ('굿즈샵014', '명동 인기 애니메이션 굿즈샵 14호점', '서울 명동 어딘가 14번지', '명동', 37.563000, 126.982000, 4.30, 70, '010-1014-2014');

INSERT INTO store (name, one_line_desc, address, region_name, latitude, longitude, avg_rating, bookmark_count, phone)
VALUES ('굿즈샵015', '신촌 인기 애니메이션 굿즈샵 15호점', '서울 신촌 어딘가 15번지', '신촌', 37.559000, 126.942000, 4.40, 75, '010-1015-2015');

INSERT INTO store (name, one_line_desc, address, region_name, latitude, longitude, avg_rating, bookmark_count, phone)
VALUES ('굿즈샵016', '종로 인기 애니메이션 굿즈샵 16호점', '서울 종로 어딘가 16번지', '종로', 37.571000, 126.979000, 4.50, 80, '010-1016-2016');

INSERT INTO store (name, one_line_desc, address, region_name, latitude, longitude, avg_rating, bookmark_count, phone)
VALUES ('굿즈샵017', '잠실 인기 애니메이션 굿즈샵 17호점', '서울 잠실 어딘가 17번지', '잠실', 37.513000, 127.102000, 4.60, 85, '010-1017-2017');

INSERT INTO store (name, one_line_desc, address, region_name, latitude, longitude, avg_rating, bookmark_count, phone)
VALUES ('굿즈샵018', '일산 인기 애니메이션 굿즈샵 18호점', '경기 일산 어딘가 18번지', '일산', 37.675000, 126.777000, 4.70, 90, '010-1018-2018');

INSERT INTO store (name, one_line_desc, address, region_name, latitude, longitude, avg_rating, bookmark_count, phone)
VALUES ('굿즈샵019', '수원 인기 애니메이션 굿즈샵 19호점', '경기 수원 어딘가 19번지', '수원', 37.265000, 127.000000, 4.80, 95, '010-1019-2019');

INSERT INTO store (name, one_line_desc, address, region_name, latitude, longitude, avg_rating, bookmark_count, phone)
VALUES ('굿즈샵020', '부산 인기 애니메이션 굿즈샵 20호점', '부산 부산 어딘가 20번지', '부산', 35.159000, 129.060000, 4.90, 100, '010-1020-2020');

INSERT INTO store (name, one_line_desc, address, region_name, latitude, longitude, avg_rating, bookmark_count, phone)
VALUES ('굿즈샵021', '홍대 인기 애니메이션 굿즈샵 21호점', '서울 홍대 어딘가 21번지', '홍대', 37.556000, 126.923000, 3.00, 105, '010-1021-2021');

INSERT INTO store (name, one_line_desc, address, region_name, latitude, longitude, avg_rating, bookmark_count, phone)
VALUES ('굿즈샵022', '강남 인기 애니메이션 굿즈샵 22호점', '서울 강남 어딘가 22번지', '강남', 37.498000, 127.028000, 3.10, 110, '010-1022-2022');

INSERT INTO store (name, one_line_desc, address, region_name, latitude, longitude, avg_rating, bookmark_count, phone)
VALUES ('굿즈샵023', '건대 인기 애니메이션 굿즈샵 23호점', '서울 건대 어딘가 23번지', '건대', 37.540000, 127.070000, 3.20, 115, '010-1023-2023');

INSERT INTO store (name, one_line_desc, address, region_name, latitude, longitude, avg_rating, bookmark_count, phone)
VALUES ('굿즈샵024', '명동 인기 애니메이션 굿즈샵 24호점', '서울 명동 어딘가 24번지', '명동', 37.563000, 126.982000, 3.30, 120, '010-1024-2024');

INSERT INTO store (name, one_line_desc, address, region_name, latitude, longitude, avg_rating, bookmark_count, phone)
VALUES ('굿즈샵025', '신촌 인기 애니메이션 굿즈샵 25호점', '서울 신촌 어딘가 25번지', '신촌', 37.559000, 126.942000, 3.40, 125, '010-1025-2025');

INSERT INTO store (name, one_line_desc, address, region_name, latitude, longitude, avg_rating, bookmark_count, phone)
VALUES ('굿즈샵026', '종로 인기 애니메이션 굿즈샵 26호점', '서울 종로 어딘가 26번지', '종로', 37.571000, 126.979000, 3.50, 130, '010-1026-2026');

INSERT INTO store (name, one_line_desc, address, region_name, latitude, longitude, avg_rating, bookmark_count, phone)
VALUES ('굿즈샵027', '잠실 인기 애니메이션 굿즈샵 27호점', '서울 잠실 어딘가 27번지', '잠실', 37.513000, 127.102000, 3.60, 135, '010-1027-2027');

INSERT INTO store (name, one_line_desc, address, region_name, latitude, longitude, avg_rating, bookmark_count, phone)
VALUES ('굿즈샵028', '일산 인기 애니메이션 굿즈샵 28호점', '경기 일산 어딘가 28번지', '일산', 37.675000, 126.777000, 3.70, 140, '010-1028-2028');

INSERT INTO store (name, one_line_desc, address, region_name, latitude, longitude, avg_rating, bookmark_count, phone)
VALUES ('굿즈샵029', '수원 인기 애니메이션 굿즈샵 29호점', '경기 수원 어딘가 29번지', '수원', 37.265000, 127.000000, 3.80, 145, '010-1029-2029');

INSERT INTO store (name, one_line_desc, address, region_name, latitude, longitude, avg_rating, bookmark_count, phone)
VALUES ('굿즈샵030', '부산 인기 애니메이션 굿즈샵 30호점', '부산 부산 어딘가 30번지', '부산', 35.159000, 129.060000, 3.90, 150, '010-1030-2030');

INSERT INTO store (name, one_line_desc, address, region_name, latitude, longitude, avg_rating, bookmark_count, phone)
VALUES ('굿즈샵031', '홍대 인기 애니메이션 굿즈샵 31호점', '서울 홍대 어딘가 31번지', '홍대', 37.556000, 126.923000, 4.00, 155, '010-1031-2031');

INSERT INTO store (name, one_line_desc, address, region_name, latitude, longitude, avg_rating, bookmark_count, phone)
VALUES ('굿즈샵032', '강남 인기 애니메이션 굿즈샵 32호점', '서울 강남 어딘가 32번지', '강남', 37.498000, 127.028000, 4.10, 160, '010-1032-2032');

INSERT INTO store (name, one_line_desc, address, region_name, latitude, longitude, avg_rating, bookmark_count, phone)
VALUES ('굿즈샵033', '건대 인기 애니메이션 굿즈샵 33호점', '서울 건대 어딘가 33번지', '건대', 37.540000, 127.070000, 4.20, 165, '010-1033-2033');

INSERT INTO store (name, one_line_desc, address, region_name, latitude, longitude, avg_rating, bookmark_count, phone)
VALUES ('굿즈샵034', '명동 인기 애니메이션 굿즈샵 34호점', '서울 명동 어딘가 34번지', '명동', 37.563000, 126.982000, 4.30, 170, '010-1034-2034');

INSERT INTO store (name, one_line_desc, address, region_name, latitude, longitude, avg_rating, bookmark_count, phone)
VALUES ('굿즈샵035', '신촌 인기 애니메이션 굿즈샵 35호점', '서울 신촌 어딘가 35번지', '신촌', 37.559000, 126.942000, 4.40, 175, '010-1035-2035');

INSERT INTO store (name, one_line_desc, address, region_name, latitude, longitude, avg_rating, bookmark_count, phone)
VALUES ('굿즈샵036', '종로 인기 애니메이션 굿즈샵 36호점', '서울 종로 어딘가 36번지', '종로', 37.571000, 126.979000, 4.50, 180, '010-1036-2036');

INSERT INTO store (name, one_line_desc, address, region_name, latitude, longitude, avg_rating, bookmark_count, phone)
VALUES ('굿즈샵037', '잠실 인기 애니메이션 굿즈샵 37호점', '서울 잠실 어딘가 37번지', '잠실', 37.513000, 127.102000, 4.60, 185, '010-1037-2037');

INSERT INTO store (name, one_line_desc, address, region_name, latitude, longitude, avg_rating, bookmark_count, phone)
VALUES ('굿즈샵038', '일산 인기 애니메이션 굿즈샵 38호점', '경기 일산 어딘가 38번지', '일산', 37.675000, 126.777000, 4.70, 190, '010-1038-2038');

INSERT INTO store (name, one_line_desc, address, region_name, latitude, longitude, avg_rating, bookmark_count, phone)
VALUES ('굿즈샵039', '수원 인기 애니메이션 굿즈샵 39호점', '경기 수원 어딘가 39번지', '수원', 37.265000, 127.000000, 4.80, 195, '010-1039-2039');

INSERT INTO store (name, one_line_desc, address, region_name, latitude, longitude, avg_rating, bookmark_count, phone)
VALUES ('굿즈샵040', '부산 인기 애니메이션 굿즈샵 40호점', '부산 부산 어딘가 40번지', '부산', 35.159000, 129.060000, 4.90, 200, '010-1040-2040');

-- 41 ~ 80
INSERT INTO store (name, one_line_desc, address, region_name, latitude, longitude, avg_rating, bookmark_count, phone)
VALUES ('굿즈샵041', '홍대 인기 애니메이션 굿즈샵 41호점', '서울 홍대 어딘가 41번지', '홍대', 37.556000, 126.923000, 3.00, 205, '010-1041-2041');

INSERT INTO store (name, one_line_desc, address, region_name, latitude, longitude, avg_rating, bookmark_count, phone)
VALUES ('굿즈샵042', '강남 인기 애니메이션 굿즈샵 42호점', '서울 강남 어딘가 42번지', '강남', 37.498000, 127.028000, 3.10, 210, '010-1042-2042');

INSERT INTO store (name, one_line_desc, address, region_name, latitude, longitude, avg_rating, bookmark_count, phone)
VALUES ('굿즈샵043', '건대 인기 애니메이션 굿즈샵 43호점', '서울 건대 어딘가 43번지', '건대', 37.540000, 127.070000, 3.20, 215, '010-1043-2043');

INSERT INTO store (name, one_line_desc, address, region_name, latitude, longitude, avg_rating, bookmark_count, phone)
VALUES ('굿즈샵044', '명동 인기 애니메이션 굿즈샵 44호점', '서울 명동 어딘가 44번지', '명동', 37.563000, 126.982000, 3.30, 220, '010-1044-2044');

INSERT INTO store (name, one_line_desc, address, region_name, latitude, longitude, avg_rating, bookmark_count, phone)
VALUES ('굿즈샵045', '신촌 인기 애니메이션 굿즈샵 45호점', '서울 신촌 어딘가 45번지', '신촌', 37.559000, 126.942000, 3.40, 225, '010-1045-2045');

INSERT INTO store (name, one_line_desc, address, region_name, latitude, longitude, avg_rating, bookmark_count, phone)
VALUES ('굿즈샵046', '종로 인기 애니메이션 굿즈샵 46호점', '서울 종로 어딘가 46번지', '종로', 37.571000, 126.979000, 3.50, 230, '010-1046-2046');

INSERT INTO store (name, one_line_desc, address, region_name, latitude, longitude, avg_rating, bookmark_count, phone)
VALUES ('굿즈샵047', '잠실 인기 애니메이션 굿즈샵 47호점', '서울 잠실 어딘가 47번지', '잠실', 37.513000, 127.102000, 3.60, 235, '010-1047-2047');

INSERT INTO store (name, one_line_desc, address, region_name, latitude, longitude, avg_rating, bookmark_count, phone)
VALUES ('굿즈샵048', '일산 인기 애니메이션 굿즈샵 48호점', '경기 일산 어딘가 48번지', '일산', 37.675000, 126.777000, 3.70, 240, '010-1048-2048');

INSERT INTO store (name, one_line_desc, address, region_name, latitude, longitude, avg_rating, bookmark_count, phone)
VALUES ('굿즈샵049', '수원 인기 애니메이션 굿즈샵 49호점', '경기 수원 어딘가 49번지', '수원', 37.265000, 127.000000, 3.80, 245, '010-1049-2049');

INSERT INTO store (name, one_line_desc, address, region_name, latitude, longitude, avg_rating, bookmark_count, phone)
VALUES ('굿즈샵050', '부산 인기 애니메이션 굿즈샵 50호점', '부산 부산 어딘가 50번지', '부산', 35.159000, 129.060000, 3.90, 250, '010-1050-2050');

INSERT INTO store (name, one_line_desc, address, region_name, latitude, longitude, avg_rating, bookmark_count, phone)
VALUES ('굿즈샵051', '홍대 인기 애니메이션 굿즈샵 51호점', '서울 홍대 어딘가 51번지', '홍대', 37.556000, 126.923000, 4.00, 255, '010-1051-2051');

INSERT INTO store (name, one_line_desc, address, region_name, latitude, longitude, avg_rating, bookmark_count, phone)
VALUES ('굿즈샵052', '강남 인기 애니메이션 굿즈샵 52호점', '서울 강남 어딘가 52번지', '강남', 37.498000, 127.028000, 4.10, 260, '010-1052-2052');

INSERT INTO store (name, one_line_desc, address, region_name, latitude, longitude, avg_rating, bookmark_count, phone)
VALUES ('굿즈샵053', '건대 인기 애니메이션 굿즈샵 53호점', '서울 건대 어딘가 53번지', '건대', 37.540000, 127.070000, 4.20, 265, '010-1053-2053');

INSERT INTO store (name, one_line_desc, address, region_name, latitude, longitude, avg_rating, bookmark_count, phone)
VALUES ('굿즈샵054', '명동 인기 애니메이션 굿즈샵 54호점', '서울 명동 어딘가 54번지', '명동', 37.563000, 126.982000, 4.30, 270, '010-1054-2054');

INSERT INTO store (name, one_line_desc, address, region_name, latitude, longitude, avg_rating, bookmark_count, phone)
VALUES ('굿즈샵055', '신촌 인기 애니메이션 굿즈샵 55호점', '서울 신촌 어딘가 55번지', '신촌', 37.559000, 126.942000, 4.40, 275, '010-1055-2055');

INSERT INTO store (name, one_line_desc, address, region_name, latitude, longitude, avg_rating, bookmark_count, phone)
VALUES ('굿즈샵056', '종로 인기 애니메이션 굿즈샵 56호점', '서울 종로 어딘가 56번지', '종로', 37.571000, 126.979000, 4.50, 280, '010-1056-2056');

INSERT INTO store (name, one_line_desc, address, region_name, latitude, longitude, avg_rating, bookmark_count, phone)
VALUES ('굿즈샵057', '잠실 인기 애니메이션 굿즈샵 57호점', '서울 잠실 어딘가 57번지', '잠실', 37.513000, 127.102000, 4.60, 285, '010-1057-2057');

INSERT INTO store (name, one_line_desc, address, region_name, latitude, longitude, avg_rating, bookmark_count, phone)
VALUES ('굿즈샵058', '일산 인기 애니메이션 굿즈샵 58호점', '경기 일산 어딘가 58번지', '일산', 37.675000, 126.777000, 4.70, 290, '010-1058-2058');

INSERT INTO store (name, one_line_desc, address, region_name, latitude, longitude, avg_rating, bookmark_count, phone)
VALUES ('굿즈샵059', '수원 인기 애니메이션 굿즈샵 59호점', '경기 수원 어딘가 59번지', '수원', 37.265000, 127.000000, 4.80, 295, '010-1059-2059');

INSERT INTO store (name, one_line_desc, address, region_name, latitude, longitude, avg_rating, bookmark_count, phone)
VALUES ('굿즈샵060', '부산 인기 애니메이션 굿즈샵 60호점', '부산 부산 어딘가 60번지', '부산', 35.159000, 129.060000, 4.90, 300, '010-1060-2060');

INSERT INTO store (name, one_line_desc, address, region_name, latitude, longitude, avg_rating, bookmark_count, phone)
VALUES ('굿즈샵061', '홍대 인기 애니메이션 굿즈샵 61호점', '서울 홍대 어딘가 61번지', '홍대', 37.556000, 126.923000, 3.00, 305, '010-1061-2061');

INSERT INTO store (name, one_line_desc, address, region_name, latitude, longitude, avg_rating, bookmark_count, phone)
VALUES ('굿즈샵062', '강남 인기 애니메이션 굿즈샵 62호점', '서울 강남 어딘가 62번지', '강남', 37.498000, 127.028000, 3.10, 310, '010-1062-2062');

INSERT INTO store (name, one_line_desc, address, region_name, latitude, longitude, avg_rating, bookmark_count, phone)
VALUES ('굿즈샵063', '건대 인기 애니메이션 굿즈샵 63호점', '서울 건대 어딘가 63번지', '건대', 37.540000, 127.070000, 3.20, 315, '010-1063-2063');

INSERT INTO store (name, one_line_desc, address, region_name, latitude, longitude, avg_rating, bookmark_count, phone)
VALUES ('굿즈샵064', '명동 인기 애니메이션 굿즈샵 64호점', '서울 명동 어딘가 64번지', '명동', 37.563000, 126.982000, 3.30, 320, '010-1064-2064');

INSERT INTO store (name, one_line_desc, address, region_name, latitude, longitude, avg_rating, bookmark_count, phone)
VALUES ('굿즈샵065', '신촌 인기 애니메이션 굿즈샵 65호점', '서울 신촌 어딘가 65번지', '신촌', 37.559000, 126.942000, 3.40, 325, '010-1065-2065');

INSERT INTO store (name, one_line_desc, address, region_name, latitude, longitude, avg_rating, bookmark_count, phone)
VALUES ('굿즈샵066', '종로 인기 애니메이션 굿즈샵 66호점', '서울 종로 어딘가 66번지', '종로', 37.571000, 126.979000, 3.50, 330, '010-1066-2066');

INSERT INTO store (name, one_line_desc, address, region_name, latitude, longitude, avg_rating, bookmark_count, phone)
VALUES ('굿즈샵067', '잠실 인기 애니메이션 굿즈샵 67호점', '서울 잠실 어딘가 67번지', '잠실', 37.513000, 127.102000, 3.60, 335, '010-1067-2067');

INSERT INTO store (name, one_line_desc, address, region_name, latitude, longitude, avg_rating, bookmark_count, phone)
VALUES ('굿즈샵068', '일산 인기 애니메이션 굿즈샵 68호점', '경기 일산 어딘가 68번지', '일산', 37.675000, 126.777000, 3.70, 340, '010-1068-2068');

INSERT INTO store (name, one_line_desc, address, region_name, latitude, longitude, avg_rating, bookmark_count, phone)
VALUES ('굿즈샵069', '수원 인기 애니메이션 굿즈샵 69호점', '경기 수원 어딘가 69번지', '수원', 37.265000, 127.000000, 3.80, 345, '010-1069-2069');

INSERT INTO store (name, one_line_desc, address, region_name, latitude, longitude, avg_rating, bookmark_count, phone)
VALUES ('굿즈샵070', '부산 인기 애니메이션 굿즈샵 70호점', '부산 부산 어딘가 70번지', '부산', 35.159000, 129.060000, 3.90, 350, '010-1070-2070');

INSERT INTO store (name, one_line_desc, address, region_name, latitude, longitude, avg_rating, bookmark_count, phone)
VALUES ('굿즈샵071', '홍대 인기 애니메이션 굿즈샵 71호점', '서울 홍대 어딘가 71번지', '홍대', 37.556000, 126.923000, 4.00, 355, '010-1071-2071');

INSERT INTO store (name, one_line_desc, address, region_name, latitude, longitude, avg_rating, bookmark_count, phone)
VALUES ('굿즈샵072', '강남 인기 애니메이션 굿즈샵 72호점', '서울 강남 어딘가 72번지', '강남', 37.498000, 127.028000, 4.10, 360, '010-1072-2072');

INSERT INTO store (name, one_line_desc, address, region_name, latitude, longitude, avg_rating, bookmark_count, phone)
VALUES ('굿즈샵073', '건대 인기 애니메이션 굿즈샵 73호점', '서울 건대 어딘가 73번지', '건대', 37.540000, 127.070000, 4.20, 365, '010-1073-2073');

INSERT INTO store (name, one_line_desc, address, region_name, latitude, longitude, avg_rating, bookmark_count, phone)
VALUES ('굿즈샵074', '명동 인기 애니메이션 굿즈샵 74호점', '서울 명동 어딘가 74번지', '명동', 37.563000, 126.982000, 4.30, 370, '010-1074-2074');

INSERT INTO store (name, one_line_desc, address, region_name, latitude, longitude, avg_rating, bookmark_count, phone)
VALUES ('굿즈샵075', '신촌 인기 애니메이션 굿즈샵 75호점', '서울 신촌 어딘가 75번지', '신촌', 37.559000, 126.942000, 4.40, 375, '010-1075-2075');

INSERT INTO store (name, one_line_desc, address, region_name, latitude, longitude, avg_rating, bookmark_count, phone)
VALUES ('굿즈샵076', '종로 인기 애니메이션 굿즈샵 76호점', '서울 종로 어딘가 76번지', '종로', 37.571000, 126.979000, 4.50, 380, '010-1076-2076');

INSERT INTO store (name, one_line_desc, address, region_name, latitude, longitude, avg_rating, bookmark_count, phone)
VALUES ('굿즈샵077', '잠실 인기 애니메이션 굿즈샵 77호점', '서울 잠실 어딘가 77번지', '잠실', 37.513000, 127.102000, 4.60, 385, '010-1077-2077');

INSERT INTO store (name, one_line_desc, address, region_name, latitude, longitude, avg_rating, bookmark_count, phone)
VALUES ('굿즈샵078', '일산 인기 애니메이션 굿즈샵 78호점', '경기 일산 어딘가 78번지', '일산', 37.675000, 126.777000, 4.70, 390, '010-1078-2078');

INSERT INTO store (name, one_line_desc, address, region_name, latitude, longitude, avg_rating, bookmark_count, phone)
VALUES ('굿즈샵079', '수원 인기 애니메이션 굿즈샵 79호점', '경기 수원 어딘가 79번지', '수원', 37.265000, 127.000000, 4.80, 395, '010-1079-2079');

INSERT INTO store (name, one_line_desc, address, region_name, latitude, longitude, avg_rating, bookmark_count, phone)
VALUES ('굿즈샵080', '부산 인기 애니메이션 굿즈샵 80호점', '부산 부산 어딘가 80번지', '부산', 35.159000, 129.060000, 4.90, 400, '010-1080-2080');

-- 81 ~ 100
INSERT INTO store (name, one_line_desc, address, region_name, latitude, longitude, avg_rating, bookmark_count, phone)
VALUES ('굿즈샵081', '홍대 인기 애니메이션 굿즈샵 81호점', '서울 홍대 어딘가 81번지', '홍대', 37.556000, 126.923000, 3.00, 405, '010-1081-2081');

INSERT INTO store (name, one_line_desc, address, region_name, latitude, longitude, avg_rating, bookmark_count, phone)
VALUES ('굿즈샵082', '강남 인기 애니메이션 굿즈샵 82호점', '서울 강남 어딘가 82번지', '강남', 37.498000, 127.028000, 3.10, 410, '010-1082-2082');

INSERT INTO store (name, one_line_desc, address, region_name, latitude, longitude, avg_rating, bookmark_count, phone)
VALUES ('굿즈샵083', '건대 인기 애니메이션 굿즈샵 83호점', '서울 건대 어딘가 83번지', '건대', 37.540000, 127.070000, 3.20, 415, '010-1083-2083');

INSERT INTO store (name, one_line_desc, address, region_name, latitude, longitude, avg_rating, bookmark_count, phone)
VALUES ('굿즈샵084', '명동 인기 애니메이션 굿즈샵 84호점', '서울 명동 어딘가 84번지', '명동', 37.563000, 126.982000, 3.30, 420, '010-1084-2084');

INSERT INTO store (name, one_line_desc, address, region_name, latitude, longitude, avg_rating, bookmark_count, phone)
VALUES ('굿즈샵085', '신촌 인기 애니메이션 굿즈샵 85호점', '서울 신촌 어딘가 85번지', '신촌', 37.559000, 126.942000, 3.40, 425, '010-1085-2085');

INSERT INTO store (name, one_line_desc, address, region_name, latitude, longitude, avg_rating, bookmark_count, phone)
VALUES ('굿즈샵086', '종로 인기 애니메이션 굿즈샵 86호점', '서울 종로 어딘가 86번지', '종로', 37.571000, 126.979000, 3.50, 430, '010-1086-2086');

INSERT INTO store (name, one_line_desc, address, region_name, latitude, longitude, avg_rating, bookmark_count, phone)
VALUES ('굿즈샵087', '잠실 인기 애니메이션 굿즈샵 87호점', '서울 잠실 어딘가 87번지', '잠실', 37.513000, 127.102000, 3.60, 435, '010-1087-2087');

INSERT INTO store (name, one_line_desc, address, region_name, latitude, longitude, avg_rating, bookmark_count, phone)
VALUES ('굿즈샵088', '일산 인기 애니메이션 굿즈샵 88호점', '경기 일산 어딘가 88번지', '일산', 37.675000, 126.777000, 3.70, 440, '010-1088-2088');

INSERT INTO store (name, one_line_desc, address, region_name, latitude, longitude, avg_rating, bookmark_count, phone)
VALUES ('굿즈샵089', '수원 인기 애니메이션 굿즈샵 89호점', '경기 수원 어딘가 89번지', '수원', 37.265000, 127.000000, 3.80, 445, '010-1089-2089');

INSERT INTO store (name, one_line_desc, address, region_name, latitude, longitude, avg_rating, bookmark_count, phone)
VALUES ('굿즈샵090', '부산 인기 애니메이션 굿즈샵 90호점', '부산 부산 어딘가 90번지', '부산', 35.159000, 129.060000, 3.90, 450, '010-1090-2090');

INSERT INTO store (name, one_line_desc, address, region_name, latitude, longitude, avg_rating, bookmark_count, phone)
VALUES ('굿즈샵091', '홍대 인기 애니메이션 굿즈샵 91호점', '서울 홍대 어딘가 91번지', '홍대', 37.556000, 126.923000, 4.00, 455, '010-1091-2091');

INSERT INTO store (name, one_line_desc, address, region_name, latitude, longitude, avg_rating, bookmark_count, phone)
VALUES ('굿즈샵092', '강남 인기 애니메이션 굿즈샵 92호점', '서울 강남 어딘가 92번지', '강남', 37.498000, 127.028000, 4.10, 460, '010-1092-2092');

INSERT INTO store (name, one_line_desc, address, region_name, latitude, longitude, avg_rating, bookmark_count, phone)
VALUES ('굿즈샵093', '건대 인기 애니메이션 굿즈샵 93호점', '서울 건대 어딘가 93번지', '건대', 37.540000, 127.070000, 4.20, 465, '010-1093-2093');

INSERT INTO store (name, one_line_desc, address, region_name, latitude, longitude, avg_rating, bookmark_count, phone)
VALUES ('굿즈샵094', '명동 인기 애니메이션 굿즈샵 94호점', '서울 명동 어딘가 94번지', '명동', 37.563000, 126.982000, 4.30, 470, '010-1094-2094');

INSERT INTO store (name, one_line_desc, address, region_name, latitude, longitude, avg_rating, bookmark_count, phone)
VALUES ('굿즈샵095', '신촌 인기 애니메이션 굿즈샵 95호점', '서울 신촌 어딘가 95번지', '신촌', 37.559000, 126.942000, 4.40, 475, '010-1095-2095');

INSERT INTO store (name, one_line_desc, address, region_name, latitude, longitude, avg_rating, bookmark_count, phone)
VALUES ('굿즈샵096', '종로 인기 애니메이션 굿즈샵 96호점', '서울 종로 어딘가 96번지', '종로', 37.571000, 126.979000, 4.50, 480, '010-1096-2096');

INSERT INTO store (name, one_line_desc, address, region_name, latitude, longitude, avg_rating, bookmark_count, phone)
VALUES ('굿즈샵097', '잠실 인기 애니메이션 굿즈샵 97호점', '서울 잠실 어딘가 97번지', '잠실', 37.513000, 127.102000, 4.60, 485, '010-1097-2097');

INSERT INTO store (name, one_line_desc, address, region_name, latitude, longitude, avg_rating, bookmark_count, phone)
VALUES ('굿즈샵098', '일산 인기 애니메이션 굿즈샵 98호점', '경기 일산 어딘가 98번지', '일산', 37.675000, 126.777000, 4.70, 490, '010-1098-2098');

INSERT INTO store (name, one_line_desc, address, region_name, latitude, longitude, avg_rating, bookmark_count, phone)
VALUES ('굿즈샵099', '수원 인기 애니메이션 굿즈샵 99호점', '경기 수원 어딘가 99번지', '수원', 37.265000, 127.000000, 4.80, 495, '010-1099-2099');

INSERT INTO store (name, one_line_desc, address, region_name, latitude, longitude, avg_rating, bookmark_count, phone)
VALUES ('굿즈샵100', '부산 인기 애니메이션 굿즈샵 100호점', '부산 부산 어딘가 100번지', '부산', 35.159000, 129.060000, 4.90, 500, '010-1100-2100');
commit;

INSERT INTO store_goods (store_id, name, work_name, character_name, category, price, stock_qty, thumbnail_url)
VALUES (1, '굿즈상품001', '작품001', '캐릭터001', '포토카드', 5000, 5, 'https://example.com/goods/goods001.jpg');

INSERT INTO store_goods (store_id, name, work_name, character_name, category, price, stock_qty, thumbnail_url)
VALUES (2, '굿즈상품002', '작품002', '캐릭터002', '키링', 6000, 7, 'https://example.com/goods/goods002.jpg');

INSERT INTO store_goods (store_id, name, work_name, character_name, category, price, stock_qty, thumbnail_url)
VALUES (3, '굿즈상품003', '작품003', '캐릭터003', '피규어', 7000, 9, 'https://example.com/goods/goods003.jpg');

INSERT INTO store_goods (store_id, name, work_name, character_name, category, price, stock_qty, thumbnail_url)
VALUES (4, '굿즈상품004', '작품004', '캐릭터004', '아크릴스탠드', 8000, 11, 'https://example.com/goods/goods004.jpg');

INSERT INTO store_goods (store_id, name, work_name, character_name, category, price, stock_qty, thumbnail_url)
VALUES (5, '굿즈상품005', '작품005', '캐릭터005', '인형', 9000, 13, 'https://example.com/goods/goods005.jpg');

INSERT INTO store_goods (store_id, name, work_name, character_name, category, price, stock_qty, thumbnail_url)
VALUES (6, '굿즈상품006', '작품006', '캐릭터006', '스티커', 10000, 15, 'https://example.com/goods/goods006.jpg');

INSERT INTO store_goods (store_id, name, work_name, character_name, category, price, stock_qty, thumbnail_url)
VALUES (7, '굿즈상품007', '작품007', '캐릭터007', '엽서', 11000, 17, 'https://example.com/goods/goods007.jpg');

INSERT INTO store_goods (store_id, name, work_name, character_name, category, price, stock_qty, thumbnail_url)
VALUES (8, '굿즈상품008', '작품008', '캐릭터008', '티셔츠', 12000, 19, 'https://example.com/goods/goods008.jpg');

INSERT INTO store_goods (store_id, name, work_name, character_name, category, price, stock_qty, thumbnail_url)
VALUES (9, '굿즈상품009', '작품009', '캐릭터009', '머그컵', 13000, 21, 'https://example.com/goods/goods009.jpg');

INSERT INTO store_goods (store_id, name, work_name, character_name, category, price, stock_qty, thumbnail_url)
VALUES (10, '굿즈상품010', '작품010', '캐릭터010', '후드티', 14000, 23, 'https://example.com/goods/goods010.jpg');

INSERT INTO store_goods (store_id, name, work_name, character_name, category, price, stock_qty, thumbnail_url)
VALUES (1, '굿즈상품011', '작품011', '캐릭터011', '포토카드', 5000, 5, 'https://example.com/goods/goods011.jpg');

INSERT INTO store_goods (store_id, name, work_name, character_name, category, price, stock_qty, thumbnail_url)
VALUES (2, '굿즈상품012', '작품012', '캐릭터012', '키링', 6000, 7, 'https://example.com/goods/goods012.jpg');

INSERT INTO store_goods (store_id, name, work_name, character_name, category, price, stock_qty, thumbnail_url)
VALUES (3, '굿즈상품013', '작품013', '캐릭터013', '피규어', 7000, 9, 'https://example.com/goods/goods013.jpg');

INSERT INTO store_goods (store_id, name, work_name, character_name, category, price, stock_qty, thumbnail_url)
VALUES (4, '굿즈상품014', '작품014', '캐릭터014', '아크릴스탠드', 8000, 11, 'https://example.com/goods/goods014.jpg');

INSERT INTO store_goods (store_id, name, work_name, character_name, category, price, stock_qty, thumbnail_url)
VALUES (5, '굿즈상품015', '작품015', '캐릭터015', '인형', 9000, 13, 'https://example.com/goods/goods015.jpg');

INSERT INTO store_goods (store_id, name, work_name, character_name, category, price, stock_qty, thumbnail_url)
VALUES (6, '굿즈상품016', '작품016', '캐릭터016', '스티커', 10000, 15, 'https://example.com/goods/goods016.jpg');

INSERT INTO store_goods (store_id, name, work_name, character_name, category, price, stock_qty, thumbnail_url)
VALUES (7, '굿즈상품017', '작품017', '캐릭터017', '엽서', 11000, 17, 'https://example.com/goods/goods017.jpg');

INSERT INTO store_goods (store_id, name, work_name, character_name, category, price, stock_qty, thumbnail_url)
VALUES (8, '굿즈상품018', '작품018', '캐릭터018', '티셔츠', 12000, 19, 'https://example.com/goods/goods018.jpg');

INSERT INTO store_goods (store_id, name, work_name, character_name, category, price, stock_qty, thumbnail_url)
VALUES (9, '굿즈상품019', '작품019', '캐릭터019', '머그컵', 13000, 21, 'https://example.com/goods/goods019.jpg');

INSERT INTO store_goods (store_id, name, work_name, character_name, category, price, stock_qty, thumbnail_url)
VALUES (10, '굿즈상품020', '작품020', '캐릭터020', '후드티', 14000, 23, 'https://example.com/goods/goods020.jpg');

INSERT INTO store_goods (store_id, name, work_name, character_name, category, price, stock_qty, thumbnail_url)
VALUES (1, '굿즈상품021', '작품001', '캐릭터021', '포토카드', 5000, 5, 'https://example.com/goods/goods021.jpg');

INSERT INTO store_goods (store_id, name, work_name, character_name, category, price, stock_qty, thumbnail_url)
VALUES (2, '굿즈상품022', '작품002', '캐릭터022', '키링', 6000, 7, 'https://example.com/goods/goods022.jpg');

INSERT INTO store_goods (store_id, name, work_name, character_name, category, price, stock_qty, thumbnail_url)
VALUES (3, '굿즈상품023', '작품003', '캐릭터023', '피규어', 7000, 9, 'https://example.com/goods/goods023.jpg');

INSERT INTO store_goods (store_id, name, work_name, character_name, category, price, stock_qty, thumbnail_url)
VALUES (4, '굿즈상품024', '작품004', '캐릭터024', '아크릴스탠드', 8000, 11, 'https://example.com/goods/goods024.jpg');

INSERT INTO store_goods (store_id, name, work_name, character_name, category, price, stock_qty, thumbnail_url)
VALUES (5, '굿즈상품025', '작품005', '캐릭터025', '인형', 9000, 13, 'https://example.com/goods/goods025.jpg');

INSERT INTO store_goods (store_id, name, work_name, character_name, category, price, stock_qty, thumbnail_url)
VALUES (6, '굿즈상품026', '작품006', '캐릭터026', '스티커', 10000, 15, 'https://example.com/goods/goods026.jpg');

INSERT INTO store_goods (store_id, name, work_name, character_name, category, price, stock_qty, thumbnail_url)
VALUES (7, '굿즈상품027', '작품007', '캐릭터027', '엽서', 11000, 17, 'https://example.com/goods/goods027.jpg');

INSERT INTO store_goods (store_id, name, work_name, character_name, category, price, stock_qty, thumbnail_url)
VALUES (8, '굿즈상품028', '작품008', '캐릭터028', '티셔츠', 12000, 19, 'https://example.com/goods/goods028.jpg');

INSERT INTO store_goods (store_id, name, work_name, character_name, category, price, stock_qty, thumbnail_url)
VALUES (9, '굿즈상품029', '작품009', '캐릭터029', '머그컵', 13000, 21, 'https://example.com/goods/goods029.jpg');

INSERT INTO store_goods (store_id, name, work_name, character_name, category, price, stock_qty, thumbnail_url)
VALUES (10, '굿즈상품030', '작품010', '캐릭터030', '후드티', 14000, 23, 'https://example.com/goods/goods030.jpg');

INSERT INTO store_goods (store_id, name, work_name, character_name, category, price, stock_qty, thumbnail_url)
VALUES (1, '굿즈상품031', '작품011', '캐릭터031', '포토카드', 5000, 5, 'https://example.com/goods/goods031.jpg');

INSERT INTO store_goods (store_id, name, work_name, character_name, category, price, stock_qty, thumbnail_url)
VALUES (2, '굿즈상품032', '작품012', '캐릭터032', '키링', 6000, 7, 'https://example.com/goods/goods032.jpg');

INSERT INTO store_goods (store_id, name, work_name, character_name, category, price, stock_qty, thumbnail_url)
VALUES (3, '굿즈상품033', '작품013', '캐릭터033', '피규어', 7000, 9, 'https://example.com/goods/goods033.jpg');

INSERT INTO store_goods (store_id, name, work_name, character_name, category, price, stock_qty, thumbnail_url)
VALUES (4, '굿즈상품034', '작품014', '캐릭터034', '아크릴스탠드', 8000, 11, 'https://example.com/goods/goods034.jpg');

INSERT INTO store_goods (store_id, name, work_name, character_name, category, price, stock_qty, thumbnail_url)
VALUES (5, '굿즈상품035', '작품015', '캐릭터035', '인형', 9000, 13, 'https://example.com/goods/goods035.jpg');

INSERT INTO store_goods (store_id, name, work_name, character_name, category, price, stock_qty, thumbnail_url)
VALUES (6, '굿즈상품036', '작품016', '캐릭터036', '스티커', 10000, 15, 'https://example.com/goods/goods036.jpg');

INSERT INTO store_goods (store_id, name, work_name, character_name, category, price, stock_qty, thumbnail_url)
VALUES (7, '굿즈상품037', '작품017', '캐릭터037', '엽서', 11000, 17, 'https://example.com/goods/goods037.jpg');

INSERT INTO store_goods (store_id, name, work_name, character_name, category, price, stock_qty, thumbnail_url)
VALUES (8, '굿즈상품038', '작품018', '캐릭터038', '티셔츠', 12000, 19, 'https://example.com/goods/goods038.jpg');

INSERT INTO store_goods (store_id, name, work_name, character_name, category, price, stock_qty, thumbnail_url)
VALUES (9, '굿즈상품039', '작품019', '캐릭터039', '머그컵', 13000, 21, 'https://example.com/goods/goods039.jpg');

INSERT INTO store_goods (store_id, name, work_name, character_name, category, price, stock_qty, thumbnail_url)
VALUES (10, '굿즈상품040', '작품020', '캐릭터040', '후드티', 14000, 23, 'https://example.com/goods/goods040.jpg');

INSERT INTO store_goods (store_id, name, work_name, character_name, category, price, stock_qty, thumbnail_url)
VALUES (1, '굿즈상품041', '작품001', '캐릭터041', '포토카드', 5000, 5, 'https://example.com/goods/goods041.jpg');

INSERT INTO store_goods (store_id, name, work_name, character_name, category, price, stock_qty, thumbnail_url)
VALUES (2, '굿즈상품042', '작품002', '캐릭터042', '키リング', 6000, 7, 'https://example.com/goods/goods042.jpg');

INSERT INTO store_goods (store_id, name, work_name, character_name, category, price, stock_qty, thumbnail_url)
VALUES (3, '굿즈상품043', '작품003', '캐릭터043', '피규어', 7000, 9, 'https://example.com/goods/goods043.jpg');

INSERT INTO store_goods (store_id, name, work_name, character_name, category, price, stock_qty, thumbnail_url)
VALUES (4, '굿즈상품044', '작품004', '캐릭터044', '아크릴스탠드', 8000, 11, 'https://example.com/goods/goods044.jpg');

INSERT INTO store_goods (store_id, name, work_name, character_name, category, price, stock_qty, thumbnail_url)
VALUES (5, '굿즈상품045', '작품005', '캐릭터045', '인형', 9000, 13, 'https://example.com/goods/goods045.jpg');

INSERT INTO store_goods (store_id, name, work_name, character_name, category, price, stock_qty, thumbnail_url)
VALUES (6, '굿즈상품046', '작품006', '캐릭터046', '스티커', 10000, 15, 'https://example.com/goods/goods046.jpg');

INSERT INTO store_goods (store_id, name, work_name, character_name, category, price, stock_qty, thumbnail_url)
VALUES (7, '굿즈상품047', '작품007', '캐릭터047', '엽서', 11000, 17, 'https://example.com/goods/goods047.jpg');

INSERT INTO store_goods (store_id, name, work_name, character_name, category, price, stock_qty, thumbnail_url)
VALUES (8, '굿즈상품048', '작품008', '캐릭터048', '티셔츠', 12000, 19, 'https://example.com/goods/goods048.jpg');

INSERT INTO store_goods (store_id, name, work_name, character_name, category, price, stock_qty, thumbnail_url)
VALUES (9, '굿즈상품049', '작품009', '캐릭터049', '머그컵', 13000, 21, 'https://example.com/goods/goods049.jpg');

INSERT INTO store_goods (store_id, name, work_name, character_name, category, price, stock_qty, thumbnail_url)
VALUES (10, '굿즈상품050', '작품010', '캐릭터050', '후드티', 14000, 23, 'https://example.com/goods/goods050.jpg');

INSERT INTO store_goods (store_id, name, work_name, character_name, category, price, stock_qty, thumbnail_url)
VALUES (1, '굿즈상품051', '작품011', '캐릭터051', '포토카드', 5000, 5, 'https://example.com/goods/goods051.jpg');

INSERT INTO store_goods (store_id, name, work_name, character_name, category, price, stock_qty, thumbnail_url)
VALUES (2, '굿즈상품052', '작품012', '캐릭터052', '키링', 6000, 7, 'https://example.com/goods/goods052.jpg');

INSERT INTO store_goods (store_id, name, work_name, character_name, category, price, stock_qty, thumbnail_url)
VALUES (3, '굿즈상품053', '작품013', '캐릭터053', '피규어', 7000, 9, 'https://example.com/goods/goods053.jpg');

INSERT INTO store_goods (store_id, name, work_name, character_name, category, price, stock_qty, thumbnail_url)
VALUES (4, '굿즈상품054', '작품014', '캐릭터054', '아크릴스탠드', 8000, 11, 'https://example.com/goods/goods054.jpg');

INSERT INTO store_goods (store_id, name, work_name, character_name, category, price, stock_qty, thumbnail_url)
VALUES (5, '굿즈상품055', '작품015', '캐릭터055', '인형', 9000, 13, 'https://example.com/goods/goods055.jpg');

INSERT INTO store_goods (store_id, name, work_name, character_name, category, price, stock_qty, thumbnail_url)
VALUES (6, '굿즈상품056', '작품016', '캐릭터056', '스티커', 10000, 15, 'https://example.com/goods/goods056.jpg');

INSERT INTO store_goods (store_id, name, work_name, character_name, category, price, stock_qty, thumbnail_url)
VALUES (7, '굿즈상품057', '작품017', '캐릭터057', '엽서', 11000, 17, 'https://example.com/goods/goods057.jpg');

INSERT INTO store_goods (store_id, name, work_name, character_name, category, price, stock_qty, thumbnail_url)
VALUES (8, '굿즈상품058', '작품018', '캐릭터058', '티셔츠', 12000, 19, 'https://example.com/goods/goods058.jpg');

INSERT INTO store_goods (store_id, name, work_name, character_name, category, price, stock_qty, thumbnail_url)
VALUES (9, '굿즈상품059', '작품019', '캐릭터059', '머그컵', 13000, 21, 'https://example.com/goods/goods059.jpg');

INSERT INTO store_goods (store_id, name, work_name, character_name, category, price, stock_qty, thumbnail_url)
VALUES (10, '굿즈상품060', '작품020', '캐릭터060', '후드티', 14000, 23, 'https://example.com/goods/goods060.jpg');

INSERT INTO store_goods (store_id, name, work_name, character_name, category, price, stock_qty, thumbnail_url)
VALUES (1, '굿즈상품061', '작품001', '캐릭터061', '포토카드', 5000, 5, 'https://example.com/goods/goods061.jpg');

INSERT INTO store_goods (store_id, name, work_name, character_name, category, price, stock_qty, thumbnail_url)
VALUES (2, '굿즈상품062', '작품002', '캐릭터062', '키링', 6000, 7, 'https://example.com/goods/goods062.jpg');

INSERT INTO store_goods (store_id, name, work_name, character_name, category, price, stock_qty, thumbnail_url)
VALUES (3, '굿즈상품063', '작품003', '캐릭터063', '피규어', 7000, 9, 'https://example.com/goods/goods063.jpg');

INSERT INTO store_goods (store_id, name, work_name, character_name, category, price, stock_qty, thumbnail_url)
VALUES (4, '굿즈상품064', '작품004', '캐릭터064', '아크릴스탠드', 8000, 11, 'https://example.com/goods/goods064.jpg');

INSERT INTO store_goods (store_id, name, work_name, character_name, category, price, stock_qty, thumbnail_url)
VALUES (5, '굿즈상품065', '작품005', '캐릭터065', '인형', 9000, 13, 'https://example.com/goods/goods065.jpg');

INSERT INTO store_goods (store_id, name, work_name, character_name, category, price, stock_qty, thumbnail_url)
VALUES (6, '굿즈상품066', '작품006', '캐릭터066', '스티커', 10000, 15, 'https://example.com/goods/goods066.jpg');

INSERT INTO store_goods (store_id, name, work_name, character_name, category, price, stock_qty, thumbnail_url)
VALUES (7, '굿즈상품067', '작품007', '캐릭터067', '엽서', 11000, 17, 'https://example.com/goods/goods067.jpg');

INSERT INTO store_goods (store_id, name, work_name, character_name, category, price, stock_qty, thumbnail_url)
VALUES (8, '굿즈상품068', '작품008', '캐릭터068', '티셔츠', 12000, 19, 'https://example.com/goods/goods068.jpg');

INSERT INTO store_goods (store_id, name, work_name, character_name, category, price, stock_qty, thumbnail_url)
VALUES (9, '굿즈상품069', '작품009', '캐릭터069', '머그컵', 13000, 21, 'https://example.com/goods/goods069.jpg');

INSERT INTO store_goods (store_id, name, work_name, character_name, category, price, stock_qty, thumbnail_url)
VALUES (10, '굿즈상품070', '작품010', '캐릭터070', '후드티', 14000, 23, 'https://example.com/goods/goods070.jpg');

INSERT INTO store_goods (store_id, name, work_name, character_name, category, price, stock_qty, thumbnail_url)
VALUES (1, '굿즈상품071', '작품011', '캐릭터071', '포토카드', 5000, 5, 'https://example.com/goods/goods071.jpg');

INSERT INTO store_goods (store_id, name, work_name, character_name, category, price, stock_qty, thumbnail_url)
VALUES (2, '굿즈상품072', '작품012', '캐릭터072', '키링', 6000, 7, 'https://example.com/goods/goods072.jpg');

INSERT INTO store_goods (store_id, name, work_name, character_name, category, price, stock_qty, thumbnail_url)
VALUES (3, '굿즈상품073', '작품013', '캐릭터073', '피규어', 7000, 9, 'https://example.com/goods/goods073.jpg');

INSERT INTO store_goods (store_id, name, work_name, character_name, category, price, stock_qty, thumbnail_url)
VALUES (4, '굿즈상품074', '작품014', '캐릭터074', '아크릴스탠드', 8000, 11, 'https://example.com/goods/goods074.jpg');

INSERT INTO store_goods (store_id, name, work_name, character_name, category, price, stock_qty, thumbnail_url)
VALUES (5, '굿즈상품075', '작품015', '캐릭터075', '인형', 9000, 13, 'https://example.com/goods/goods075.jpg');

INSERT INTO store_goods (store_id, name, work_name, character_name, category, price, stock_qty, thumbnail_url)
VALUES (6, '굿즈상품076', '작품016', '캐릭터076', '스티커', 10000, 15, 'https://example.com/goods/goods076.jpg');

INSERT INTO store_goods (store_id, name, work_name, character_name, category, price, stock_qty, thumbnail_url)
VALUES (7, '굿즈상품077', '작품017', '캐릭터077', '엽서', 11000, 17, 'https://example.com/goods/goods077.jpg');

INSERT INTO store_goods (store_id, name, work_name, character_name, category, price, stock_qty, thumbnail_url)
VALUES (8, '굿즈상품078', '작품018', '캐릭터078', '티셔츠', 12000, 19, 'https://example.com/goods/goods078.jpg');

INSERT INTO store_goods (store_id, name, work_name, character_name, category, price, stock_qty, thumbnail_url)
VALUES (9, '굿즈상품079', '작품019', '캐릭터079', '머그컵', 13000, 21, 'https://example.com/goods/goods079.jpg');

INSERT INTO store_goods (store_id, name, work_name, character_name, category, price, stock_qty, thumbnail_url)
VALUES (10, '굿즈상품080', '작품020', '캐릭터080', '후드티', 14000, 23, 'https://example.com/goods/goods080.jpg');

INSERT INTO store_goods (store_id, name, work_name, character_name, category, price, stock_qty, thumbnail_url)
VALUES (1, '굿즈상품081', '작품001', '캐릭터081', '포토카드', 5000, 5, 'https://example.com/goods/goods081.jpg');

INSERT INTO store_goods (store_id, name, work_name, character_name, category, price, stock_qty, thumbnail_url)
VALUES (2, '굿즈상품082', '작품002', '캐릭터082', '키링', 6000, 7, 'https://example.com/goods/goods082.jpg');

INSERT INTO store_goods (store_id, name, work_name, character_name, category, price, stock_qty, thumbnail_url)
VALUES (3, '굿즈상품083', '작품003', '캐릭터083', '피규어', 7000, 9, 'https://example.com/goods/goods083.jpg');

INSERT INTO store_goods (store_id, name, work_name, character_name, category, price, stock_qty, thumbnail_url)
VALUES (4, '굿즈상품084', '작품004', '캐릭터084', '아크릴스탠드', 8000, 11, 'https://example.com/goods/goods084.jpg');

INSERT INTO store_goods (store_id, name, work_name, character_name, category, price, stock_qty, thumbnail_url)
VALUES (5, '굿즈상품085', '작품005', '캐릭터085', '인형', 9000, 13, 'https://example.com/goods/goods085.jpg');

INSERT INTO store_goods (store_id, name, work_name, character_name, category, price, stock_qty, thumbnail_url)
VALUES (6, '굿즈상품086', '작품006', '캐릭터086', '스티커', 10000, 15, 'https://example.com/goods/goods086.jpg');

INSERT INTO store_goods (store_id, name, work_name, character_name, category, price, stock_qty, thumbnail_url)
VALUES (7, '굿즈상품087', '작품007', '캐릭터087', '엽서', 11000, 17, 'https://example.com/goods/goods087.jpg');

INSERT INTO store_goods (store_id, name, work_name, character_name, category, price, stock_qty, thumbnail_url)
VALUES (8, '굿즈상품088', '작품008', '캐릭터088', '티셔츠', 12000, 19, 'https://example.com/goods/goods088.jpg');

INSERT INTO store_goods (store_id, name, work_name, character_name, category, price, stock_qty, thumbnail_url)
VALUES (9, '굿즈상품089', '작품009', '캐릭터089', '머그컵', 13000, 21, 'https://example.com/goods/goods089.jpg');

INSERT INTO store_goods (store_id, name, work_name, character_name, category, price, stock_qty, thumbnail_url)
VALUES (10, '굿즈상품090', '작품010', '캐릭터090', '후드티', 14000, 23, 'https://example.com/goods/goods090.jpg');

INSERT INTO store_goods (store_id, name, work_name, character_name, category, price, stock_qty, thumbnail_url)
VALUES (1, '굿즈상품091', '작품011', '캐릭터091', '포토카드', 5000, 5, 'https://example.com/goods/goods091.jpg');

INSERT INTO store_goods (store_id, name, work_name, character_name, category, price, stock_qty, thumbnail_url)
VALUES (2, '굿즈상품092', '작품012', '캐릭터092', '키링', 6000, 7, 'https://example.com/goods/goods092.jpg');

INSERT INTO store_goods (store_id, name, work_name, character_name, category, price, stock_qty, thumbnail_url)
VALUES (3, '굿즈상품093', '작품013', '캐릭터093', '피규어', 7000, 9, 'https://example.com/goods/goods093.jpg');

INSERT INTO store_goods (store_id, name, work_name, character_name, category, price, stock_qty, thumbnail_url)
VALUES (4, '굿즈상품094', '작품014', '캐릭터094', '아크릴스탠드', 8000, 11, 'https://example.com/goods/goods094.jpg');

INSERT INTO store_goods (store_id, name, work_name, character_name, category, price, stock_qty, thumbnail_url)
VALUES (5, '굿즈상품095', '작품015', '캐릭터095', '인형', 9000, 13, 'https://example.com/goods/goods095.jpg');

INSERT INTO store_goods (store_id, name, work_name, character_name, category, price, stock_qty, thumbnail_url)
VALUES (6, '굿즈상품096', '작품016', '캐릭터096', '스티커', 10000, 15, 'https://example.com/goods/goods096.jpg');

INSERT INTO store_goods (store_id, name, work_name, character_name, category, price, stock_qty, thumbnail_url)
VALUES (7, '굿즈상품097', '작품017', '캐릭터097', '엽서', 11000, 17, 'https://example.com/goods/goods097.jpg');

INSERT INTO store_goods (store_id, name, work_name, character_name, category, price, stock_qty, thumbnail_url)
VALUES (8, '굿즈상품098', '작품018', '캐릭터098', '티셔츠', 12000, 19, 'https://example.com/goods/goods098.jpg');

INSERT INTO store_goods (store_id, name, work_name, character_name, category, price, stock_qty, thumbnail_url)
VALUES (9, '굿즈상품099', '작품019', '캐릭터099', '머그컵', 13000, 21, 'https://example.com/goods/goods099.jpg');

INSERT INTO store_goods (store_id, name, work_name, character_name, category, price, stock_qty, thumbnail_url)
VALUES (10, '굿즈상품100', '작품020', '캐릭터100', '후드티', 14000, 23, 'https://example.com/goods/goods100.jpg');
INSERT INTO store_goods (store_id, name, work_name, character_name, category, price, stock_qty, thumbnail_url)
VALUES (1, '굿즈상품101', '작품001', '캐릭터101', '포토카드', 5000, 5, 'https://example.com/goods/goods101.jpg');

INSERT INTO store_goods (store_id, name, work_name, character_name, category, price, stock_qty, thumbnail_url)
VALUES (2, '굿즈상품102', '작품002', '캐릭터102', '키링', 6000, 7, 'https://example.com/goods/goods102.jpg');

INSERT INTO store_goods (store_id, name, work_name, character_name, category, price, stock_qty, thumbnail_url)
VALUES (3, '굿즈상품103', '작품003', '캐릭터103', '피규어', 7000, 9, 'https://example.com/goods/goods103.jpg');

INSERT INTO store_goods (store_id, name, work_name, character_name, category, price, stock_qty, thumbnail_url)
VALUES (4, '굿즈상품104', '작품004', '캐릭터104', '아크릴스탠드', 8000, 11, 'https://example.com/goods/goods104.jpg');

INSERT INTO store_goods (store_id, name, work_name, character_name, category, price, stock_qty, thumbnail_url)
VALUES (5, '굿즈상품105', '작품005', '캐릭터105', '인형', 9000, 13, 'https://example.com/goods/goods105.jpg');

INSERT INTO store_goods (store_id, name, work_name, character_name, category, price, stock_qty, thumbnail_url)
VALUES (6, '굿즈상품106', '작품006', '캐릭터106', '스티커', 10000, 15, 'https://example.com/goods/goods106.jpg');

INSERT INTO store_goods (store_id, name, work_name, character_name, category, price, stock_qty, thumbnail_url)
VALUES (7, '굿즈상품107', '작품007', '캐릭터107', '엽서', 11000, 17, 'https://example.com/goods/goods107.jpg');

INSERT INTO store_goods (store_id, name, work_name, character_name, category, price, stock_qty, thumbnail_url)
VALUES (8, '굿즈상품108', '작품008', '캐릭터108', '티셔츠', 12000, 19, 'https://example.com/goods/goods108.jpg');

INSERT INTO store_goods (store_id, name, work_name, character_name, category, price, stock_qty, thumbnail_url)
VALUES (9, '굿즈상품109', '작품009', '캐릭터109', '머그컵', 13000, 21, 'https://example.com/goods/goods109.jpg');

INSERT INTO store_goods (store_id, name, work_name, character_name, category, price, stock_qty, thumbnail_url)
VALUES (10, '굿즈상품110', '작품010', '캐릭터110', '후드티', 14000, 23, 'https://example.com/goods/goods110.jpg');

INSERT INTO store_goods (store_id, name, work_name, character_name, category, price, stock_qty, thumbnail_url)
VALUES (1, '굿즈상품111', '작품011', '캐릭터111', '포토카드', 5000, 5, 'https://example.com/goods/goods111.jpg');

INSERT INTO store_goods (store_id, name, work_name, character_name, category, price, stock_qty, thumbnail_url)
VALUES (2, '굿즈상품112', '작품012', '캐릭터112', '키링', 6000, 7, 'https://example.com/goods/goods112.jpg');

INSERT INTO store_goods (store_id, name, work_name, character_name, category, price, stock_qty, thumbnail_url)
VALUES (3, '굿즈상품113', '작품013', '캐릭터113', '피규어', 7000, 9, 'https://example.com/goods/goods113.jpg');

INSERT INTO store_goods (store_id, name, work_name, character_name, category, price, stock_qty, thumbnail_url)
VALUES (4, '굿즈상품114', '작품014', '캐릭터114', '아크릴스탠드', 8000, 11, 'https://example.com/goods/goods114.jpg');

INSERT INTO store_goods (store_id, name, work_name, character_name, category, price, stock_qty, thumbnail_url)
VALUES (5, '굿즈상품115', '작품015', '캐릭터115', '인형', 9000, 13, 'https://example.com/goods/goods115.jpg');

INSERT INTO store_goods (store_id, name, work_name, character_name, category, price, stock_qty, thumbnail_url)
VALUES (6, '굿즈상품116', '작품016', '캐릭터116', '스티커', 10000, 15, 'https://example.com/goods/goods116.jpg');

INSERT INTO store_goods (store_id, name, work_name, character_name, category, price, stock_qty, thumbnail_url)
VALUES (7, '굿즈상품117', '작품017', '캐릭터117', '엽서', 11000, 17, 'https://example.com/goods/goods117.jpg');

INSERT INTO store_goods (store_id, name, work_name, character_name, category, price, stock_qty, thumbnail_url)
VALUES (8, '굿즈상품118', '작품018', '캐릭터118', '티셔츠', 12000, 19, 'https://example.com/goods/goods118.jpg');

INSERT INTO store_goods (store_id, name, work_name, character_name, category, price, stock_qty, thumbnail_url)
VALUES (9, '굿즈상품119', '작품019', '캐릭터119', '머그컵', 13000, 21, 'https://example.com/goods/goods119.jpg');

INSERT INTO store_goods (store_id, name, work_name, character_name, category, price, stock_qty, thumbnail_url)
VALUES (10, '굿즈상품120', '작품020', '캐릭터120', '후드티', 14000, 23, 'https://example.com/goods/goods120.jpg');

INSERT INTO store_goods (store_id, name, work_name, character_name, category, price, stock_qty, thumbnail_url)
VALUES (1, '굿즈상품121', '작품001', '캐릭터121', '포토카드', 5000, 5, 'https://example.com/goods/goods121.jpg');

INSERT INTO store_goods (store_id, name, work_name, character_name, category, price, stock_qty, thumbnail_url)
VALUES (2, '굿즈상품122', '작품002', '캐릭터122', '키링', 6000, 7, 'https://example.com/goods/goods122.jpg');

INSERT INTO store_goods (store_id, name, work_name, character_name, category, price, stock_qty, thumbnail_url)
VALUES (3, '굿즈상품123', '작품003', '캐릭터123', '피규어', 7000, 9, 'https://example.com/goods/goods123.jpg');

INSERT INTO store_goods (store_id, name, work_name, character_name, category, price, stock_qty, thumbnail_url)
VALUES (4, '굿즈상품124', '작품004', '캐릭터124', '아크릴스탠드', 8000, 11, 'https://example.com/goods/goods124.jpg');

INSERT INTO store_goods (store_id, name, work_name, character_name, category, price, stock_qty, thumbnail_url)
VALUES (5, '굿즈상품125', '작품005', '캐릭터125', '인형', 9000, 13, 'https://example.com/goods/goods125.jpg');

INSERT INTO store_goods (store_id, name, work_name, character_name, category, price, stock_qty, thumbnail_url)
VALUES (6, '굿즈상품126', '작품006', '캐릭터126', '스티커', 10000, 15, 'https://example.com/goods/goods126.jpg');

INSERT INTO store_goods (store_id, name, work_name, character_name, category, price, stock_qty, thumbnail_url)
VALUES (7, '굿즈상품127', '작품007', '캐릭터127', '엽서', 11000, 17, 'https://example.com/goods/goods127.jpg');

INSERT INTO store_goods (store_id, name, work_name, character_name, category, price, stock_qty, thumbnail_url)
VALUES (8, '굿즈상품128', '작품008', '캐릭터128', '티셔츠', 12000, 19, 'https://example.com/goods/goods128.jpg');

INSERT INTO store_goods (store_id, name, work_name, character_name, category, price, stock_qty, thumbnail_url)
VALUES (9, '굿즈상품129', '작품009', '캐릭터129', '머그컵', 13000, 21, 'https://example.com/goods/goods129.jpg');

INSERT INTO store_goods (store_id, name, work_name, character_name, category, price, stock_qty, thumbnail_url)
VALUES (10, '굿즈상품130', '작품010', '캐릭터130', '후드티', 14000, 23, 'https://example.com/goods/goods130.jpg');

INSERT INTO store_goods (store_id, name, work_name, character_name, category, price, stock_qty, thumbnail_url)
VALUES (1, '굿즈상품131', '작품011', '캐릭터131', '포토카드', 5000, 5, 'https://example.com/goods/goods131.jpg');

INSERT INTO store_goods (store_id, name, work_name, character_name, category, price, stock_qty, thumbnail_url)
VALUES (2, '굿즈상품132', '작품012', '캐릭터132', '키링', 6000, 7, 'https://example.com/goods/goods132.jpg');

INSERT INTO store_goods (store_id, name, work_name, character_name, category, price, stock_qty, thumbnail_url)
VALUES (3, '굿즈상품133', '작품013', '캐릭터133', '피규어', 7000, 9, 'https://example.com/goods/goods133.jpg');

INSERT INTO store_goods (store_id, name, work_name, character_name, category, price, stock_qty, thumbnail_url)
VALUES (4, '굿즈상품134', '작품014', '캐릭터134', '아크릴스탠드', 8000, 11, 'https://example.com/goods/goods134.jpg');

INSERT INTO store_goods (store_id, name, work_name, character_name, category, price, stock_qty, thumbnail_url)
VALUES (5, '굿즈상품135', '작품015', '캐릭터135', '인형', 9000, 13, 'https://example.com/goods/goods135.jpg');

INSERT INTO store_goods (store_id, name, work_name, character_name, category, price, stock_qty, thumbnail_url)
VALUES (6, '굿즈상품136', '작품016', '캐릭터136', '스티커', 10000, 15, 'https://example.com/goods/goods136.jpg');

INSERT INTO store_goods (store_id, name, work_name, character_name, category, price, stock_qty, thumbnail_url)
VALUES (7, '굿즈상품137', '작품017', '캐릭터137', '엽서', 11000, 17, 'https://example.com/goods/goods137.jpg');

INSERT INTO store_goods (store_id, name, work_name, character_name, category, price, stock_qty, thumbnail_url)
VALUES (8, '굿즈상품138', '작품018', '캐릭터138', '티셔츠', 12000, 19, 'https://example.com/goods/goods138.jpg');

INSERT INTO store_goods (store_id, name, work_name, character_name, category, price, stock_qty, thumbnail_url)
VALUES (9, '굿즈상품139', '작품019', '캐릭터139', '머그컵', 13000, 21, 'https://example.com/goods/goods139.jpg');

INSERT INTO store_goods (store_id, name, work_name, character_name, category, price, stock_qty, thumbnail_url)
VALUES (10, '굿즈상품140', '작품020', '캐릭터140', '후드티', 14000, 23, 'https://example.com/goods/goods140.jpg');

INSERT INTO store_goods (store_id, name, work_name, character_name, category, price, stock_qty, thumbnail_url)
VALUES (1, '굿즈상품141', '작품001', '캐릭터141', '포토카드', 5000, 5, 'https://example.com/goods/goods141.jpg');

INSERT INTO store_goods (store_id, name, work_name, character_name, category, price, stock_qty, thumbnail_url)
VALUES (2, '굿즈상품142', '작품002', '캐릭터142', '키링', 6000, 7, 'https://example.com/goods/goods142.jpg');

INSERT INTO store_goods (store_id, name, work_name, character_name, category, price, stock_qty, thumbnail_url)
VALUES (3, '굿즈상품143', '작품003', '캐릭터143', '피규어', 7000, 9, 'https://example.com/goods/goods143.jpg');

INSERT INTO store_goods (store_id, name, work_name, character_name, category, price, stock_qty, thumbnail_url)
VALUES (4, '굿즈상품144', '작품004', '캐릭터144', '아크릴스탠드', 8000, 11, 'https://example.com/goods/goods144.jpg');

INSERT INTO store_goods (store_id, name, work_name, character_name, category, price, stock_qty, thumbnail_url)
VALUES (5, '굿즈상품145', '작품005', '캐릭터145', '인형', 9000, 13, 'https://example.com/goods/goods145.jpg');

INSERT INTO store_goods (store_id, name, work_name, character_name, category, price, stock_qty, thumbnail_url)
VALUES (6, '굿즈상품146', '작품006', '캐릭터146', '스티커', 10000, 15, 'https://example.com/goods/goods146.jpg');

INSERT INTO store_goods (store_id, name, work_name, character_name, category, price, stock_qty, thumbnail_url)
VALUES (7, '굿즈상품147', '작품007', '캐릭터147', '엽서', 11000, 17, 'https://example.com/goods/goods147.jpg');

INSERT INTO store_goods (store_id, name, work_name, character_name, category, price, stock_qty, thumbnail_url)
VALUES (8, '굿즈상품148', '작품008', '캐릭터148', '티셔츠', 12000, 19, 'https://example.com/goods/goods148.jpg');

INSERT INTO store_goods (store_id, name, work_name, character_name, category, price, stock_qty, thumbnail_url)
VALUES (9, '굿즈상품149', '작품009', '캐릭터149', '머그컵', 13000, 21, 'https://example.com/goods/goods149.jpg');

INSERT INTO store_goods (store_id, name, work_name, character_name, category, price, stock_qty, thumbnail_url)
VALUES (10, '굿즈상품150', '작품010', '캐릭터150', '후드티', 14000, 23, 'https://example.com/goods/goods150.jpg');

INSERT INTO store_goods (store_id, name, work_name, character_name, category, price, stock_qty, thumbnail_url)
VALUES (1, '굿즈상품151', '작품011', '캐릭터151', '포토카드', 5000, 5, 'https://example.com/goods/goods151.jpg');

INSERT INTO store_goods (store_id, name, work_name, character_name, category, price, stock_qty, thumbnail_url)
VALUES (2, '굿즈상품152', '작품012', '캐릭터152', '키링', 6000, 7, 'https://example.com/goods/goods152.jpg');

INSERT INTO store_goods (store_id, name, work_name, character_name, category, price, stock_qty, thumbnail_url)
VALUES (3, '굿즈상품153', '작품013', '캐릭터153', '피규어', 7000, 9, 'https://example.com/goods/goods153.jpg');

INSERT INTO store_goods (store_id, name, work_name, character_name, category, price, stock_qty, thumbnail_url)
VALUES (4, '굿즈상품154', '작품014', '캐릭터154', '아크릴스탠드', 8000, 11, 'https://example.com/goods/goods154.jpg');

INSERT INTO store_goods (store_id, name, work_name, character_name, category, price, stock_qty, thumbnail_url)
VALUES (5, '굿즈상품155', '작품015', '캐릭터155', '인형', 9000, 13, 'https://example.com/goods/goods155.jpg');

INSERT INTO store_goods (store_id, name, work_name, character_name, category, price, stock_qty, thumbnail_url)
VALUES (6, '굿즈상품156', '작품016', '캐릭터156', '스티커', 10000, 15, 'https://example.com/goods/goods156.jpg');

INSERT INTO store_goods (store_id, name, work_name, character_name, category, price, stock_qty, thumbnail_url)
VALUES (7, '굿즈상품157', '작품017', '캐릭터157', '엽서', 11000, 17, 'https://example.com/goods/goods157.jpg');

INSERT INTO store_goods (store_id, name, work_name, character_name, category, price, stock_qty, thumbnail_url)
VALUES (8, '굿즈상품158', '작품018', '캐릭터158', '티셔츠', 12000, 19, 'https://example.com/goods/goods158.jpg');

INSERT INTO store_goods (store_id, name, work_name, character_name, category, price, stock_qty, thumbnail_url)
VALUES (9, '굿즈상품159', '작품019', '캐릭터159', '머그컵', 13000, 21, 'https://example.com/goods/goods159.jpg');

INSERT INTO store_goods (store_id, name, work_name, character_name, category, price, stock_qty, thumbnail_url)
VALUES (10, '굿즈상품160', '작품020', '캐릭터160', '후드티', 14000, 23, 'https://example.com/goods/goods160.jpg');

INSERT INTO store_goods (store_id, name, work_name, character_name, category, price, stock_qty, thumbnail_url)
VALUES (1, '굿즈상품161', '작품001', '캐릭터161', '포토카드', 5000, 5, 'https://example.com/goods/goods161.jpg');

INSERT INTO store_goods (store_id, name, work_name, character_name, category, price, stock_qty, thumbnail_url)
VALUES (2, '굿즈상품162', '작품002', '캐릭터162', '키링', 6000, 7, 'https://example.com/goods/goods162.jpg');

INSERT INTO store_goods (store_id, name, work_name, character_name, category, price, stock_qty, thumbnail_url)
VALUES (3, '굿즈상품163', '작품003', '캐릭터163', '피규어', 7000, 9, 'https://example.com/goods/goods163.jpg');

INSERT INTO store_goods (store_id, name, work_name, character_name, category, price, stock_qty, thumbnail_url)
VALUES (4, '굿즈상품164', '작품004', '캐릭터164', '아크릴스탠드', 8000, 11, 'https://example.com/goods/goods164.jpg');

INSERT INTO store_goods (store_id, name, work_name, character_name, category, price, stock_qty, thumbnail_url)
VALUES (5, '굿즈상품165', '작품005', '캐릭터165', '인형', 9000, 13, 'https://example.com/goods/goods165.jpg');

INSERT INTO store_goods (store_id, name, work_name, character_name, category, price, stock_qty, thumbnail_url)
VALUES (6, '굿즈상품166', '작품006', '캐릭터166', '스티커', 10000, 15, 'https://example.com/goods/goods166.jpg');

INSERT INTO store_goods (store_id, name, work_name, character_name, category, price, stock_qty, thumbnail_url)
VALUES (7, '굿즈상품167', '작품007', '캐릭터167', '엽서', 11000, 17, 'https://example.com/goods/goods167.jpg');

INSERT INTO store_goods (store_id, name, work_name, character_name, category, price, stock_qty, thumbnail_url)
VALUES (8, '굿즈상품168', '작품008', '캐릭터168', '티셔츠', 12000, 19, 'https://example.com/goods/goods168.jpg');

INSERT INTO store_goods (store_id, name, work_name, character_name, category, price, stock_qty, thumbnail_url)
VALUES (9, '굿즈상품169', '작품009', '캐릭터169', '머그컵', 13000, 21, 'https://example.com/goods/goods169.jpg');

INSERT INTO store_goods (store_id, name, work_name, character_name, category, price, stock_qty, thumbnail_url)
VALUES (10, '굿즈상품170', '작품010', '캐릭터170', '후드티', 14000, 23, 'https://example.com/goods/goods170.jpg');

INSERT INTO store_goods (store_id, name, work_name, character_name, category, price, stock_qty, thumbnail_url)
VALUES (1, '굿즈상품171', '작품011', '캐릭터171', '포토카드', 5000, 5, 'https://example.com/goods/goods171.jpg');

INSERT INTO store_goods (store_id, name, work_name, character_name, category, price, stock_qty, thumbnail_url)
VALUES (2, '굿즈상품172', '작품012', '캐릭터172', '키링', 6000, 7, 'https://example.com/goods/goods172.jpg');

INSERT INTO store_goods (store_id, name, work_name, character_name, category, price, stock_qty, thumbnail_url)
VALUES (3, '굿즈상품173', '작품013', '캐릭터173', '피규어', 7000, 9, 'https://example.com/goods/goods173.jpg');

INSERT INTO store_goods (store_id, name, work_name, character_name, category, price, stock_qty, thumbnail_url)
VALUES (4, '굿즈상품174', '작품014', '캐릭터174', '아크릴스탠드', 8000, 11, 'https://example.com/goods/goods174.jpg');

INSERT INTO store_goods (store_id, name, work_name, character_name, category, price, stock_qty, thumbnail_url)
VALUES (5, '굿즈상품175', '작품015', '캐릭터175', '인형', 9000, 13, 'https://example.com/goods/goods175.jpg');

INSERT INTO store_goods (store_id, name, work_name, character_name, category, price, stock_qty, thumbnail_url)
VALUES (6, '굿즈상품176', '작품016', '캐릭터176', '스티커', 10000, 15, 'https://example.com/goods/goods176.jpg');

INSERT INTO store_goods (store_id, name, work_name, character_name, category, price, stock_qty, thumbnail_url)
VALUES (7, '굿즈상품177', '작품017', '캐릭터177', '엽서', 11000, 17, 'https://example.com/goods/goods177.jpg');

INSERT INTO store_goods (store_id, name, work_name, character_name, category, price, stock_qty, thumbnail_url)
VALUES (8, '굿즈상품178', '작품018', '캐릭터178', '티셔츠', 12000, 19, 'https://example.com/goods/goods178.jpg');

INSERT INTO store_goods (store_id, name, work_name, character_name, category, price, stock_qty, thumbnail_url)
VALUES (9, '굿즈상품179', '작품019', '캐릭터179', '머그컵', 13000, 21, 'https://example.com/goods/goods179.jpg');

INSERT INTO store_goods (store_id, name, work_name, character_name, category, price, stock_qty, thumbnail_url)
VALUES (10, '굿즈상품180', '작품020', '캐릭터180', '후드티', 14000, 23, 'https://example.com/goods/goods180.jpg');

INSERT INTO store_goods (store_id, name, work_name, character_name, category, price, stock_qty, thumbnail_url)
VALUES (1, '굿즈상품181', '작품001', '캐릭터181', '포토카드', 5000, 5, 'https://example.com/goods/goods181.jpg');

INSERT INTO store_goods (store_id, name, work_name, character_name, category, price, stock_qty, thumbnail_url)
VALUES (2, '굿즈상품182', '작품002', '캐릭터182', '키링', 6000, 7, 'https://example.com/goods/goods182.jpg');

INSERT INTO store_goods (store_id, name, work_name, character_name, category, price, stock_qty, thumbnail_url)
VALUES (3, '굿즈상품183', '작품003', '캐릭터183', '피규어', 7000, 9, 'https://example.com/goods/goods183.jpg');

INSERT INTO store_goods (store_id, name, work_name, character_name, category, price, stock_qty, thumbnail_url)
VALUES (4, '굿즈상품184', '작품004', '캐릭터184', '아크릴스탠드', 8000, 11, 'https://example.com/goods/goods184.jpg');

INSERT INTO store_goods (store_id, name, work_name, character_name, category, price, stock_qty, thumbnail_url)
VALUES (5, '굿즈상품185', '작품005', '캐릭터185', '인형', 9000, 13, 'https://example.com/goods/goods185.jpg');

INSERT INTO store_goods (store_id, name, work_name, character_name, category, price, stock_qty, thumbnail_url)
VALUES (6, '굿즈상품186', '작품006', '캐릭터186', '스티커', 10000, 15, 'https://example.com/goods/goods186.jpg');

INSERT INTO store_goods (store_id, name, work_name, character_name, category, price, stock_qty, thumbnail_url)
VALUES (7, '굿즈상품187', '작품007', '캐릭터187', '엽서', 11000, 17, 'https://example.com/goods/goods187.jpg');

INSERT INTO store_goods (store_id, name, work_name, character_name, category, price, stock_qty, thumbnail_url)
VALUES (8, '굿즈상품188', '작품008', '캐릭터188', '티셔츠', 12000, 19, 'https://example.com/goods/goods188.jpg');

INSERT INTO store_goods (store_id, name, work_name, character_name, category, price, stock_qty, thumbnail_url)
VALUES (9, '굿즈상품189', '작품009', '캐릭터189', '머그컵', 13000, 21, 'https://example.com/goods/goods189.jpg');

INSERT INTO store_goods (store_id, name, work_name, character_name, category, price, stock_qty, thumbnail_url)
VALUES (10, '굿즈상품190', '작품010', '캐릭터190', '후드티', 14000, 23, 'https://example.com/goods/goods190.jpg');

INSERT INTO store_goods (store_id, name, work_name, character_name, category, price, stock_qty, thumbnail_url)
VALUES (1, '굿즈상품191', '작품011', '캐릭터191', '포토카드', 5000, 5, 'https://example.com/goods/goods191.jpg');

INSERT INTO store_goods (store_id, name, work_name, character_name, category, price, stock_qty, thumbnail_url)
VALUES (2, '굿즈상품192', '작품012', '캐릭터192', '키링', 6000, 7, 'https://example.com/goods/goods192.jpg');

INSERT INTO store_goods (store_id, name, work_name, character_name, category, price, stock_qty, thumbnail_url)
VALUES (3, '굿즈상품193', '작품013', '캐릭터193', '피규어', 7000, 9, 'https://example.com/goods/goods193.jpg');

INSERT INTO store_goods (store_id, name, work_name, character_name, category, price, stock_qty, thumbnail_url)
VALUES (4, '굿즈상품194', '작품014', '캐릭터194', '아크릴스탠드', 8000, 11, 'https://example.com/goods/goods194.jpg');

INSERT INTO store_goods (store_id, name, work_name, character_name, category, price, stock_qty, thumbnail_url)
VALUES (5, '굿즈상품195', '작품015', '캐릭터195', '인형', 9000, 13, 'https://example.com/goods/goods195.jpg');

INSERT INTO store_goods (store_id, name, work_name, character_name, category, price, stock_qty, thumbnail_url)
VALUES (6, '굿즈상품196', '작품016', '캐릭터196', '스티커', 10000, 15, 'https://example.com/goods/goods196.jpg');

INSERT INTO store_goods (store_id, name, work_name, character_name, category, price, stock_qty, thumbnail_url)
VALUES (7, '굿즈상품197', '작품017', '캐릭터197', '엽서', 11000, 17, 'https://example.com/goods/goods197.jpg');

INSERT INTO store_goods (store_id, name, work_name, character_name, category, price, stock_qty, thumbnail_url)
VALUES (8, '굿즈상품198', '작품018', '캐릭터198', '티셔츠', 12000, 19, 'https://example.com/goods/goods198.jpg');

INSERT INTO store_goods (store_id, name, work_name, character_name, category, price, stock_qty, thumbnail_url)
VALUES (9, '굿즈상품199', '작품019', '캐릭터199', '머그컵', 13000, 21, 'https://example.com/goods/goods199.jpg');

INSERT INTO store_goods (store_id, name, work_name, character_name, category, price, stock_qty, thumbnail_url)
VALUES (10, '굿즈상품200', '작품020', '캐릭터200', '후드티', 14000, 23, 'https://example.com/goods/goods200.jpg');
commit;




INSERT INTO popup_store (
     title, place_name, address, region_name,
    latitude, longitude, start_date, end_date,
    banner_image_url, description
) VALUES (

             '덕후로드 팝업 시즌1',
             '홍대 더쿠쿠 라운지',
             '서울특별시 마포구 와우산로 21길 25',
             '홍대',
             37.55240000, 126.92380000,
             DATE '2025-01-10',
             DATE '2025-02-02',
             'https://example.com/popup/banner01.jpg',
             '애니메이션 굿즈와 한정 포토카드가 준비된 덕후로드 첫 번째 팝업입니다.'
         );

INSERT INTO popup_store (
     title, place_name, address, region_name,
    latitude, longitude, start_date, end_date,
    banner_image_url, description
) VALUES (

             '굿즈 로드 in 강남',
             '강남 스퀘어 홀',
             '서울특별시 강남구 테헤란로 108',
             '강남',
             37.50130000, 127.02770000,
             DATE '2025-02-15',
             DATE '2025-03-02',
             'https://example.com/popup/banner02.jpg',
             '아이돌 포토카드, 피규어, 키링 등 인기 굿즈를 한 번에 만나볼 수 있는 팝업입니다.'
         );

INSERT INTO popup_store (
     title, place_name, address, region_name,
    latitude, longitude, start_date, end_date,
    banner_image_url, description
) VALUES (

             '레트로 애니 팝업존',
             '코엑스 B1 특별관',
             '서울특별시 강남구 영동대로 513',
             '삼성',
             37.51240000, 127.05880000,
             DATE '2025-03-05',
             DATE '2025-03-20',
             'https://example.com/popup/banner03.jpg',
             '90년대부터 2000년대 초반까지의 레트로 애니메이션 굿즈를 모은 특별전입니다.'
         );

INSERT INTO popup_store (
     title, place_name, address, region_name,
    latitude, longitude, start_date, end_date,
    banner_image_url, description
) VALUES (

             '봄날 아이돌 굿즈 페어',
             '명동 컬쳐 스튜디오',
             '서울특별시 중구 명동8길 27',
             '명동',
             37.56300000, 126.98270000,
             DATE '2025-03-25',
             DATE '2025-04-10',
             'https://example.com/popup/banner04.jpg',
             '신규 앨범 발매 기념 포토카드와 한정판 굿즈를 판매하는 아이돌 특집 팝업입니다.'
         );

INSERT INTO popup_store (
     title, place_name, address, region_name,
    latitude, longitude, start_date, end_date,
    banner_image_url, description
) VALUES (

             '밤하늘 피규어 마켓',
             '합정 스카이홀',
             '서울특별시 마포구 양화로 45',
             '합정',
             37.54910000, 126.91450000,
             DATE '2025-04-12',
             DATE '2025-04-28',
             'https://example.com/popup/banner05.jpg',
             '한정판 피규어와 디오라마를 전시 및 판매하는 피규어 중심 팝업 스토어입니다.'
         );

INSERT INTO popup_store (
     title, place_name, address, region_name,
    latitude, longitude, start_date, end_date,
    banner_image_url, description
) VALUES (

             '굿즈 캔버스 팝업',
             '성수 브릭 스튜디오',
             '서울특별시 성동구 연무장5길 7',
             '성수',
             37.54470000, 127.05580000,
             DATE '2025-05-01',
             DATE '2025-05-18',
             'https://example.com/popup/banner06.jpg',
             '굿즈와 아트워크가 결합된 일러스트, 포스터, 아트 프린트 중심 팝업입니다.'
         );

INSERT INTO popup_store (
     title, place_name, address, region_name,
    latitude, longitude, start_date, end_date,
    banner_image_url, description
) VALUES (

             '여름 한정 서머 굿즈전',
             '해운대 비치라운지',
             '부산광역시 해운대구 해운대해변로 264',
             '해운대',
             35.15980000, 129.16030000,
             DATE '2025-06-20',
             DATE '2025-07-10',
             'https://example.com/popup/banner07.jpg',
             '여름 컨셉 포토카드, 비치타월, 텀블러 등 계절 한정 굿즈를 판매합니다.'
         );

INSERT INTO popup_store (
     title, place_name, address, region_name,
    latitude, longitude, start_date, end_date,
    banner_image_url, description
) VALUES (

             '굿즈 로드 전국 원정전 - 대구',
             '동성로 팝업홀',
             '대구광역시 중구 동성로 12',
             '동성로',
             35.86940000, 128.59680000,
             DATE '2025-07-15',
             DATE '2025-07-30',
             'https://example.com/popup/banner08.jpg',
             '덕후로드 팀이 대구로 찾아가는 원정 팝업으로 인기 상품 위주로 구성됩니다.'
         );

INSERT INTO popup_store (
     title, place_name, address, region_name,
    latitude, longitude, start_date, end_date,
    banner_image_url, description
) VALUES (

             '아트토이 & 피규어 쇼케이스',
             '홍대 카툰갤러리',
             '서울특별시 마포구 어울마당로 65',
             '홍대',
             37.55360000, 126.92080000,
             DATE '2025-08-05',
             DATE '2025-08-22',
             'https://example.com/popup/banner09.jpg',
             '인디 작가들이 만든 아트토이와 수제 피규어를 중심으로 한 쇼케이스 팝업입니다.'
         );

INSERT INTO popup_store (
     title, place_name, address, region_name,
    latitude, longitude, start_date, end_date,
    banner_image_url, description
) VALUES (

             '굿즈 로드 할로윈 에디션',
             '이태원 스튜디오 라운지',
             '서울특별시 용산구 이태원로 188',
             '이태원',
             37.53490000, 126.99440000,
             DATE '2025-10-10',
             DATE '2025-10-31',
             'https://example.com/popup/banner10.jpg',
             '할로윈 컨셉으로 재해석된 캐릭터 굿즈와 한정판 포카를 판매합니다.'
         );

INSERT INTO popup_store (
     title, place_name, address, region_name,
    latitude, longitude, start_date, end_date,
    banner_image_url, description
) VALUES (

             '겨울왕국 스페셜 팝업',
             '잠실 스노우라운지',
             '서울특별시 송파구 올림픽로 240',
             '잠실',
             37.51500000, 127.10250000,
             DATE '2025-12-01',
             DATE '2025-12-27',
             'https://example.com/popup/banner11.jpg',
             '겨울 감성에 맞춘 니트, 머플러, 핫팩 케이스 등 따뜻한 느낌의 굿즈를 판매합니다.'
         );

INSERT INTO popup_store (
     title, place_name, address, region_name,
    latitude, longitude, start_date, end_date,
    banner_image_url, description
) VALUES (

             '아이돌 콜라보 카페 팝업',
             '건대 커먼카페',
             '서울특별시 광진구 아차산로 224',
             '건대',
             37.54040000, 127.07020000,
             DATE '2025-09-01',
             DATE '2025-09-21',
             'https://example.com/popup/banner12.jpg',
             '콜라보 메뉴와 컵홀더, 코스터, 포토카드 등 카페형 굿즈가 포함된 팝업입니다.'
         );

INSERT INTO popup_store (
     title, place_name, address, region_name,
    latitude, longitude, start_date, end_date,
    banner_image_url, description
) VALUES (

             '시티라이트 네온 굿즈전',
             '광화문 라이트갤러리',
             '서울특별시 종로구 세종대로 175',
             '광화문',
             37.57200000, 126.97690000,
             DATE '2025-11-05',
             DATE '2025-11-25',
             'https://example.com/popup/banner13.jpg',
             '네온 사인, 야간 일러스트, 형광 포스터 등 야경 컨셉의 굿즈를 전시 및 판매합니다.'
         );

INSERT INTO popup_store (
     title, place_name, address, region_name,
    latitude, longitude, start_date, end_date,
    banner_image_url, description
) VALUES (

             '굿즈 로드 베스트셀러전',
             '수원 AK 팝업존',
             '경기도 수원시 팔달구 덕영대로 924',
             '수원',
             37.26580000, 127.00040000,
             DATE '2025-04-20',
             DATE '2025-05-05',
             'https://example.com/popup/banner14.jpg',
             '지금까지 인기가 높았던 베스트셀러 굿즈만 모아 재판매하는 기획 팝업입니다.'
         );

INSERT INTO popup_store (
     title, place_name, address, region_name,
    latitude, longitude, start_date, end_date,
    banner_image_url, description
) VALUES (

             '신작 애니 런칭 팝업',
             '판교 크리에이티브홀',
             '경기도 성남시 분당구 분당내곡로 117',
             '판교',
             37.40210000, 127.10870000,
             DATE '2025-06-01',
             DATE '2025-06-16',
             'https://example.com/popup/banner15.jpg',
             '신작 애니메이션의 첫 공식 굿즈를 선보이는 런칭 기념 팝업 스토어입니다.'
         );
commit;
--

INSERT INTO board_category ( code, name)
VALUES ( 'MY_CHILD', '내 새끼 자랑');

INSERT INTO board_category ( code, name)
VALUES ( 'COSPLAY', '코스프레');

INSERT INTO board_category ( code, name)
VALUES ( 'FREE', '자유');

commit ;

INSERT INTO board_post (
     category_id, member_id, title, content, thumbnail_url,
    view_count, like_count, comment_count,
    created_at, updated_at, deleted_yn
) VALUES (
              1, 1,
             '테스트 게시글 001번 제목',
             '테스트 게시글 001번의 본문 내용입니다. 더미 데이터입니다.',
             'https://example.com/board/thumb_001.jpg',
             10, 2, 0,
             SYSDATE - 50, NULL, 'N'
         );

INSERT INTO board_post (
     category_id, member_id, title, content, thumbnail_url,
    view_count, like_count, comment_count,
    created_at, updated_at, deleted_yn
) VALUES (
              2, 2,
             '테스트 게시글 002번 제목',
             '테스트 게시글 002번의 본문 내용입니다. 더미 데이터입니다.',
             'https://example.com/board/thumb_002.jpg',
             20, 4, 1,
             SYSDATE - 49, SYSDATE - 48, 'N'
         );

INSERT INTO board_post (
     category_id, member_id, title, content, thumbnail_url,
    view_count, like_count, comment_count,
    created_at, updated_at, deleted_yn
) VALUES (
              3, 3,
             '테스트 게시글 003번 제목',
             '테스트 게시글 003번의 본문 내용입니다. 더미 데이터입니다.',
             'https://example.com/board/thumb_003.jpg',
             30, 6, 2,
             SYSDATE - 48, NULL, 'N'
         );
INSERT INTO board_post(category_id,member_id,title,content,thumbnail_url,view_count,like_count,comment_count,created_at,updated_at,deleted_yn) VALUES(2,4,'테스트 게시글 004번 제목','테스트 게시글 004번의 본문 내용입니다. 더미 데이터입니다.','https://example.com/board/thumb_004.jpg',0,0,0,SYSDATE-50,NULL,'N');
INSERT INTO board_post(category_id,member_id,title,content,thumbnail_url,view_count,like_count,comment_count,created_at,updated_at,deleted_yn) VALUES(2,5,'테스트 게시글 005번 제목','테스트 게시글 005번의 본문 내용입니다. 더미 데이터입니다.','https://example.com/board/thumb_005.jpg',0,0,0,SYSDATE-50,NULL,'N');
INSERT INTO board_post(category_id,member_id,title,content,thumbnail_url,view_count,like_count,comment_count,created_at,updated_at,deleted_yn) VALUES(2,6,'테스트 게시글 006번 제목','테스트 게시글 006번의 본문 내용입니다. 더미 데이터입니다.','https://example.com/board/thumb_006.jpg',0,0,0,SYSDATE-50,NULL,'N');
INSERT INTO board_post(category_id,member_id,title,content,thumbnail_url,view_count,like_count,comment_count,created_at,updated_at,deleted_yn) VALUES(2,7,'테스트 게시글 007번 제목','테스트 게시글 007번의 본문 내용입니다. 더미 데이터입니다.','https://example.com/board/thumb_007.jpg',0,0,0,SYSDATE-50,NULL,'N');
INSERT INTO board_post(category_id,member_id,title,content,thumbnail_url,view_count,like_count,comment_count,created_at,updated_at,deleted_yn) VALUES(2,8,'테스트 게시글 008번 제목','테스트 게시글 008번의 본문 내용입니다. 더미 데이터입니다.','https://example.com/board/thumb_008.jpg',0,0,0,SYSDATE-50,NULL,'N');
INSERT INTO board_post(category_id,member_id,title,content,thumbnail_url,view_count,like_count,comment_count,created_at,updated_at,deleted_yn) VALUES(2,9,'테스트 게시글 009번 제목','테스트 게시글 009번의 본문 내용입니다. 더미 데이터입니다.','https://example.com/board/thumb_009.jpg',0,0,0,SYSDATE-50,NULL,'N');
INSERT INTO board_post(category_id,member_id,title,content,thumbnail_url,view_count,like_count,comment_count,created_at,updated_at,deleted_yn) VALUES(2,10,'테스트 게시글 010번 제목','테스트 게시글 010번의 본문 내용입니다. 더미 데이터입니다.','https://example.com/board/thumb_010.jpg',0,0,0,SYSDATE-50,NULL,'N');

INSERT INTO board_post(category_id,member_id,title,content,thumbnail_url,view_count,like_count,comment_count,created_at,updated_at,deleted_yn) VALUES(2,11,'테스트 게시글 011번 제목','테스트 게시글 011번의 본문 내용입니다. 더미 데이터입니다.','https://example.com/board/thumb_011.jpg',0,0,0,SYSDATE-50,NULL,'N');
INSERT INTO board_post(category_id,member_id,title,content,thumbnail_url,view_count,like_count,comment_count,created_at,updated_at,deleted_yn) VALUES(2,12,'테스트 게시글 012번 제목','테스트 게시글 012번의 본문 내용입니다. 더미 데이터입니다.','https://example.com/board/thumb_012.jpg',0,0,0,SYSDATE-50,NULL,'N');
INSERT INTO board_post(category_id,member_id,title,content,thumbnail_url,view_count,like_count,comment_count,created_at,updated_at,deleted_yn) VALUES(2,13,'테스트 게시글 013번 제목','테스트 게시글 013번의 본문 내용입니다. 더미 데이터입니다.','https://example.com/board/thumb_013.jpg',0,0,0,SYSDATE-50,NULL,'N');
INSERT INTO board_post(category_id,member_id,title,content,thumbnail_url,view_count,like_count,comment_count,created_at,updated_at,deleted_yn) VALUES(2,14,'테스트 게시글 014번 제목','테스트 게시글 014번의 본문 내용입니다. 더미 데이터입니다.','https://example.com/board/thumb_014.jpg',0,0,0,SYSDATE-50,NULL,'N');
INSERT INTO board_post(category_id,member_id,title,content,thumbnail_url,view_count,like_count,comment_count,created_at,updated_at,deleted_yn) VALUES(2,15,'테스트 게시글 015번 제목','테스트 게시글 015번의 본문 내용입니다. 더미 데이터입니다.','https://example.com/board/thumb_015.jpg',0,0,0,SYSDATE-50,NULL,'N');
INSERT INTO board_post(category_id,member_id,title,content,thumbnail_url,view_count,like_count,comment_count,created_at,updated_at,deleted_yn) VALUES(2,16,'테스트 게시글 016번 제목','테스트 게시글 016번의 본문 내용입니다. 더미 데이터입니다.','https://example.com/board/thumb_016.jpg',0,0,0,SYSDATE-50,NULL,'N');
INSERT INTO board_post(category_id,member_id,title,content,thumbnail_url,view_count,like_count,comment_count,created_at,updated_at,deleted_yn) VALUES(2,17,'테스트 게시글 017번 제목','테스트 게시글 017번의 본문 내용입니다. 더미 데이터입니다.','https://example.com/board/thumb_017.jpg',0,0,0,SYSDATE-50,NULL,'N');
INSERT INTO board_post(category_id,member_id,title,content,thumbnail_url,view_count,like_count,comment_count,created_at,updated_at,deleted_yn) VALUES(2,18,'테스트 게시글 018번 제목','테스트 게시글 018번의 본문 내용입니다. 더미 데이터입니다.','https://example.com/board/thumb_018.jpg',0,0,0,SYSDATE-50,NULL,'N');
INSERT INTO board_post(category_id,member_id,title,content,thumbnail_url,view_count,like_count,comment_count,created_at,updated_at,deleted_yn) VALUES(2,19,'테스트 게시글 019번 제목','테스트 게시글 019번의 본문 내용입니다. 더미 데이터입니다.','https://example.com/board/thumb_019.jpg',0,0,0,SYSDATE-50,NULL,'N');
INSERT INTO board_post(category_id,member_id,title,content,thumbnail_url,view_count,like_count,comment_count,created_at,updated_at,deleted_yn) VALUES(2,20,'테스트 게시글 020번 제목','테스트 게시글 020번의 본문 내용입니다. 더미 데이터입니다.','https://example.com/board/thumb_020.jpg',0,0,0,SYSDATE-50,NULL,'N');

INSERT INTO board_post(category_id,member_id,title,content,thumbnail_url,view_count,like_count,comment_count,created_at,updated_at,deleted_yn) VALUES(3,21,'테스트 게시글 021번 제목','테스트 게시글 021번의 본문 내용입니다. 더미 데이터입니다.','https://example.com/board/thumb_021.jpg',0,0,0,SYSDATE-50,NULL,'N');
INSERT INTO board_post(category_id,member_id,title,content,thumbnail_url,view_count,like_count,comment_count,created_at,updated_at,deleted_yn) VALUES(3,22,'테스트 게시글 022번 제목','테스트 게시글 022번의 본문 내용입니다. 더미 데이터입니다.','https://example.com/board/thumb_022.jpg',0,0,0,SYSDATE-50,NULL,'N');
INSERT INTO board_post(category_id,member_id,title,content,thumbnail_url,view_count,like_count,comment_count,created_at,updated_at,deleted_yn) VALUES(3,23,'테스트 게시글 023번 제목','테스트 게시글 023번의 본문 내용입니다. 더미 데이터입니다.','https://example.com/board/thumb_023.jpg',0,0,0,SYSDATE-50,NULL,'N');
INSERT INTO board_post(category_id,member_id,title,content,thumbnail_url,view_count,like_count,comment_count,created_at,updated_at,deleted_yn) VALUES(3,24,'테스트 게시글 024번 제목','테스트 게시글 024번의 본문 내용입니다. 더미 데이터입니다.','https://example.com/board/thumb_024.jpg',0,0,0,SYSDATE-50,NULL,'N');
INSERT INTO board_post(category_id,member_id,title,content,thumbnail_url,view_count,like_count,comment_count,created_at,updated_at,deleted_yn) VALUES(3,25,'테스트 게시글 025번 제목','테스트 게시글 025번의 본문 내용입니다. 더미 데이터입니다.','https://example.com/board/thumb_025.jpg',0,0,0,SYSDATE-50,NULL,'N');
INSERT INTO board_post(category_id,member_id,title,content,thumbnail_url,view_count,like_count,comment_count,created_at,updated_at,deleted_yn) VALUES(3,26,'테스트 게시글 026번 제목','테스트 게시글 026번의 본문 내용입니다. 더미 데이터입니다.','https://example.com/board/thumb_026.jpg',0,0,0,SYSDATE-50,NULL,'N');
INSERT INTO board_post(category_id,member_id,title,content,thumbnail_url,view_count,like_count,comment_count,created_at,updated_at,deleted_yn) VALUES(3,27,'테스트 게시글 027번 제목','테스트 게시글 027번의 본문 내용입니다. 더미 데이터입니다.','https://example.com/board/thumb_027.jpg',0,0,0,SYSDATE-50,NULL,'N');
INSERT INTO board_post(category_id,member_id,title,content,thumbnail_url,view_count,like_count,comment_count,created_at,updated_at,deleted_yn) VALUES(3,28,'테스트 게시글 028번 제목','테스트 게시글 028번의 본문 내용입니다. 더미 데이터입니다.','https://example.com/board/thumb_028.jpg',0,0,0,SYSDATE-50,NULL,'N');
INSERT INTO board_post(category_id,member_id,title,content,thumbnail_url,view_count,like_count,comment_count,created_at,updated_at,deleted_yn) VALUES(3,29,'테스트 게시글 029번 제목','테스트 게시글 029번의 본문 내용입니다. 더미 데이터입니다.','https://example.com/board/thumb_029.jpg',0,0,0,SYSDATE-50,NULL,'N');
INSERT INTO board_post(category_id,member_id,title,content,thumbnail_url,view_count,like_count,comment_count,created_at,updated_at,deleted_yn) VALUES(3,30,'테스트 게시글 030번 제목','테스트 게시글 030번의 본문 내용입니다. 더미 데이터입니다.','https://example.com/board/thumb_030.jpg',0,0,0,SYSDATE-50,NULL,'N');
INSERT INTO board_post(category_id,member_id,title,content,thumbnail_url,view_count,like_count,comment_count,created_at,updated_at,deleted_yn) VALUES(3,31,'테스트 게시글 031번 제목','테스트 게시글 031번의 본문 내용입니다. 더미 데이터입니다.','https://example.com/board/thumb_031.jpg',0,0,0,SYSDATE-50,NULL,'N');
INSERT INTO board_post(category_id,member_id,title,content,thumbnail_url,view_count,like_count,comment_count,created_at,updated_at,deleted_yn) VALUES(3,32,'테스트 게시글 032번 제목','테스트 게시글 032번의 본문 내용입니다. 더미 데이터입니다.','https://example.com/board/thumb_032.jpg',0,0,0,SYSDATE-50,NULL,'N');
INSERT INTO board_post(category_id,member_id,title,content,thumbnail_url,view_count,like_count,comment_count,created_at,updated_at,deleted_yn) VALUES(3,33,'테스트 게시글 033번 제목','테스트 게시글 033번의 본문 내용입니다. 더미 데이터입니다.','https://example.com/board/thumb_033.jpg',0,0,0,SYSDATE-50,NULL,'N');
INSERT INTO board_post(category_id,member_id,title,content,thumbnail_url,view_count,like_count,comment_count,created_at,updated_at,deleted_yn) VALUES(3,34,'테스트 게시글 034번 제목','테스트 게시글 034번의 본문 내용입니다. 더미 데이터입니다.','https://example.com/board/thumb_034.jpg',0,0,0,SYSDATE-50,NULL,'N');
INSERT INTO board_post(category_id,member_id,title,content,thumbnail_url,view_count,like_count,comment_count,created_at,updated_at,deleted_yn) VALUES(3,35,'테스트 게시글 035번 제목','테스트 게시글 035번의 본문 내용입니다. 더미 데이터입니다.','https://example.com/board/thumb_035.jpg',0,0,0,SYSDATE-50,NULL,'N');
INSERT INTO board_post(category_id,member_id,title,content,thumbnail_url,view_count,like_count,comment_count,created_at,updated_at,deleted_yn) VALUES(3,36,'테스트 게시글 036번 제목','테스트 게시글 036번의 본문 내용입니다. 더미 데이터입니다.','https://example.com/board/thumb_036.jpg',0,0,0,SYSDATE-50,NULL,'N');
INSERT INTO board_post(category_id,member_id,title,content,thumbnail_url,view_count,like_count,comment_count,created_at,updated_at,deleted_yn) VALUES(3,37,'테스트 게시글 037번 제목','테스트 게시글 037번의 본문 내용입니다. 더미 데이터입니다.','https://example.com/board/thumb_037.jpg',0,0,0,SYSDATE-50,NULL,'N');
INSERT INTO board_post(category_id,member_id,title,content,thumbnail_url,view_count,like_count,comment_count,created_at,updated_at,deleted_yn) VALUES(3,38,'테스트 게시글 038번 제목','테스트 게시글 038번의 본문 내용입니다. 더미 데이터입니다.','https://example.com/board/thumb_038.jpg',0,0,0,SYSDATE-50,NULL,'N');
INSERT INTO board_post(category_id,member_id,title,content,thumbnail_url,view_count,like_count,comment_count,created_at,updated_at,deleted_yn) VALUES(3,39,'테스트 게시글 039번 제목','테스트 게시글 039번의 본문 내용입니다. 더미 데이터입니다.','https://example.com/board/thumb_039.jpg',0,0,0,SYSDATE-50,NULL,'N');
INSERT INTO board_post(category_id,member_id,title,content,thumbnail_url,view_count,like_count,comment_count,created_at,updated_at,deleted_yn) VALUES(3,40,'테스트 게시글 040번 제목','테스트 게시글 040번의 본문 내용입니다. 더미 데이터입니다.','https://example.com/board/thumb_040.jpg',0,0,0,SYSDATE-50,NULL,'N');

INSERT INTO board_post(category_id,member_id,title,content,thumbnail_url,view_count,like_count,comment_count,created_at,updated_at,deleted_yn) VALUES(1,41,'테스트 게시글 041번 제목','테스트 게시글 041번의 본문 내용입니다. 더미 데이터입니다.','https://example.com/board/thumb_041.jpg',0,0,0,SYSDATE-50,NULL,'N');
INSERT INTO board_post(category_id,member_id,title,content,thumbnail_url,view_count,like_count,comment_count,created_at,updated_at,deleted_yn) VALUES(1,42,'테스트 게시글 042번 제목','테스트 게시글 042번의 본문 내용입니다. 더미 데이터입니다.','https://example.com/board/thumb_042.jpg',0,0,0,SYSDATE-50,NULL,'N');
INSERT INTO board_post(category_id,member_id,title,content,thumbnail_url,view_count,like_count,comment_count,created_at,updated_at,deleted_yn) VALUES(1,43,'테스트 게시글 043번 제목','테스트 게시글 043번의 본문 내용입니다. 더미 데이터입니다.','https://example.com/board/thumb_043.jpg',0,0,0,SYSDATE-50,NULL,'N');
INSERT INTO board_post(category_id,member_id,title,content,thumbnail_url,view_count,like_count,comment_count,created_at,updated_at,deleted_yn) VALUES(1,44,'테스트 게시글 044번 제목','테스트 게시글 044번의 본문 내용입니다. 더미 데이터입니다.','https://example.com/board/thumb_044.jpg',0,0,0,SYSDATE-50,NULL,'N');
INSERT INTO board_post(category_id,member_id,title,content,thumbnail_url,view_count,like_count,comment_count,created_at,updated_at,deleted_yn) VALUES(1,45,'테스트 게시글 045번 제목','테스트 게시글 045번의 본문 내용입니다. 더미 데이터입니다.','https://example.com/board/thumb_045.jpg',0,0,0,SYSDATE-50,NULL,'N');
INSERT INTO board_post(category_id,member_id,title,content,thumbnail_url,view_count,like_count,comment_count,created_at,updated_at,deleted_yn) VALUES(1,46,'테스트 게시글 046번 제목','테스트 게시글 046번의 본문 내용입니다. 더미 데이터입니다.','https://example.com/board/thumb_046.jpg',0,0,0,SYSDATE-50,NULL,'N');
INSERT INTO board_post(category_id,member_id,title,content,thumbnail_url,view_count,like_count,comment_count,created_at,updated_at,deleted_yn) VALUES(1,47,'테스트 게시글 047번 제목','테스트 게시글 047번의 본문 내용입니다. 더미 데이터입니다.','https://example.com/board/thumb_047.jpg',0,0,0,SYSDATE-50,NULL,'N');
INSERT INTO board_post(category_id,member_id,title,content,thumbnail_url,view_count,like_count,comment_count,created_at,updated_at,deleted_yn) VALUES(1,48,'테스트 게시글 048번 제목','테스트 게시글 048번의 본문 내용입니다. 더미 데이터입니다.','https://example.com/board/thumb_048.jpg',0,0,0,SYSDATE-50,NULL,'N');
INSERT INTO board_post(category_id,member_id,title,content,thumbnail_url,view_count,like_count,comment_count,created_at,updated_at,deleted_yn) VALUES(1,49,'테스트 게시글 049번 제목','테스트 게시글 049번의 본문 내용입니다. 더미 데이터입니다.','https://example.com/board/thumb_049.jpg',0,0,0,SYSDATE-50,NULL,'N');
INSERT INTO board_post(category_id,member_id,title,content,thumbnail_url,view_count,like_count,comment_count,created_at,updated_at,deleted_yn) VALUES(1,50,'테스트 게시글 050번 제목','테스트 게시글 050번의 본문 내용입니다. 더미 데이터입니다.','https://example.com/board/thumb_050.jpg',0,0,0,SYSDATE-50,NULL,'N');

INSERT INTO board_post(category_id,member_id,title,content,thumbnail_url,view_count,like_count,comment_count,created_at,updated_at,deleted_yn) VALUES(1,51,'테스트 게시글 051번 제목','테스트 게시글 051번의 본문 내용입니다. 더미 데이터입니다.','https://example.com/board/thumb_051.jpg',0,0,0,SYSDATE-50,NULL,'N');
INSERT INTO board_post(category_id,member_id,title,content,thumbnail_url,view_count,like_count,comment_count,created_at,updated_at,deleted_yn) VALUES(1,52,'테스트 게시글 052번 제목','테스트 게시글 052번의 본문 내용입니다. 더미 데이터입니다.','https://example.com/board/thumb_052.jpg',0,0,0,SYSDATE-50,NULL,'N');
INSERT INTO board_post(category_id,member_id,title,content,thumbnail_url,view_count,like_count,comment_count,created_at,updated_at,deleted_yn) VALUES(1,53,'테스트 게시글 053번 제목','테스트 게시글 053번의 본문 내용입니다. 더미 데이터입니다.','https://example.com/board/thumb_053.jpg',0,0,0,SYSDATE-50,NULL,'N');
INSERT INTO board_post(category_id,member_id,title,content,thumbnail_url,view_count,like_count,comment_count,created_at,updated_at,deleted_yn) VALUES(1,54,'테스트 게시글 054번 제목','테스트 게시글 054번의 본문 내용입니다. 더미 데이터입니다.','https://example.com/board/thumb_054.jpg',0,0,0,SYSDATE-50,NULL,'N');
INSERT INTO board_post(category_id,member_id,title,content,thumbnail_url,view_count,like_count,comment_count,created_at,updated_at,deleted_yn) VALUES(1,55,'테스트 게시글 055번 제목','테스트 게시글 055번의 본문 내용입니다. 더미 데이터입니다.','https://example.com/board/thumb_055.jpg',0,0,0,SYSDATE-50,NULL,'N');
INSERT INTO board_post(category_id,member_id,title,content,thumbnail_url,view_count,like_count,comment_count,created_at,updated_at,deleted_yn) VALUES(1,56,'테스트 게시글 056번 제목','테스트 게시글 056번의 본문 내용입니다. 더미 데이터입니다.','https://example.com/board/thumb_056.jpg',0,0,0,SYSDATE-50,NULL,'N');
INSERT INTO board_post(category_id,member_id,title,content,thumbnail_url,view_count,like_count,comment_count,created_at,updated_at,deleted_yn) VALUES(1,57,'테스트 게시글 057번 제목','테스트 게시글 057번의 본문 내용입니다. 더미 데이터입니다.','https://example.com/board/thumb_057.jpg',0,0,0,SYSDATE-50,NULL,'N');
INSERT INTO board_post(category_id,member_id,title,content,thumbnail_url,view_count,like_count,comment_count,created_at,updated_at,deleted_yn) VALUES(1,58,'테스트 게시글 058번 제목','테스트 게시글 058번의 본문 내용입니다. 더미 데이터입니다.','https://example.com/board/thumb_058.jpg',0,0,0,SYSDATE-50,NULL,'N');
INSERT INTO board_post(category_id,member_id,title,content,thumbnail_url,view_count,like_count,comment_count,created_at,updated_at,deleted_yn) VALUES(1,59,'테스트 게시글 059번 제목','테스트 게시글 059번의 본문 내용입니다. 더미 데이터입니다.','https://example.com/board/thumb_059.jpg',0,0,0,SYSDATE-50,NULL,'N');
INSERT INTO board_post(category_id,member_id,title,content,thumbnail_url,view_count,like_count,comment_count,created_at,updated_at,deleted_yn) VALUES(1,60,'테스트 게시글 060번 제목','테스트 게시글 060번의 본문 내용입니다. 더미 데이터입니다.','https://example.com/board/thumb_060.jpg',0,0,0,SYSDATE-50,NULL,'N');

INSERT INTO board_post(category_id,member_id,title,content,thumbnail_url,view_count,like_count,comment_count,created_at,updated_at,deleted_yn) VALUES(1,61,'테스트 게시글 061번 제목','테스트 게시글 061번의 본문 내용입니다. 더미 데이터입니다.','https://example.com/board/thumb_061.jpg',0,0,0,SYSDATE-50,NULL,'N');
INSERT INTO board_post(category_id,member_id,title,content,thumbnail_url,view_count,like_count,comment_count,created_at,updated_at,deleted_yn) VALUES(1,62,'테스트 게시글 062번 제목','테스트 게시글 062번의 본문 내용입니다. 더미 데이터입니다.','https://example.com/board/thumb_062.jpg',0,0,0,SYSDATE-50,NULL,'N');
INSERT INTO board_post(category_id,member_id,title,content,thumbnail_url,view_count,like_count,comment_count,created_at,updated_at,deleted_yn) VALUES(1,63,'테스트 게시글 063번 제목','테스트 게시글 063번의 본문 내용입니다. 더미 데이터입니다.','https://example.com/board/thumb_063.jpg',0,0,0,SYSDATE-50,NULL,'N');
INSERT INTO board_post(category_id,member_id,title,content,thumbnail_url,view_count,like_count,comment_count,created_at,updated_at,deleted_yn) VALUES(1,64,'테스트 게시글 064번 제목','테스트 게시글 064번의 본문 내용입니다. 더미 데이터입니다.','https://example.com/board/thumb_064.jpg',0,0,0,SYSDATE-50,NULL,'N');
INSERT INTO board_post(category_id,member_id,title,content,thumbnail_url,view_count,like_count,comment_count,created_at,updated_at,deleted_yn) VALUES(1,65,'테스트 게시글 065번 제목','테스트 게시글 065번의 본문 내용입니다. 더미 데이터입니다.','https://example.com/board/thumb_065.jpg',0,0,0,SYSDATE-50,NULL,'N');
INSERT INTO board_post(category_id,member_id,title,content,thumbnail_url,view_count,like_count,comment_count,created_at,updated_at,deleted_yn) VALUES(1,66,'테스트 게시글 066번 제목','테스트 게시글 066번의 본문 내용입니다. 더미 데이터입니다.','https://example.com/board/thumb_066.jpg',0,0,0,SYSDATE-50,NULL,'N');
INSERT INTO board_post(category_id,member_id,title,content,thumbnail_url,view_count,like_count,comment_count,created_at,updated_at,deleted_yn) VALUES(1,67,'테스트 게시글 067번 제목','테스트 게시글 067번의 본문 내용입니다. 더미 데이터입니다.','https://example.com/board/thumb_067.jpg',0,0,0,SYSDATE-50,NULL,'N');
INSERT INTO board_post(category_id,member_id,title,content,thumbnail_url,view_count,like_count,comment_count,created_at,updated_at,deleted_yn) VALUES(1,68,'테스트 게시글 068번 제목','테스트 게시글 068번의 본문 내용입니다. 더미 데이터입니다.','https://example.com/board/thumb_068.jpg',0,0,0,SYSDATE-50,NULL,'N');
INSERT INTO board_post(category_id,member_id,title,content,thumbnail_url,view_count,like_count,comment_count,created_at,updated_at,deleted_yn) VALUES(1,69,'테스트 게시글 069번 제목','테스트 게시글 069번의 본문 내용입니다. 더미 데이터입니다.','https://example.com/board/thumb_069.jpg',0,0,0,SYSDATE-50,NULL,'N');
INSERT INTO board_post(category_id,member_id,title,content,thumbnail_url,view_count,like_count,comment_count,created_at,updated_at,deleted_yn) VALUES(1,70,'테스트 게시글 070번 제목','테스트 게시글 070번의 본문 내용입니다. 더미 데이터입니다.','https://example.com/board/thumb_070.jpg',0,0,0,SYSDATE-50,NULL,'N');

INSERT INTO board_post(category_id,member_id,title,content,thumbnail_url,view_count,like_count,comment_count,created_at,updated_at,deleted_yn) VALUES(1,71,'테스트 게시글 071번 제목','테스트 게시글 071번의 본문 내용입니다. 더미 데이터입니다.','https://example.com/board/thumb_071.jpg',0,0,0,SYSDATE-50,NULL,'N');
INSERT INTO board_post(category_id,member_id,title,content,thumbnail_url,view_count,like_count,comment_count,created_at,updated_at,deleted_yn) VALUES(1,72,'테스트 게시글 072번 제목','테스트 게시글 072번의 본문 내용입니다. 더미 데이터입니다.','https://example.com/board/thumb_072.jpg',0,0,0,SYSDATE-50,NULL,'N');
INSERT INTO board_post(category_id,member_id,title,content,thumbnail_url,view_count,like_count,comment_count,created_at,updated_at,deleted_yn) VALUES(1,73,'테스트 게시글 073번 제목','테스트 게시글 073번의 본문 내용입니다. 더미 데이터입니다.','https://example.com/board/thumb_073.jpg',0,0,0,SYSDATE-50,NULL,'N');
INSERT INTO board_post(category_id,member_id,title,content,thumbnail_url,view_count,like_count,comment_count,created_at,updated_at,deleted_yn) VALUES(1,74,'테스트 게시글 074번 제목','테스트 게시글 074번의 본문 내용입니다. 더미 데이터입니다.','https://example.com/board/thumb_074.jpg',0,0,0,SYSDATE-50,NULL,'N');
INSERT INTO board_post(category_id,member_id,title,content,thumbnail_url,view_count,like_count,comment_count,created_at,updated_at,deleted_yn) VALUES(1,75,'테스트 게시글 075번 제목','테스트 게시글 075번의 본문 내용입니다. 더미 데이터입니다.','https://example.com/board/thumb_075.jpg',0,0,0,SYSDATE-50,NULL,'N');
INSERT INTO board_post(category_id,member_id,title,content,thumbnail_url,view_count,like_count,comment_count,created_at,updated_at,deleted_yn) VALUES(1,76,'테스트 게시글 076번 제목','테스트 게시글 076번의 본문 내용입니다. 더미 데이터입니다.','https://example.com/board/thumb_076.jpg',0,0,0,SYSDATE-50,NULL,'N');
INSERT INTO board_post(category_id,member_id,title,content,thumbnail_url,view_count,like_count,comment_count,created_at,updated_at,deleted_yn) VALUES(1,77,'테스트 게시글 077번 제목','테스트 게시글 077번의 본문 내용입니다. 더미 데이터입니다.','https://example.com/board/thumb_077.jpg',0,0,0,SYSDATE-50,NULL,'N');
INSERT INTO board_post(category_id,member_id,title,content,thumbnail_url,view_count,like_count,comment_count,created_at,updated_at,deleted_yn) VALUES(1,78,'테스트 게시글 078번 제목','테스트 게시글 078번의 본문 내용입니다. 더미 데이터입니다.','https://example.com/board/thumb_078.jpg',0,0,0,SYSDATE-50,NULL,'N');
INSERT INTO board_post(category_id,member_id,title,content,thumbnail_url,view_count,like_count,comment_count,created_at,updated_at,deleted_yn) VALUES(1,79,'테스트 게시글 079번 제목','테스트 게시글 079번의 본문 내용입니다. 더미 데이터입니다.','https://example.com/board/thumb_079.jpg',0,0,0,SYSDATE-50,NULL,'N');
INSERT INTO board_post(category_id,member_id,title,content,thumbnail_url,view_count,like_count,comment_count,created_at,updated_at,deleted_yn) VALUES(1,80,'테스트 게시글 080번 제목','테스트 게시글 080번의 본문 내용입니다. 더미 데이터입니다.','https://example.com/board/thumb_080.jpg',0,0,0,SYSDATE-50,NULL,'N');

INSERT INTO board_post(category_id,member_id,title,content,thumbnail_url,view_count,like_count,comment_count,created_at,updated_at,deleted_yn) VALUES(1,81,'테스트 게시글 081번 제목','테스트 게시글 081번의 본문 내용입니다. 더미 데이터입니다.','https://example.com/board/thumb_081.jpg',0,0,0,SYSDATE-50,NULL,'N');
INSERT INTO board_post(category_id,member_id,title,content,thumbnail_url,view_count,like_count,comment_count,created_at,updated_at,deleted_yn) VALUES(1,82,'테스트 게시글 082번 제목','테스트 게시글 082번의 본문 내용입니다. 더미 데이터입니다.','https://example.com/board/thumb_082.jpg',0,0,0,SYSDATE-50,NULL,'N');
INSERT INTO board_post(category_id,member_id,title,content,thumbnail_url,view_count,like_count,comment_count,created_at,updated_at,deleted_yn) VALUES(1,83,'테스트 게시글 083번 제목','테스트 게시글 083번의 본문 내용입니다. 더미 데이터입니다.','https://example.com/board/thumb_083.jpg',0,0,0,SYSDATE-50,NULL,'N');
INSERT INTO board_post(category_id,member_id,title,content,thumbnail_url,view_count,like_count,comment_count,created_at,updated_at,deleted_yn) VALUES(1,84,'테스트 게시글 084번 제목','테스트 게시글 084번의 본문 내용입니다. 더미 데이터입니다.','https://example.com/board/thumb_084.jpg',0,0,0,SYSDATE-50,NULL,'N');
INSERT INTO board_post(category_id,member_id,title,content,thumbnail_url,view_count,like_count,comment_count,created_at,updated_at,deleted_yn) VALUES(1,85,'테스트 게시글 085번 제목','테스트 게시글 085번의 본문 내용입니다. 더미 데이터입니다.','https://example.com/board/thumb_085.jpg',0,0,0,SYSDATE-50,NULL,'N');
INSERT INTO board_post(category_id,member_id,title,content,thumbnail_url,view_count,like_count,comment_count,created_at,updated_at,deleted_yn) VALUES(1,86,'테스트 게시글 086번 제목','테스트 게시글 086번의 본문 내용입니다. 더미 데이터입니다.','https://example.com/board/thumb_086.jpg',0,0,0,SYSDATE-50,NULL,'N');
INSERT INTO board_post(category_id,member_id,title,content,thumbnail_url,view_count,like_count,comment_count,created_at,updated_at,deleted_yn) VALUES(1,87,'테스트 게시글 087번 제목','테스트 게시글 087번의 본문 내용입니다. 더미 데이터입니다.','https://example.com/board/thumb_087.jpg',0,0,0,SYSDATE-50,NULL,'N');
INSERT INTO board_post(category_id,member_id,title,content,thumbnail_url,view_count,like_count,comment_count,created_at,updated_at,deleted_yn) VALUES(1,88,'테스트 게시글 088번 제목','테스트 게시글 088번의 본문 내용입니다. 더미 데이터입니다.','https://example.com/board/thumb_088.jpg',0,0,0,SYSDATE-50,NULL,'N');
INSERT INTO board_post(category_id,member_id,title,content,thumbnail_url,view_count,like_count,comment_count,created_at,updated_at,deleted_yn) VALUES(1,89,'테스트 게시글 089번 제목','테스트 게시글 089번의 본문 내용입니다. 더미 데이터입니다.','https://example.com/board/thumb_089.jpg',0,0,0,SYSDATE-50,NULL,'N');
INSERT INTO board_post(category_id,member_id,title,content,thumbnail_url,view_count,like_count,comment_count,created_at,updated_at,deleted_yn) VALUES(1,90,'테스트 게시글 090번 제목','테스트 게시글 090번의 본문 내용입니다. 더미 데이터입니다.','https://example.com/board/thumb_090.jpg',0,0,0,SYSDATE-50,NULL,'N');

INSERT INTO board_post(category_id,member_id,title,content,thumbnail_url,view_count,like_count,comment_count,created_at,updated_at,deleted_yn) VALUES(1,91,'테스트 게시글 091번 제목','테스트 게시글 091번의 본문 내용입니다. 더미 데이터입니다.','https://example.com/board/thumb_091.jpg',0,0,0,SYSDATE-50,NULL,'N');
INSERT INTO board_post(category_id,member_id,title,content,thumbnail_url,view_count,like_count,comment_count,created_at,updated_at,deleted_yn) VALUES(1,92,'테스트 게시글 092번 제목','테스트 게시글 092번의 본문 내용입니다. 더미 데이터입니다.','https://example.com/board/thumb_092.jpg',0,0,0,SYSDATE-50,NULL,'N');
INSERT INTO board_post(category_id,member_id,title,content,thumbnail_url,view_count,like_count,comment_count,created_at,updated_at,deleted_yn) VALUES(1,93,'테스트 게시글 093번 제목','테스트 게시글 093번의 본문 내용입니다. 더미 데이터입니다.','https://example.com/board/thumb_093.jpg',0,0,0,SYSDATE-50,NULL,'N');
INSERT INTO board_post(category_id,member_id,title,content,thumbnail_url,view_count,like_count,comment_count,created_at,updated_at,deleted_yn) VALUES(1,94,'테스트 게시글 094번 제목','테스트 게시글 094번의 본문 내용입니다. 더미 데이터입니다.','https://example.com/board/thumb_094.jpg',0,0,0,SYSDATE-50,NULL,'N');
INSERT INTO board_post(category_id,member_id,title,content,thumbnail_url,view_count,like_count,comment_count,created_at,updated_at,deleted_yn) VALUES(1,95,'테스트 게시글 095번 제목','테스트 게시글 095번의 본문 내용입니다. 더미 데이터입니다.','https://example.com/board/thumb_095.jpg',0,0,0,SYSDATE-50,NULL,'N');
INSERT INTO board_post(category_id,member_id,title,content,thumbnail_url,view_count,like_count,comment_count,created_at,updated_at,deleted_yn) VALUES(1,96,'테스트 게시글 096번 제목','테스트 게시글 096번의 본문 내용입니다. 더미 데이터입니다.','https://example.com/board/thumb_096.jpg',0,0,0,SYSDATE-50,NULL,'N');
INSERT INTO board_post(category_id,member_id,title,content,thumbnail_url,view_count,like_count,comment_count,created_at,updated_at,deleted_yn) VALUES(1,97,'테스트 게시글 097번 제목','테스트 게시글 097번의 본문 내용입니다. 더미 데이터입니다.','https://example.com/board/thumb_097.jpg',0,0,0,SYSDATE-50,NULL,'N');
INSERT INTO board_post(category_id,member_id,title,content,thumbnail_url,view_count,like_count,comment_count,created_at,updated_at,deleted_yn) VALUES(1,98,'테스트 게시글 098번 제목','테스트 게시글 098번의 본문 내용입니다. 더미 데이터입니다.','https://example.com/board/thumb_098.jpg',0,0,0,SYSDATE-50,NULL,'N');
INSERT INTO board_post(category_id,member_id,title,content,thumbnail_url,view_count,like_count,comment_count,created_at,updated_at,deleted_yn) VALUES(1,99,'테스트 게시글 099번 제목','테스트 게시글 099번의 본문 내용입니다. 더미 데이터입니다.','https://example.com/board/thumb_099.jpg',0,0,0,SYSDATE-50,NULL,'N');
INSERT INTO board_post(category_id,member_id,title,content,thumbnail_url,view_count,like_count,comment_count,created_at,updated_at,deleted_yn) VALUES(1,100,'테스트 게시글 100번 제목','테스트 게시글 100번의 본문 내용입니다. 더미 데이터입니다.','https://example.com/board/thumb_100.jpg',0,0,0,SYSDATE-50,NULL,'N');
commit;


INSERT INTO board_bookmark (member_id, post_id, created_at)
VALUES (1, 1, SYSDATE - 30);

INSERT INTO board_bookmark (member_id, post_id, created_at)
VALUES (1, 2, SYSDATE - 29);

INSERT INTO board_bookmark (member_id, post_id, created_at)
VALUES (1, 3, SYSDATE - 28);

INSERT INTO board_bookmark (member_id, post_id, created_at)
VALUES (2, 1, SYSDATE - 27);

INSERT INTO board_bookmark (member_id, post_id, created_at)
VALUES (2, 2, SYSDATE - 26);

INSERT INTO board_bookmark (member_id, post_id, created_at)
VALUES (2, 4, SYSDATE - 25);

INSERT INTO board_bookmark (member_id, post_id, created_at)
VALUES (3, 1, SYSDATE - 24);

INSERT INTO board_bookmark (member_id, post_id, created_at)
VALUES (3, 3, SYSDATE - 23);

INSERT INTO board_bookmark (member_id, post_id, created_at)
VALUES (3, 5, SYSDATE - 22);

INSERT INTO board_bookmark (member_id, post_id, created_at)
VALUES (4, 2, SYSDATE - 21);

INSERT INTO board_bookmark (member_id, post_id, created_at)
VALUES (4, 3, SYSDATE - 20);

INSERT INTO board_bookmark (member_id, post_id, created_at)
VALUES (4, 4, SYSDATE - 19);

INSERT INTO board_bookmark (member_id, post_id, created_at)
VALUES (5, 1, SYSDATE - 18);

INSERT INTO board_bookmark (member_id, post_id, created_at)
VALUES (5, 2, SYSDATE - 17);

INSERT INTO board_bookmark (member_id, post_id, created_at)
VALUES (5, 5, SYSDATE - 16);

INSERT INTO board_bookmark (member_id, post_id, created_at)
VALUES (6, 3, SYSDATE - 15);

INSERT INTO board_bookmark (member_id, post_id, created_at)
VALUES (6, 4, SYSDATE - 14);

INSERT INTO board_bookmark (member_id, post_id, created_at)
VALUES (6, 6, SYSDATE - 13);

INSERT INTO board_bookmark (member_id, post_id, created_at)
VALUES (7, 2, SYSDATE - 12);

INSERT INTO board_bookmark (member_id, post_id, created_at)
VALUES (7, 5, SYSDATE - 11);

INSERT INTO board_bookmark (member_id, post_id, created_at)
VALUES (7, 7, SYSDATE - 10);

INSERT INTO board_bookmark (member_id, post_id, created_at)
VALUES (8, 4, SYSDATE - 9);

INSERT INTO board_bookmark (member_id, post_id, created_at)
VALUES (8, 6, SYSDATE - 8);

INSERT INTO board_bookmark (member_id, post_id, created_at)
VALUES (8, 8, SYSDATE - 7);

INSERT INTO board_bookmark (member_id, post_id, created_at)
VALUES (9, 5, SYSDATE - 6);

INSERT INTO board_bookmark (member_id, post_id, created_at)
VALUES (9, 7, SYSDATE - 5);

INSERT INTO board_bookmark (member_id, post_id, created_at)
VALUES (9, 9, SYSDATE - 4);

INSERT INTO board_bookmark (member_id, post_id, created_at)
VALUES (10, 6, SYSDATE - 3);

INSERT INTO board_bookmark (member_id, post_id, created_at)
VALUES (10, 8, SYSDATE - 2);

INSERT INTO board_bookmark (member_id, post_id, created_at)
VALUES (10, 10, SYSDATE - 1);
commit;
INSERT INTO board_comment (
    post_id, member_id, parent_comment_id,
    content, like_count, created_at, updated_at, deleted_yn
) VALUES (
             1, 1, NULL,
             '테스트 댓글 001번 내용입니다.', 0, SYSDATE, NULL, 'N'
         );

INSERT INTO board_comment (
    post_id, member_id, parent_comment_id,
    content, like_count, created_at, updated_at, deleted_yn
) VALUES (
             2, 2, NULL,
             '테스트 댓글 002번 내용입니다.', 0, SYSDATE, NULL, 'N'
         );

INSERT INTO board_comment (
    post_id, member_id, parent_comment_id,
    content, like_count, created_at, updated_at, deleted_yn
) VALUES (
             3, 3, NULL,
             '테스트 댓글 003번 내용입니다.', 0, SYSDATE, NULL, 'N'
         );

INSERT INTO board_comment (
    post_id, member_id, parent_comment_id,
    content, like_count, created_at, updated_at, deleted_yn
) VALUES (
             4, 4, NULL,
             '테스트 댓글 004번 내용입니다.', 0, SYSDATE, NULL, 'N'
         );

INSERT INTO board_comment (
    post_id, member_id, parent_comment_id,
    content, like_count, created_at, updated_at, deleted_yn
) VALUES (
             5, 5, NULL,
             '테스트 댓글 005번 내용입니다.', 0, SYSDATE, NULL, 'N'
         );

INSERT INTO board_comment (
    post_id, member_id, parent_comment_id,
    content, like_count, created_at, updated_at, deleted_yn
) VALUES (
             6, 1, NULL,
             '테스트 댓글 006번 내용입니다.', 0, SYSDATE, NULL, 'N'
         );

INSERT INTO board_comment (
    post_id, member_id, parent_comment_id,
    content, like_count, created_at, updated_at, deleted_yn
) VALUES (
             7, 2, NULL,
             '테스트 댓글 007번 내용입니다.', 0, SYSDATE, NULL, 'N'
         );

INSERT INTO board_comment (
    post_id, member_id, parent_comment_id,
    content, like_count, created_at, updated_at, deleted_yn
) VALUES (
             8, 3, NULL,
             '테스트 댓글 008번 내용입니다.', 0, SYSDATE, NULL, 'N'
         );

INSERT INTO board_comment (
    post_id, member_id, parent_comment_id,
    content, like_count, created_at, updated_at, deleted_yn
) VALUES (
             9, 4, NULL,
             '테스트 댓글 009번 내용입니다.', 0, SYSDATE, NULL, 'N'
         );

INSERT INTO board_comment (
    post_id, member_id, parent_comment_id,
    content, like_count, created_at, updated_at, deleted_yn
) VALUES (
             10, 5, NULL,
             '테스트 댓글 010번 내용입니다.', 0, SYSDATE, NULL, 'N'
         );

-- 11 ~ 20
INSERT INTO board_comment (
    post_id, member_id, parent_comment_id,
    content, like_count, created_at, updated_at, deleted_yn
) VALUES (
             1, 1, NULL,
             '테스트 댓글 011번 내용입니다.', 0, SYSDATE, NULL, 'N'
         );

INSERT INTO board_comment (
    post_id, member_id, parent_comment_id,
    content, like_count, created_at, updated_at, deleted_yn
) VALUES (
             2, 2, NULL,
             '테스트 댓글 012번 내용입니다.', 0, SYSDATE, NULL, 'N'
         );

INSERT INTO board_comment (
    post_id, member_id, parent_comment_id,
    content, like_count, created_at, updated_at, deleted_yn
) VALUES (
             3, 3, NULL,
             '테스트 댓글 013번 내용입니다.', 0, SYSDATE, NULL, 'N'
         );

INSERT INTO board_comment (
    post_id, member_id, parent_comment_id,
    content, like_count, created_at, updated_at, deleted_yn
) VALUES (
             4, 4, NULL,
             '테스트 댓글 014번 내용입니다.', 0, SYSDATE, NULL, 'N'
         );

INSERT INTO board_comment (
    post_id, member_id, parent_comment_id,
    content, like_count, created_at, updated_at, deleted_yn
) VALUES (
             5, 5, NULL,
             '테스트 댓글 015번 내용입니다.', 0, SYSDATE, NULL, 'N'
         );

INSERT INTO board_comment (
    post_id, member_id, parent_comment_id,
    content, like_count, created_at, updated_at, deleted_yn
) VALUES (
             6, 1, NULL,
             '테스트 댓글 016번 내용입니다.', 0, SYSDATE, NULL, 'N'
         );

INSERT INTO board_comment (
    post_id, member_id, parent_comment_id,
    content, like_count, created_at, updated_at, deleted_yn
) VALUES (
             7, 2, NULL,
             '테스트 댓글 017번 내용입니다.', 0, SYSDATE, NULL, 'N'
         );

INSERT INTO board_comment (
    post_id, member_id, parent_comment_id,
    content, like_count, created_at, updated_at, deleted_yn
) VALUES (
             8, 3, NULL,
             '테스트 댓글 018번 내용입니다.', 0, SYSDATE, NULL, 'N'
         );

INSERT INTO board_comment (
    post_id, member_id, parent_comment_id,
    content, like_count, created_at, updated_at, deleted_yn
) VALUES (
             9, 4, NULL,
             '테스트 댓글 019번 내용입니다.', 0, SYSDATE, NULL, 'N'
         );

INSERT INTO board_comment (
    post_id, member_id, parent_comment_id,
    content, like_count, created_at, updated_at, deleted_yn
) VALUES (
             10, 5, NULL,
             '테스트 댓글 020번 내용입니다.', 0, SYSDATE, NULL, 'N'
         );

-- 21 ~ 30
INSERT INTO board_comment (
    post_id, member_id, parent_comment_id,
    content, like_count, created_at, updated_at, deleted_yn
) VALUES (
             1, 1, NULL,
             '테스트 댓글 021번 내용입니다.', 0, SYSDATE, NULL, 'N'
         );

INSERT INTO board_comment (
    post_id, member_id, parent_comment_id,
    content, like_count, created_at, updated_at, deleted_yn
) VALUES (
             2, 2, NULL,
             '테스트 댓글 022번 내용입니다.', 0, SYSDATE, NULL, 'N'
         );

INSERT INTO board_comment (
    post_id, member_id, parent_comment_id,
    content, like_count, created_at, updated_at, deleted_yn
) VALUES (
             3, 3, NULL,
             '테스트 댓글 023번 내용입니다.', 0, SYSDATE, NULL, 'N'
         );

INSERT INTO board_comment (
    post_id, member_id, parent_comment_id,
    content, like_count, created_at, updated_at, deleted_yn
) VALUES (
             4, 4, NULL,
             '테스트 댓글 024번 내용입니다.', 0, SYSDATE, NULL, 'N'
         );

INSERT INTO board_comment (
    post_id, member_id, parent_comment_id,
    content, like_count, created_at, updated_at, deleted_yn
) VALUES (
             5, 5, NULL,
             '테스트 댓글 025번 내용입니다.', 0, SYSDATE, NULL, 'N'
         );

INSERT INTO board_comment (
    post_id, member_id, parent_comment_id,
    content, like_count, created_at, updated_at, deleted_yn
) VALUES (
             6, 1, NULL,
             '테스트 댓글 026번 내용입니다.', 0, SYSDATE, NULL, 'N'
         );

INSERT INTO board_comment (
    post_id, member_id, parent_comment_id,
    content, like_count, created_at, updated_at, deleted_yn
) VALUES (
             7, 2, NULL,
             '테스트 댓글 027번 내용입니다.', 0, SYSDATE, NULL, 'N'
         );

INSERT INTO board_comment (
    post_id, member_id, parent_comment_id,
    content, like_count, created_at, updated_at, deleted_yn
) VALUES (
             8, 3, NULL,
             '테스트 댓글 028번 내용입니다.', 0, SYSDATE, NULL, 'N'
         );

INSERT INTO board_comment (
    post_id, member_id, parent_comment_id,
    content, like_count, created_at, updated_at, deleted_yn
) VALUES (
             9, 4, NULL,
             '테스트 댓글 029번 내용입니다.', 0, SYSDATE, NULL, 'N'
         );

INSERT INTO board_comment (
    post_id, member_id, parent_comment_id,
    content, like_count, created_at, updated_at, deleted_yn
) VALUES (
             10, 5, NULL,
             '테스트 댓글 030번 내용입니다.', 0, SYSDATE, NULL, 'N'
         );

-- 31 ~ 40
INSERT INTO board_comment (
    post_id, member_id, parent_comment_id,
    content, like_count, created_at, updated_at, deleted_yn
) VALUES (
             1, 1, NULL,
             '테스트 댓글 031번 내용입니다.', 0, SYSDATE, NULL, 'N'
         );

INSERT INTO board_comment (
    post_id, member_id, parent_comment_id,
    content, like_count, created_at, updated_at, deleted_yn
) VALUES (
             2, 2, NULL,
             '테스트 댓글 032번 내용입니다.', 0, SYSDATE, NULL, 'N'
         );

INSERT INTO board_comment (
    post_id, member_id, parent_comment_id,
    content, like_count, created_at, updated_at, deleted_yn
) VALUES (
             3, 3, NULL,
             '테스트 댓글 033번 내용입니다.', 0, SYSDATE, NULL, 'N'
         );

INSERT INTO board_comment (
    post_id, member_id, parent_comment_id,
    content, like_count, created_at, updated_at, deleted_yn
) VALUES (
             4, 4, NULL,
             '테스트 댓글 034번 내용입니다.', 0, SYSDATE, NULL, 'N'
         );

INSERT INTO board_comment (
    post_id, member_id, parent_comment_id,
    content, like_count, created_at, updated_at, deleted_yn
) VALUES (
             5, 5, NULL,
             '테스트 댓글 035번 내용입니다.', 0, SYSDATE, NULL, 'N'
         );

INSERT INTO board_comment (
    post_id, member_id, parent_comment_id,
    content, like_count, created_at, updated_at, deleted_yn
) VALUES (
             6, 1, NULL,
             '테스트 댓글 036번 내용입니다.', 0, SYSDATE, NULL, 'N'
         );

INSERT INTO board_comment (
    post_id, member_id, parent_comment_id,
    content, like_count, created_at, updated_at, deleted_yn
) VALUES (
             7, 2, NULL,
             '테스트 댓글 037번 내용입니다.', 0, SYSDATE, NULL, 'N'
         );

INSERT INTO board_comment (
    post_id, member_id, parent_comment_id,
    content, like_count, created_at, updated_at, deleted_yn
) VALUES (
             8, 3, NULL,
             '테스트 댓글 038번 내용입니다.', 0, SYSDATE, NULL, 'N'
         );

INSERT INTO board_comment (
    post_id, member_id, parent_comment_id,
    content, like_count, created_at, updated_at, deleted_yn
) VALUES (
             9, 4, NULL,
             '테스트 댓글 039번 내용입니다.', 0, SYSDATE, NULL, 'N'
         );

INSERT INTO board_comment (
    post_id, member_id, parent_comment_id,
    content, like_count, created_at, updated_at, deleted_yn
) VALUES (
             10, 5, NULL,
             '테스트 댓글 040번 내용입니다.', 0, SYSDATE, NULL, 'N'
         );

-- 41 ~ 50
INSERT INTO board_comment (
    post_id, member_id, parent_comment_id,
    content, like_count, created_at, updated_at, deleted_yn
) VALUES (
             1, 1, NULL,
             '테스트 댓글 041번 내용입니다.', 0, SYSDATE, NULL, 'N'
         );

INSERT INTO board_comment (
    post_id, member_id, parent_comment_id,
    content, like_count, created_at, updated_at, deleted_yn
) VALUES (
             2, 2, NULL,
             '테스트 댓글 042번 내용입니다.', 0, SYSDATE, NULL, 'N'
         );

INSERT INTO board_comment (
    post_id, member_id, parent_comment_id,
    content, like_count, created_at, updated_at, deleted_yn
) VALUES (
             3, 3, NULL,
             '테스트 댓글 043번 내용입니다.', 0, SYSDATE, NULL, 'N'
         );

INSERT INTO board_comment (
    post_id, member_id, parent_comment_id,
    content, like_count, created_at, updated_at, deleted_yn
) VALUES (
             4, 4, NULL,
             '테스트 댓글 044번 내용입니다.', 0, SYSDATE, NULL, 'N'
         );

INSERT INTO board_comment (
    post_id, member_id, parent_comment_id,
    content, like_count, created_at, updated_at, deleted_yn
) VALUES (
             5, 5, NULL,
             '테스트 댓글 045번 내용입니다.', 0, SYSDATE, NULL, 'N'
         );

INSERT INTO board_comment (
    post_id, member_id, parent_comment_id,
    content, like_count, created_at, updated_at, deleted_yn
) VALUES (
             6, 1, NULL,
             '테스트 댓글 046번 내용입니다.', 0, SYSDATE, NULL, 'N'
         );

INSERT INTO board_comment (
    post_id, member_id, parent_comment_id,
    content, like_count, created_at, updated_at, deleted_yn
) VALUES (
             7, 2, NULL,
             '테스트 댓글 047번 내용입니다.', 0, SYSDATE, NULL, 'N'
         );

INSERT INTO board_comment (
    post_id, member_id, parent_comment_id,
    content, like_count, created_at, updated_at, deleted_yn
) VALUES (
             8, 3, NULL,
             '테스트 댓글 048번 내용입니다.', 0, SYSDATE, NULL, 'N'
         );

INSERT INTO board_comment (
    post_id, member_id, parent_comment_id,
    content, like_count, created_at, updated_at, deleted_yn
) VALUES (
             9, 4, NULL,
             '테스트 댓글 049번 내용입니다.', 0, SYSDATE, NULL, 'N'
         );

INSERT INTO board_comment (
    post_id, member_id, parent_comment_id,
    content, like_count, created_at, updated_at, deleted_yn
) VALUES (
             10, 5, NULL,
             '테스트 댓글 050번 내용입니다.', 0, SYSDATE, NULL, 'N'
         );

-- 51 ~ 60
INSERT INTO board_comment (
    post_id, member_id, parent_comment_id,
    content, like_count, created_at, updated_at, deleted_yn
) VALUES (
             1, 1, NULL,
             '테스트 댓글 051번 내용입니다.', 0, SYSDATE, NULL, 'N'
         );

INSERT INTO board_comment (
    post_id, member_id, parent_comment_id,
    content, like_count, created_at, updated_at, deleted_yn
) VALUES (
             2, 2, NULL,
             '테스트 댓글 052번 내용입니다.', 0, SYSDATE, NULL, 'N'
         );

INSERT INTO board_comment (
    post_id, member_id, parent_comment_id,
    content, like_count, created_at, updated_at, deleted_yn
) VALUES (
             3, 3, NULL,
             '테스트 댓글 053번 내용입니다.', 0, SYSDATE, NULL, 'N'
         );

INSERT INTO board_comment (
    post_id, member_id, parent_comment_id,
    content, like_count, created_at, updated_at, deleted_yn
) VALUES (
             4, 4, NULL,
             '테스트 댓글 054번 내용입니다.', 0, SYSDATE, NULL, 'N'
         );

INSERT INTO board_comment (
    post_id, member_id, parent_comment_id,
    content, like_count, created_at, updated_at, deleted_yn
) VALUES (
             5, 5, NULL,
             '테스트 댓글 055번 내용입니다.', 0, SYSDATE, NULL, 'N'
         );

INSERT INTO board_comment (
    post_id, member_id, parent_comment_id,
    content, like_count, created_at, updated_at, deleted_yn
) VALUES (
             6, 1, NULL,
             '테스트 댓글 056번 내용입니다.', 0, SYSDATE, NULL, 'N'
         );

INSERT INTO board_comment (
    post_id, member_id, parent_comment_id,
    content, like_count, created_at, updated_at, deleted_yn
) VALUES (
             7, 2, NULL,
             '테스트 댓글 057번 내용입니다.', 0, SYSDATE, NULL, 'N'
         );

INSERT INTO board_comment (
    post_id, member_id, parent_comment_id,
    content, like_count, created_at, updated_at, deleted_yn
) VALUES (
             8, 3, NULL,
             '테스트 댓글 058번 내용입니다.', 0, SYSDATE, NULL, 'N'
         );

INSERT INTO board_comment (
    post_id, member_id, parent_comment_id,
    content, like_count, created_at, updated_at, deleted_yn
) VALUES (
             9, 4, NULL,
             '테스트 댓글 059번 내용입니다.', 0, SYSDATE, NULL, 'N'
         );

INSERT INTO board_comment (
    post_id, member_id, parent_comment_id,
    content, like_count, created_at, updated_at, deleted_yn
) VALUES (
             10, 5, NULL,
             '테스트 댓글 060번 내용입니다.', 0, SYSDATE, NULL, 'N'
         );

-- 61 ~ 70
INSERT INTO board_comment (
    post_id, member_id, parent_comment_id,
    content, like_count, created_at, updated_at, deleted_yn
) VALUES (
             1, 1, NULL,
             '테스트 댓글 061번 내용입니다.', 0, SYSDATE, NULL, 'N'
         );

INSERT INTO board_comment (
    post_id, member_id, parent_comment_id,
    content, like_count, created_at, updated_at, deleted_yn
) VALUES (
             2, 2, NULL,
             '테스트 댓글 062번 내용입니다.', 0, SYSDATE, NULL, 'N'
         );

INSERT INTO board_comment (
    post_id, member_id, parent_comment_id,
    content, like_count, created_at, updated_at, deleted_yn
) VALUES (
             3, 3, NULL,
             '테스트 댓글 063번 내용입니다.', 0, SYSDATE, NULL, 'N'
         );

INSERT INTO board_comment (
    post_id, member_id, parent_comment_id,
    content, like_count, created_at, updated_at, deleted_yn
) VALUES (
             4, 4, NULL,
             '테스트 댓글 064번 내용입니다.', 0, SYSDATE, NULL, 'N'
         );

INSERT INTO board_comment (
    post_id, member_id, parent_comment_id,
    content, like_count, created_at, updated_at, deleted_yn
) VALUES (
             5, 5, NULL,
             '테스트 댓글 065번 내용입니다.', 0, SYSDATE, NULL, 'N'
         );

INSERT INTO board_comment (
    post_id, member_id, parent_comment_id,
    content, like_count, created_at, updated_at, deleted_yn
) VALUES (
             6, 1, NULL,
             '테스트 댓글 066번 내용입니다.', 0, SYSDATE, NULL, 'N'
         );

INSERT INTO board_comment (
    post_id, member_id, parent_comment_id,
    content, like_count, created_at, updated_at, deleted_yn
) VALUES (
             7, 2, NULL,
             '테스트 댓글 067번 내용입니다.', 0, SYSDATE, NULL, 'N'
         );

INSERT INTO board_comment (
    post_id, member_id, parent_comment_id,
    content, like_count, created_at, updated_at, deleted_yn
) VALUES (
             8, 3, NULL,
             '테스트 댓글 068번 내용입니다.', 0, SYSDATE, NULL, 'N'
         );

INSERT INTO board_comment (
    post_id, member_id, parent_comment_id,
    content, like_count, created_at, updated_at, deleted_yn
) VALUES (
             9, 4, NULL,
             '테스트 댓글 069번 내용입니다.', 0, SYSDATE, NULL, 'N'
         );

INSERT INTO board_comment (
    post_id, member_id, parent_comment_id,
    content, like_count, created_at, updated_at, deleted_yn
) VALUES (
             10, 5, NULL,
             '테스트 댓글 070번 내용입니다.', 0, SYSDATE, NULL, 'N'
         );

-- 71 ~ 80
INSERT INTO board_comment (
    post_id, member_id, parent_comment_id,
    content, like_count, created_at, updated_at, deleted_yn
) VALUES (
             1, 1, NULL,
             '테스트 댓글 071번 내용입니다.', 0, SYSDATE, NULL, 'N'
         );

INSERT INTO board_comment (
    post_id, member_id, parent_comment_id,
    content, like_count, created_at, updated_at, deleted_yn
) VALUES (
             2, 2, NULL,
             '테스트 댓글 072번 내용입니다.', 0, SYSDATE, NULL, 'N'
         );

INSERT INTO board_comment (
    post_id, member_id, parent_comment_id,
    content, like_count, created_at, updated_at, deleted_yn
) VALUES (
             3, 3, NULL,
             '테스트 댓글 073번 내용입니다.', 0, SYSDATE, NULL, 'N'
         );

INSERT INTO board_comment (
    post_id, member_id, parent_comment_id,
    content, like_count, created_at, updated_at, deleted_yn
) VALUES (
             4, 4, NULL,
             '테스트 댓글 074번 내용입니다.', 0, SYSDATE, NULL, 'N'
         );

INSERT INTO board_comment (
    post_id, member_id, parent_comment_id,
    content, like_count, created_at, updated_at, deleted_yn
) VALUES (
             5, 5, NULL,
             '테스트 댓글 075번 내용입니다.', 0, SYSDATE, NULL, 'N'
         );

INSERT INTO board_comment (
    post_id, member_id, parent_comment_id,
    content, like_count, created_at, updated_at, deleted_yn
) VALUES (
             6, 1, NULL,
             '테스트 댓글 076번 내용입니다.', 0, SYSDATE, NULL, 'N'
         );

INSERT INTO board_comment (
    post_id, member_id, parent_comment_id,
    content, like_count, created_at, updated_at, deleted_yn
) VALUES (
             7, 2, NULL,
             '테스트 댓글 077번 내용입니다.', 0, SYSDATE, NULL, 'N'
         );

INSERT INTO board_comment (
    post_id, member_id, parent_comment_id,
    content, like_count, created_at, updated_at, deleted_yn
) VALUES (
             8, 3, NULL,
             '테스트 댓글 078번 내용입니다.', 0, SYSDATE, NULL, 'N'
         );

INSERT INTO board_comment (
    post_id, member_id, parent_comment_id,
    content, like_count, created_at, updated_at, deleted_yn
) VALUES (
             9, 4, NULL,
             '테스트 댓글 079번 내용입니다.', 0, SYSDATE, NULL, 'N'
         );

INSERT INTO board_comment (
    post_id, member_id, parent_comment_id,
    content, like_count, created_at, updated_at, deleted_yn
) VALUES (
             10, 5, NULL,
             '테스트 댓글 080번 내용입니다.', 0, SYSDATE, NULL, 'N'
         );

-- 81 ~ 90
INSERT INTO board_comment (
    post_id, member_id, parent_comment_id,
    content, like_count, created_at, updated_at, deleted_yn
) VALUES (
             1, 1, NULL,
             '테스트 댓글 081번 내용입니다.', 0, SYSDATE, NULL, 'N'
         );

INSERT INTO board_comment (
    post_id, member_id, parent_comment_id,
    content, like_count, created_at, updated_at, deleted_yn
) VALUES (
             2, 2, NULL,
             '테스트 댓글 082번 내용입니다.', 0, SYSDATE, NULL, 'N'
         );

INSERT INTO board_comment (
    post_id, member_id, parent_comment_id,
    content, like_count, created_at, updated_at, deleted_yn
) VALUES (
             3, 3, NULL,
             '테스트 댓글 083번 내용입니다.', 0, SYSDATE, NULL, 'N'
         );

INSERT INTO board_comment (
    post_id, member_id, parent_comment_id,
    content, like_count, created_at, updated_at, deleted_yn
) VALUES (
             4, 4, NULL,
             '테스트 댓글 084번 내용입니다.', 0, SYSDATE, NULL, 'N'
         );

INSERT INTO board_comment (
    post_id, member_id, parent_comment_id,
    content, like_count, created_at, updated_at, deleted_yn
) VALUES (
             5, 5, NULL,
             '테스트 댓글 085번 내용입니다.', 0, SYSDATE, NULL, 'N'
         );

INSERT INTO board_comment (
    post_id, member_id, parent_comment_id,
    content, like_count, created_at, updated_at, deleted_yn
) VALUES (
             6, 1, NULL,
             '테스트 댓글 086번 내용입니다.', 0, SYSDATE, NULL, 'N'
         );

INSERT INTO board_comment (
    post_id, member_id, parent_comment_id,
    content, like_count, created_at, updated_at, deleted_yn
) VALUES (
             7, 2, NULL,
             '테스트 댓글 087번 내용입니다.', 0, SYSDATE, NULL, 'N'
         );

INSERT INTO board_comment (
    post_id, member_id, parent_comment_id,
    content, like_count, created_at, updated_at, deleted_yn
) VALUES (
             8, 3, NULL,
             '테스트 댓글 088번 내용입니다.', 0, SYSDATE, NULL, 'N'
         );

INSERT INTO board_comment (
    post_id, member_id, parent_comment_id,
    content, like_count, created_at, updated_at, deleted_yn
) VALUES (
             9, 4, NULL,
             '테스트 댓글 089번 내용입니다.', 0, SYSDATE, NULL, 'N'
         );

INSERT INTO board_comment (
    post_id, member_id, parent_comment_id,
    content, like_count, created_at, updated_at, deleted_yn
) VALUES (
             10, 5, NULL,
             '테스트 댓글 090번 내용입니다.', 0, SYSDATE, NULL, 'N'
         );

-- 91 ~ 100
INSERT INTO board_comment (
    post_id, member_id, parent_comment_id,
    content, like_count, created_at, updated_at, deleted_yn
) VALUES (
             1, 1, NULL,
             '테스트 댓글 091번 내용입니다.', 0, SYSDATE, NULL, 'N'
         );

INSERT INTO board_comment (
    post_id, member_id, parent_comment_id,
    content, like_count, created_at, updated_at, deleted_yn
) VALUES (
             2, 2, NULL,
             '테스트 댓글 092번 내용입니다.', 0, SYSDATE, NULL, 'N'
         );

INSERT INTO board_comment (
    post_id, member_id, parent_comment_id,
    content, like_count, created_at, updated_at, deleted_yn
) VALUES (
             3, 3, NULL,
             '테스트 댓글 093번 내용입니다.', 0, SYSDATE, NULL, 'N'
         );

INSERT INTO board_comment (
    post_id, member_id, parent_comment_id,
    content, like_count, created_at, updated_at, deleted_yn
) VALUES (
             4, 4, NULL,
             '테스트 댓글 094번 내용입니다.', 0, SYSDATE, NULL, 'N'
         );

INSERT INTO board_comment (
    post_id, member_id, parent_comment_id,
    content, like_count, created_at, updated_at, deleted_yn
) VALUES (
             5, 5, NULL,
             '테스트 댓글 095번 내용입니다.', 0, SYSDATE, NULL, 'N'
         );

INSERT INTO board_comment (
    post_id, member_id, parent_comment_id,
    content, like_count, created_at, updated_at, deleted_yn
) VALUES (
             6, 1, NULL,
             '테스트 댓글 096번 내용입니다.', 0, SYSDATE, NULL, 'N'
         );

INSERT INTO board_comment (
    post_id, member_id, parent_comment_id,
    content, like_count, created_at, updated_at, deleted_yn
) VALUES (
             7, 2, NULL,
             '테스트 댓글 097번 내용입니다.', 0, SYSDATE, NULL, 'N'
         );

INSERT INTO board_comment (
    post_id, member_id, parent_comment_id,
    content, like_count, created_at, updated_at, deleted_yn
) VALUES (
             8, 3, NULL,
             '테스트 댓글 098번 내용입니다.', 0, SYSDATE, NULL, 'N'
         );

INSERT INTO board_comment (
    post_id, member_id, parent_comment_id,
    content, like_count, created_at, updated_at, deleted_yn
) VALUES (
             9, 4, NULL,
             '테스트 댓글 099번 내용입니다.', 0, SYSDATE, NULL, 'N'
         );

INSERT INTO board_comment (
    post_id, member_id, parent_comment_id,
    content, like_count, created_at, updated_at, deleted_yn
) VALUES (
             10, 5, NULL,
             '테스트 댓글 100번 내용입니다.', 0, SYSDATE, NULL, 'N'
         );

commit ;

INSERT INTO board_like (member_id, post_id, created_at)
VALUES (1, 1, SYSDATE);

INSERT INTO board_like (member_id, post_id, created_at)
VALUES (1, 2, SYSDATE);

INSERT INTO board_like (member_id, post_id, created_at)
VALUES (1, 3, SYSDATE);

INSERT INTO board_like (member_id, post_id, created_at)
VALUES (1, 4, SYSDATE);

INSERT INTO board_like (member_id, post_id, created_at)
VALUES (1, 5, SYSDATE);

INSERT INTO board_like (member_id, post_id, created_at)
VALUES (1, 6, SYSDATE);

INSERT INTO board_like (member_id, post_id, created_at)
VALUES (1, 7, SYSDATE);

INSERT INTO board_like (member_id, post_id, created_at)
VALUES (1, 8, SYSDATE);

INSERT INTO board_like (member_id, post_id, created_at)
VALUES (1, 9, SYSDATE);

INSERT INTO board_like (member_id, post_id, created_at)
VALUES (1, 10, SYSDATE);

-- member 2
INSERT INTO board_like (member_id, post_id, created_at)
VALUES (2, 1, SYSDATE);

INSERT INTO board_like (member_id, post_id, created_at)
VALUES (2, 2, SYSDATE);

INSERT INTO board_like (member_id, post_id, created_at)
VALUES (2, 3, SYSDATE);

INSERT INTO board_like (member_id, post_id, created_at)
VALUES (2, 4, SYSDATE);

INSERT INTO board_like (member_id, post_id, created_at)
VALUES (2, 5, SYSDATE);

INSERT INTO board_like (member_id, post_id, created_at)
VALUES (2, 6, SYSDATE);

INSERT INTO board_like (member_id, post_id, created_at)
VALUES (2, 7, SYSDATE);

INSERT INTO board_like (member_id, post_id, created_at)
VALUES (2, 8, SYSDATE);

INSERT INTO board_like (member_id, post_id, created_at)
VALUES (2, 9, SYSDATE);

INSERT INTO board_like (member_id, post_id, created_at)
VALUES (2, 10, SYSDATE);

-- member 3
INSERT INTO board_like (member_id, post_id, created_at)
VALUES (3, 1, SYSDATE);

INSERT INTO board_like (member_id, post_id, created_at)
VALUES (3, 2, SYSDATE);

INSERT INTO board_like (member_id, post_id, created_at)
VALUES (3, 3, SYSDATE);

INSERT INTO board_like (member_id, post_id, created_at)
VALUES (3, 4, SYSDATE);

INSERT INTO board_like (member_id, post_id, created_at)
VALUES (3, 5, SYSDATE);

INSERT INTO board_like (member_id, post_id, created_at)
VALUES (3, 6, SYSDATE);

INSERT INTO board_like (member_id, post_id, created_at)
VALUES (3, 7, SYSDATE);

INSERT INTO board_like (member_id, post_id, created_at)
VALUES (3, 8, SYSDATE);

INSERT INTO board_like (member_id, post_id, created_at)
VALUES (3, 9, SYSDATE);

INSERT INTO board_like (member_id, post_id, created_at)
VALUES (3, 10, SYSDATE);

-- member 4
INSERT INTO board_like (member_id, post_id, created_at)
VALUES (4, 1, SYSDATE);

INSERT INTO board_like (member_id, post_id, created_at)
VALUES (4, 2, SYSDATE);

INSERT INTO board_like (member_id, post_id, created_at)
VALUES (4, 3, SYSDATE);

INSERT INTO board_like (member_id, post_id, created_at)
VALUES (4, 4, SYSDATE);

INSERT INTO board_like (member_id, post_id, created_at)
VALUES (4, 5, SYSDATE);

INSERT INTO board_like (member_id, post_id, created_at)
VALUES (4, 6, SYSDATE);

INSERT INTO board_like (member_id, post_id, created_at)
VALUES (4, 7, SYSDATE);

INSERT INTO board_like (member_id, post_id, created_at)
VALUES (4, 8, SYSDATE);

INSERT INTO board_like (member_id, post_id, created_at)
VALUES (4, 9, SYSDATE);

INSERT INTO board_like (member_id, post_id, created_at)
VALUES (4, 10, SYSDATE);

-- member 5
INSERT INTO board_like (member_id, post_id, created_at)
VALUES (5, 1, SYSDATE);

INSERT INTO board_like (member_id, post_id, created_at)
VALUES (5, 2, SYSDATE);

INSERT INTO board_like (member_id, post_id, created_at)
VALUES (5, 3, SYSDATE);

INSERT INTO board_like (member_id, post_id, created_at)
VALUES (5, 4, SYSDATE);

INSERT INTO board_like (member_id, post_id, created_at)
VALUES (5, 5, SYSDATE);

INSERT INTO board_like (member_id, post_id, created_at)
VALUES (5, 6, SYSDATE);

INSERT INTO board_like (member_id, post_id, created_at)
VALUES (5, 7, SYSDATE);

INSERT INTO board_like (member_id, post_id, created_at)
VALUES (5, 8, SYSDATE);

INSERT INTO board_like (member_id, post_id, created_at)
VALUES (5, 9, SYSDATE);

INSERT INTO board_like (member_id, post_id, created_at)
VALUES (5, 10, SYSDATE);

-- member 6
INSERT INTO board_like (member_id, post_id, created_at)
VALUES (6, 1, SYSDATE);

INSERT INTO board_like (member_id, post_id, created_at)
VALUES (6, 2, SYSDATE);

INSERT INTO board_like (member_id, post_id, created_at)
VALUES (6, 3, SYSDATE);

INSERT INTO board_like (member_id, post_id, created_at)
VALUES (6, 4, SYSDATE);

INSERT INTO board_like (member_id, post_id, created_at)
VALUES (6, 5, SYSDATE);

INSERT INTO board_like (member_id, post_id, created_at)
VALUES (6, 6, SYSDATE);

INSERT INTO board_like (member_id, post_id, created_at)
VALUES (6, 7, SYSDATE);

INSERT INTO board_like (member_id, post_id, created_at)
VALUES (6, 8, SYSDATE);

INSERT INTO board_like (member_id, post_id, created_at)
VALUES (6, 9, SYSDATE);

INSERT INTO board_like (member_id, post_id, created_at)
VALUES (6, 10, SYSDATE);

-- member 7
INSERT INTO board_like (member_id, post_id, created_at)
VALUES (7, 1, SYSDATE);

INSERT INTO board_like (member_id, post_id, created_at)
VALUES (7, 2, SYSDATE);

INSERT INTO board_like (member_id, post_id, created_at)
VALUES (7, 3, SYSDATE);

INSERT INTO board_like (member_id, post_id, created_at)
VALUES (7, 4, SYSDATE);

INSERT INTO board_like (member_id, post_id, created_at)
VALUES (7, 5, SYSDATE);

INSERT INTO board_like (member_id, post_id, created_at)
VALUES (7, 6, SYSDATE);

INSERT INTO board_like (member_id, post_id, created_at)
VALUES (7, 7, SYSDATE);

INSERT INTO board_like (member_id, post_id, created_at)
VALUES (7, 8, SYSDATE);

INSERT INTO board_like (member_id, post_id, created_at)
VALUES (7, 9, SYSDATE);

INSERT INTO board_like (member_id, post_id, created_at)
VALUES (7, 10, SYSDATE);

-- member 8
INSERT INTO board_like (member_id, post_id, created_at)
VALUES (8, 1, SYSDATE);

INSERT INTO board_like (member_id, post_id, created_at)
VALUES (8, 2, SYSDATE);

INSERT INTO board_like (member_id, post_id, created_at)
VALUES (8, 3, SYSDATE);

INSERT INTO board_like (member_id, post_id, created_at)
VALUES (8, 4, SYSDATE);

INSERT INTO board_like (member_id, post_id, created_at)
VALUES (8, 5, SYSDATE);

INSERT INTO board_like (member_id, post_id, created_at)
VALUES (8, 6, SYSDATE);

INSERT INTO board_like (member_id, post_id, created_at)
VALUES (8, 7, SYSDATE);

INSERT INTO board_like (member_id, post_id, created_at)
VALUES (8, 8, SYSDATE);

INSERT INTO board_like (member_id, post_id, created_at)
VALUES (8, 9, SYSDATE);

INSERT INTO board_like (member_id, post_id, created_at)
VALUES (8, 10, SYSDATE);

-- member 9
INSERT INTO board_like (member_id, post_id, created_at)
VALUES (9, 1, SYSDATE);

INSERT INTO board_like (member_id, post_id, created_at)
VALUES (9, 2, SYSDATE);

INSERT INTO board_like (member_id, post_id, created_at)
VALUES (9, 3, SYSDATE);

INSERT INTO board_like (member_id, post_id, created_at)
VALUES (9, 4, SYSDATE);

INSERT INTO board_like (member_id, post_id, created_at)
VALUES (9, 5, SYSDATE);

INSERT INTO board_like (member_id, post_id, created_at)
VALUES (9, 6, SYSDATE);

INSERT INTO board_like (member_id, post_id, created_at)
VALUES (9, 7, SYSDATE);

INSERT INTO board_like (member_id, post_id, created_at)
VALUES (9, 8, SYSDATE);

INSERT INTO board_like (member_id, post_id, created_at)
VALUES (9, 9, SYSDATE);

INSERT INTO board_like (member_id, post_id, created_at)
VALUES (9, 10, SYSDATE);

-- member 10
INSERT INTO board_like (member_id, post_id, created_at)
VALUES (10, 1, SYSDATE);

INSERT INTO board_like (member_id, post_id, created_at)
VALUES (10, 2, SYSDATE);

INSERT INTO board_like (member_id, post_id, created_at)
VALUES (10, 3, SYSDATE);

INSERT INTO board_like (member_id, post_id, created_at)
VALUES (10, 4, SYSDATE);

INSERT INTO board_like (member_id, post_id, created_at)
VALUES (10, 5, SYSDATE);

INSERT INTO board_like (member_id, post_id, created_at)
VALUES (10, 6, SYSDATE);

INSERT INTO board_like (member_id, post_id, created_at)
VALUES (10, 7, SYSDATE);

INSERT INTO board_like (member_id, post_id, created_at)
VALUES (10, 8, SYSDATE);

INSERT INTO board_like (member_id, post_id, created_at)
VALUES (10, 9, SYSDATE);

INSERT INTO board_like (member_id, post_id, created_at)
VALUES (10, 10, SYSDATE);
commit;
INSERT INTO board_post_image (post_id, image_url, sort_order)
VALUES (1, 'https://example.com/board/post_001_img01.jpg', 1);

INSERT INTO board_post_image (post_id, image_url, sort_order)
VALUES (1, 'https://example.com/board/post_001_img02.jpg', 2);

INSERT INTO board_post_image (post_id, image_url, sort_order)
VALUES (1, 'https://example.com/board/post_001_img03.jpg', 3);

INSERT INTO board_post_image (post_id, image_url, sort_order)
VALUES (1, 'https://example.com/board/post_001_img04.jpg', 4);

INSERT INTO board_post_image (post_id, image_url, sort_order)
VALUES (1, 'https://example.com/board/post_001_img05.jpg', 5);

INSERT INTO board_post_image (post_id, image_url, sort_order)
VALUES (1, 'https://example.com/board/post_001_img06.jpg', 6);

INSERT INTO board_post_image (post_id, image_url, sort_order)
VALUES (1, 'https://example.com/board/post_001_img07.jpg', 7);

INSERT INTO board_post_image (post_id, image_url, sort_order)
VALUES (1, 'https://example.com/board/post_001_img08.jpg', 8);

INSERT INTO board_post_image (post_id, image_url, sort_order)
VALUES (1, 'https://example.com/board/post_001_img09.jpg', 9);

INSERT INTO board_post_image (post_id, image_url, sort_order)
VALUES (1, 'https://example.com/board/post_001_img10.jpg', 10);

INSERT INTO board_post_image (post_id, image_url, sort_order)
VALUES (2, 'https://example.com/board/post_002_img01.jpg', 1);

INSERT INTO board_post_image (post_id, image_url, sort_order)
VALUES (2, 'https://example.com/board/post_002_img02.jpg', 2);

INSERT INTO board_post_image (post_id, image_url, sort_order)
VALUES (2, 'https://example.com/board/post_002_img03.jpg', 3);

INSERT INTO board_post_image (post_id, image_url, sort_order)
VALUES (2, 'https://example.com/board/post_002_img04.jpg', 4);

INSERT INTO board_post_image (post_id, image_url, sort_order)
VALUES (2, 'https://example.com/board/post_002_img05.jpg', 5);

INSERT INTO board_post_image (post_id, image_url, sort_order)
VALUES (2, 'https://example.com/board/post_002_img06.jpg', 6);

INSERT INTO board_post_image (post_id, image_url, sort_order)
VALUES (2, 'https://example.com/board/post_002_img07.jpg', 7);

INSERT INTO board_post_image (post_id, image_url, sort_order)
VALUES (2, 'https://example.com/board/post_002_img08.jpg', 8);

INSERT INTO board_post_image (post_id, image_url, sort_order)
VALUES (2, 'https://example.com/board/post_002_img09.jpg', 9);

INSERT INTO board_post_image (post_id, image_url, sort_order)
VALUES (2, 'https://example.com/board/post_002_img10.jpg', 10);

INSERT INTO board_post_image (post_id, image_url, sort_order)
VALUES (3, 'https://example.com/board/post_003_img01.jpg', 1);

INSERT INTO board_post_image (post_id, image_url, sort_order)
VALUES (3, 'https://example.com/board/post_003_img02.jpg', 2);

INSERT INTO board_post_image (post_id, image_url, sort_order)
VALUES (3, 'https://example.com/board/post_003_img03.jpg', 3);

INSERT INTO board_post_image (post_id, image_url, sort_order)
VALUES (3, 'https://example.com/board/post_003_img04.jpg', 4);

INSERT INTO board_post_image (post_id, image_url, sort_order)
VALUES (3, 'https://example.com/board/post_003_img05.jpg', 5);

INSERT INTO board_post_image (post_id, image_url, sort_order)
VALUES (3, 'https://example.com/board/post_003_img06.jpg', 6);

INSERT INTO board_post_image (post_id, image_url, sort_order)
VALUES (3, 'https://example.com/board/post_003_img07.jpg', 7);

INSERT INTO board_post_image (post_id, image_url, sort_order)
VALUES (3, 'https://example.com/board/post_003_img08.jpg', 8);

INSERT INTO board_post_image (post_id, image_url, sort_order)
VALUES (3, 'https://example.com/board/post_003_img09.jpg', 9);

INSERT INTO board_post_image (post_id, image_url, sort_order)
VALUES (3, 'https://example.com/board/post_003_img10.jpg', 10);

INSERT INTO board_post_image (post_id, image_url, sort_order)
VALUES (4, 'https://example.com/board/post_004_img01.jpg', 1);

INSERT INTO board_post_image (post_id, image_url, sort_order)
VALUES (4, 'https://example.com/board/post_004_img02.jpg', 2);

INSERT INTO board_post_image (post_id, image_url, sort_order)
VALUES (4, 'https://example.com/board/post_004_img03.jpg', 3);

INSERT INTO board_post_image (post_id, image_url, sort_order)
VALUES (4, 'https://example.com/board/post_004_img04.jpg', 4);

INSERT INTO board_post_image (post_id, image_url, sort_order)
VALUES (4, 'https://example.com/board/post_004_img05.jpg', 5);

INSERT INTO board_post_image (post_id, image_url, sort_order)
VALUES (4, 'https://example.com/board/post_004_img06.jpg', 6);

INSERT INTO board_post_image (post_id, image_url, sort_order)
VALUES (4, 'https://example.com/board/post_004_img07.jpg', 7);

INSERT INTO board_post_image (post_id, image_url, sort_order)
VALUES (4, 'https://example.com/board/post_004_img08.jpg', 8);

INSERT INTO board_post_image (post_id, image_url, sort_order)
VALUES (4, 'https://example.com/board/post_004_img09.jpg', 9);

INSERT INTO board_post_image (post_id, image_url, sort_order)
VALUES (4, 'https://example.com/board/post_004_img10.jpg', 10);

INSERT INTO board_post_image (post_id, image_url, sort_order)
VALUES (5, 'https://example.com/board/post_005_img01.jpg', 1);

INSERT INTO board_post_image (post_id, image_url, sort_order)
VALUES (5, 'https://example.com/board/post_005_img02.jpg', 2);

INSERT INTO board_post_image (post_id, image_url, sort_order)
VALUES (5, 'https://example.com/board/post_005_img03.jpg', 3);

INSERT INTO board_post_image (post_id, image_url, sort_order)
VALUES (5, 'https://example.com/board/post_005_img04.jpg', 4);

INSERT INTO board_post_image (post_id, image_url, sort_order)
VALUES (5, 'https://example.com/board/post_005_img05.jpg', 5);

INSERT INTO board_post_image (post_id, image_url, sort_order)
VALUES (5, 'https://example.com/board/post_005_img06.jpg', 6);

INSERT INTO board_post_image (post_id, image_url, sort_order)
VALUES (5, 'https://example.com/board/post_005_img07.jpg', 7);

INSERT INTO board_post_image (post_id, image_url, sort_order)
VALUES (5, 'https://example.com/board/post_005_img08.jpg', 8);

INSERT INTO board_post_image (post_id, image_url, sort_order)
VALUES (5, 'https://example.com/board/post_005_img09.jpg', 9);

INSERT INTO board_post_image (post_id, image_url, sort_order)
VALUES (5, 'https://example.com/board/post_005_img10.jpg', 10);

commit;

INSERT INTO board_tag (tag_id, tag_name)
VALUES (1, '포카');

INSERT INTO board_tag (tag_id, tag_name)
VALUES (2, '피규어');

INSERT INTO board_tag (tag_id, tag_name)
VALUES (3, '키링');

INSERT INTO board_tag (tag_id, tag_name)
VALUES (4, '스티커');

INSERT INTO board_tag (tag_id, tag_name)
VALUES (5, '아크릴스탠드');

INSERT INTO board_tag (tag_id, tag_name)
VALUES (6, '브로마이드');

INSERT INTO board_tag (tag_id, tag_name)
VALUES (7, '팬사인회');

INSERT INTO board_tag (tag_id, tag_name)
VALUES (8, '한정판');

INSERT INTO board_tag (tag_id, tag_name)
VALUES (9, '팝업스토어');

INSERT INTO board_tag (tag_id, tag_name)
VALUES (10, '굿즈교환');

INSERT INTO board_tag (tag_id, tag_name)
VALUES (11, '랜덤박스');

INSERT INTO board_tag (tag_id, tag_name)
VALUES (12, '응원봉');

INSERT INTO board_tag (tag_id, tag_name)
VALUES (13, '포스터');

INSERT INTO board_tag (tag_id, tag_name)
VALUES (14, '코스프레');

INSERT INTO board_tag (tag_id, tag_name)
VALUES (15, '아이돌');

INSERT INTO board_tag (tag_id, tag_name)
VALUES (16, '애니메이션');

INSERT INTO board_tag (tag_id, tag_name)
VALUES (17, '게임굿즈');

INSERT INTO board_tag (tag_id, tag_name)
VALUES (18, '카페콜라보');

INSERT INTO board_tag (tag_id, tag_name)
VALUES (19, '레어템');

INSERT INTO board_tag (tag_id, tag_name)
VALUES (20, '중고거래');
commit;
INSERT INTO board_post_tag (post_id, tag_id)
VALUES (1, 1);

INSERT INTO board_post_tag (post_id, tag_id)
VALUES (1, 2);

INSERT INTO board_post_tag (post_id, tag_id)
VALUES (2, 1);

INSERT INTO board_post_tag (post_id, tag_id)
VALUES (2, 3);

INSERT INTO board_post_tag (post_id, tag_id)
VALUES (3, 2);

INSERT INTO board_post_tag (post_id, tag_id)
VALUES (3, 4);

INSERT INTO board_post_tag (post_id, tag_id)
VALUES (4, 1);

INSERT INTO board_post_tag (post_id, tag_id)
VALUES (4, 5);

INSERT INTO board_post_tag (post_id, tag_id)
VALUES (5, 3);

INSERT INTO board_post_tag (post_id, tag_id)
VALUES (5, 4);

INSERT INTO board_post_tag (post_id, tag_id)
VALUES (6, 2);

INSERT INTO board_post_tag (post_id, tag_id)
VALUES (6, 5);

INSERT INTO board_post_tag (post_id, tag_id)
VALUES (7, 1);

INSERT INTO board_post_tag (post_id, tag_id)
VALUES (7, 4);

INSERT INTO board_post_tag (post_id, tag_id)
VALUES (8, 2);

INSERT INTO board_post_tag (post_id, tag_id)
VALUES (8, 3);

INSERT INTO board_post_tag (post_id, tag_id)
VALUES (9, 1);

INSERT INTO board_post_tag (post_id, tag_id)
VALUES (9, 5);

INSERT INTO board_post_tag (post_id, tag_id)
VALUES (10, 2);

INSERT INTO board_post_tag (post_id, tag_id)
VALUES (10, 4);
commit;
INSERT INTO faq_category (faq_category_id, name)
VALUES (1, '매장 안내');

INSERT INTO faq_category (faq_category_id, name)
VALUES (2, '매장 위치/영업시간');

INSERT INTO faq_category (faq_category_id, name)
VALUES (3, '매장 재고/상품문의');

INSERT INTO faq_category (faq_category_id, name)
VALUES (4, '팝업스토어 일정');

INSERT INTO faq_category (faq_category_id, name)
VALUES (5, '예약/번호표 시스템');

INSERT INTO faq_category (faq_category_id, name)
VALUES (6, '온라인 주문');

INSERT INTO faq_category (faq_category_id, name)
VALUES (7, '결제 수단');

INSERT INTO faq_category (faq_category_id, name)
VALUES (8, '환불/취소');

INSERT INTO faq_category (faq_category_id, name)
VALUES (9, '배송/픽업');

INSERT INTO faq_category (faq_category_id, name)
VALUES (10, '프로모션/이벤트');

INSERT INTO faq_category (faq_category_id, name)
VALUES (11, '포인트/적립');

INSERT INTO faq_category (faq_category_id, name)
VALUES (12, '쿠폰/할인');

INSERT INTO faq_category (faq_category_id, name)
VALUES (13, '계정 생성/가입');

INSERT INTO faq_category (faq_category_id, name)
VALUES (14, '로그인/비밀번호 찾기');

INSERT INTO faq_category (faq_category_id, name)
VALUES (15, '회원정보 수정/탈퇴');

INSERT INTO faq_category (faq_category_id, name)
VALUES (16, '알림/푸시 설정');

INSERT INTO faq_category (faq_category_id, name)
VALUES (17, '앱/웹 오류');

INSERT INTO faq_category (faq_category_id, name)
VALUES (18, '신고/차단/운영정책');

INSERT INTO faq_category (faq_category_id, name)
VALUES (19, '개인정보/보안');

INSERT INTO faq_category (faq_category_id, name)
VALUES (20, '기타 문의');
commit ;INSERT INTO faq (faq_category_id, question, answer, sort_order)
        VALUES (
                   1,
                   '오프라인 매장은 어떤 컨셉의 매장인가요?',
                   '굿즈로드 오프라인 매장은 애니메이션, 아이돌, 게임 등 다양한 굿즈를 한 곳에서 만날 수 있는 셀렉트샵 형태의 매장입니다. 팝업스토어와 연계된 한정 상품도 입고됩니다.',
                   1
               );

INSERT INTO faq (faq_category_id, question, answer, sort_order)
VALUES (
           1,
           '오프라인 매장의 운영 시간은 어떻게 되나요?',
           '오프라인 매장은 평일과 주말 모두 11:00~21:00까지 운영합니다. 명절 및 공휴일에는 별도의 공지사항을 통해 운영 시간을 안내해 드립니다.',
           2
       );

INSERT INTO faq (faq_category_id, question, answer, sort_order)
VALUES (
           1,
           '매장에 항상 동일한 상품이 있나요?',
           '매장 상품은 시즌, 팝업스토어 일정, 공급 상황에 따라 수시로 변경됩니다. 인기 상품이나 한정판 상품은 조기 품절될 수 있습니다.',
           3
       );

INSERT INTO faq (faq_category_id, question, answer, sort_order)
VALUES (
           1,
           '온라인에 보이는 상품을 매장에서 바로 구매할 수 있나요?',
           '일부 상품은 온라인 전용이거나 매장 전용 상품일 수 있습니다. 동일 상품이라도 재고 상황이 다를 수 있으므로 방문 전 매장에 문의해 주시는 것을 권장합니다.',
           4
       );

INSERT INTO faq (faq_category_id, question, answer, sort_order)
VALUES (
           1,
           '팝업스토어 연계 상품은 어디에서 확인할 수 있나요?',
           '홈 화면의 팝업스토어 메뉴와 공지사항을 통해 현재 진행 중인 팝업스토어 정보와 연계 굿즈를 확인하실 수 있습니다.',
           5
       );

INSERT INTO faq (faq_category_id, question, answer, sort_order)
VALUES (
           1,
           '매장에 방문하기 전에 재고를 확인할 수 있나요?',
           '일부 매장에 한해 실시간 재고 조회 기능을 제공하고 있습니다. 매장 상세 페이지의 재고 안내 영역을 확인해 주세요.',
           6
       );

INSERT INTO faq (faq_category_id, question, answer, sort_order)
VALUES (
           1,
           '매장 내에서 사진 촬영이 가능한가요?',
           '일반 매장 공간은 개인 소장용 사진 촬영이 가능하지만, 일부 전시 존과 한정존은 촬영이 제한될 수 있습니다. 매장 내 안내문을 꼭 확인해 주세요.',
           7
       );

INSERT INTO faq (faq_category_id, question, answer, sort_order)
VALUES (
           1,
           '매장에서 포장 서비스도 제공하나요?',
           '기본 쇼핑백은 무료로 제공되며, 선물용 포장 서비스는 일부 매장에 한해 유료로 제공됩니다. 자세한 내용은 매장 직원에게 문의해 주세요.',
           8
       );

INSERT INTO faq (faq_category_id, question, answer, sort_order)
VALUES (
           1,
           '오프라인 매장만의 한정 굿즈가 있나요?',
           '네, 특정 기간에는 오프라인 매장 방문 고객만 구매할 수 있는 한정 굿즈가 준비됩니다. 관련 내용은 이벤트 안내를 통해 미리 공지됩니다.',
           9
       );

INSERT INTO faq (faq_category_id, question, answer, sort_order)
VALUES (
           1,
           '매장 내에서 카드, 현금 외에 다른 결제 수단도 사용 가능한가요?',
           '신용·체크카드, 간편결제(일부 서비스), 모바일 결제가 가능하며, 사용 가능한 결제 수단은 매장별로 조금씩 다를 수 있습니다.',
           10
       );

-- 주문/결제 관련 (카테고리 2)

INSERT INTO faq (faq_category_id, question, answer, sort_order)
VALUES (
           2,
           '온라인으로 주문한 상품은 어떻게 결제할 수 있나요?',
           '온라인 주문 시 신용·체크카드, 계좌이체, 간편결제 등 다양한 결제 수단을 지원합니다. 결제 수단은 결제 화면에서 확인하실 수 있습니다.',
           11
       );

INSERT INTO faq (faq_category_id, question, answer, sort_order)
VALUES (
           2,
           '주문 후 결제 수단을 변경할 수 있나요?',
           '이미 결제가 완료된 주문의 결제 수단은 변경이 불가능합니다. 결제 수단을 바꾸고 싶으시다면 기존 주문을 취소 후 다시 주문해 주세요.',
           12
       );

INSERT INTO faq (faq_category_id, question, answer, sort_order)
VALUES (
           2,
           '주문 내역을 어디서 확인할 수 있나요?',
           '로그인 후 마이페이지의 주문 내역 메뉴에서 지금까지의 주문 기록과 상세 정보를 확인하실 수 있습니다.',
           13
       );

INSERT INTO faq (faq_category_id, question, answer, sort_order)
VALUES (
           2,
           '주문이 정상적으로 완료되었는지 어떻게 확인하나요?',
           '결제가 완료되면 주문 완료 페이지가 표시되며, 동시에 안내 메일이 발송됩니다. 마이페이지 주문 내역에서도 주문 상태를 확인하실 수 있습니다.',
           14
       );

INSERT INTO faq (faq_category_id, question, answer, sort_order)
VALUES (
           2,
           '주문 후 결제가 계속 실패합니다. 어떻게 해야 하나요?',
           '결제 실패 시 결제 수단, 카드 한도, 보안 프로그램 등을 확인해 주세요. 문제가 계속될 경우 카드사 또는 결제 대행사 고객센터에 문의하시기 바랍니다.',
           15
       );

INSERT INTO faq (faq_category_id, question, answer, sort_order)
VALUES (
           2,
           '비회원도 주문이 가능한가요?',
           '일부 상품은 비회원 구매가 가능하지만, 주문 내역 조회 및 사후 서비스를 위해 회원 가입 후 이용하시는 것을 추천드립니다.',
           16
       );

INSERT INTO faq (faq_category_id, question, answer, sort_order)
VALUES (
           2,
           '입금 기한을 넘기면 주문은 어떻게 되나요?',
           '무통장 입금 등 입금이 필요한 결제 수단의 경우, 안내된 기한 내에 입금이 완료되지 않으면 주문이 자동 취소될 수 있습니다.',
           17
       );

INSERT INTO faq (faq_category_id, question, answer, sort_order)
VALUES (
           2,
           '주문 금액이 두 번 결제된 것 같습니다. 어떻게 처리되나요?',
           '결제 시스템 오류 등으로 중복 결제가 발생한 경우, 확인 후 한 건은 자동 또는 수동 환불 처리됩니다. 상세 내역은 고객센터로 문의해 주세요.',
           18
       );

INSERT INTO faq (faq_category_id, question, answer, sort_order)
VALUES (
           2,
           '주문을 취소했는데 카드 승인 내역이 남아 있습니다.',
           '카드 결제의 경우 취소 후 실제 승인 취소 반영까지 영업일 기준 며칠이 소요될 수 있습니다. 자세한 처리 일정은 카드사에 문의해 주세요.',
           19
       );

INSERT INTO faq (faq_category_id, question, answer, sort_order)
VALUES (
           2,
           '주문서에 기재한 정보(주소, 연락처)를 수정하고 싶어요.',
           '상품 준비 전 단계에서는 고객센터를 통해 정보를 수정해 드릴 수 있습니다. 배송 준비가 시작된 후에는 변경이 어려울 수 있습니다.',
           20
       );

-- 배송/픽업 관련 (카테고리 3)

INSERT INTO faq (faq_category_id, question, answer, sort_order)
VALUES (
           3,
           '온라인 주문 상품의 배송 기간은 얼마나 걸리나요?',
           '일반적인 경우 결제 완료 후 2~3영업일 이내 출고되며, 택배사의 사정에 따라 추가 시간이 소요될 수 있습니다. 예약 상품은 별도 안내된 일정을 따릅니다.',
           21
       );

INSERT INTO faq (faq_category_id, question, answer, sort_order)
VALUES (
           3,
           '배송비는 어떻게 책정되나요?',
           '기본 배송비는 주문 금액 또는 지역에 따라 다르게 적용됩니다. 일정 금액 이상 구매 시 무료 배송 혜택이 제공될 수 있으며, 상세 기준은 배송 안내를 참고해 주세요.',
           22
       );

INSERT INTO faq (faq_category_id, question, answer, sort_order)
VALUES (
           3,
           '해외 배송도 가능한가요?',
           '현재는 국내 배송만 지원하고 있으며, 추후 해외 배송 서비스가 오픈될 경우 공지사항을 통해 안내해 드릴 예정입니다.',
           23
       );

INSERT INTO faq (faq_category_id, question, answer, sort_order)
VALUES (
           3,
           '배송 조회는 어디에서 할 수 있나요?',
           '마이페이지의 주문 상세 화면에서 택배사와 송장번호를 확인할 수 있으며, 해당 정보를 통해 배송 추적이 가능합니다.',
           24
       );

INSERT INTO faq (faq_category_id, question, answer, sort_order)
VALUES (
           3,
           '여러 상품을 함께 주문하면 부분 배송이 되나요?',
           '상품 준비 상황에 따라 일부 상품이 먼저 발송될 수 있습니다. 부분 배송 여부 및 추가 배송비 발생은 상품 및 프로모션 정책에 따라 달라질 수 있습니다.',
           25
       );

INSERT INTO faq (faq_category_id, question, answer, sort_order)
VALUES (
           3,
           '배송 중 박스가 파손되었을 경우 어떻게 해야 하나요?',
           '수령 즉시 박스 상태와 상품을 촬영해 두시고, 고객센터로 사진과 함께 문의해 주시면 확인 후 교환 또는 환불 절차를 안내해 드립니다.',
           26
       );

INSERT INTO faq (faq_category_id, question, answer, sort_order)
VALUES (
           3,
           '수령 주소를 잘못 입력했어요. 변경이 가능할까요?',
           '상품이 출고되기 전이라면 주소 변경이 가능할 수 있지만, 이미 택배사에 인계된 경우에는 변경이 불가능할 수 있습니다. 최대한 빠르게 고객센터로 문의해 주세요.',
           27
       );

INSERT INTO faq (faq_category_id, question, answer, sort_order)
VALUES (
           3,
           '매장 픽업 서비스를 이용할 수 있나요?',
           '일부 상품은 매장 픽업 기능을 제공하고 있으며, 주문 시 수령 방법에서 매장 픽업을 선택할 수 있습니다. 픽업 가능 매장과 일정은 주문 화면에 안내됩니다.',
           28
       );

INSERT INTO faq (faq_category_id, question, answer, sort_order)
VALUES (
           3,
           '배송이 지연되고 있다는 안내를 받았습니다. 어떻게 처리되나요?',
           '입고 지연, 물류 센터 이슈 등으로 배송이 늦어질 경우 문자, 메일 등으로 안내해 드립니다. 원하실 경우 주문 취소 및 환불도 가능합니다.',
           29
       );

INSERT INTO faq (faq_category_id, question, answer, sort_order)
VALUES (
           3,
           '배송 완료라고 뜨지만 상품을 받지 못했습니다.',
           '가족 또는 경비실 수령 여부를 먼저 확인해 주시고, 그래도 찾지 못하셨다면 택배사와 고객센터로 문의해 주시면 위치 확인을 도와드리겠습니다.',
           30
       );

-- 회원/계정/포인트 관련 (카테고리 4)

INSERT INTO faq (faq_category_id, question, answer, sort_order)
VALUES (
           4,
           '회원 가입은 어떻게 하나요?',
           '홈 화면 우측 상단의 회원 가입 버튼을 눌러 이메일 또는 소셜 계정으로 간편하게 가입하실 수 있습니다.',
           31
       );

INSERT INTO faq (faq_category_id, question, answer, sort_order)
VALUES (
           4,
           '비밀번호를 잊어버렸습니다. 어떻게 재설정할 수 있나요?',
           '로그인 화면의 비밀번호 찾기 기능을 통해 가입 시 등록한 이메일로 비밀번호 재설정 링크를 보내드립니다.',
           32
       );

INSERT INTO faq (faq_category_id, question, answer, sort_order)
VALUES (
           4,
           '회원 탈퇴는 어디서 할 수 있나요?',
           '마이페이지의 계정 관리 메뉴에서 회원 탈퇴를 진행하실 수 있습니다. 탈퇴 시 보유 포인트 및 쿠폰은 모두 소멸됩니다.',
           33
       );

INSERT INTO faq (faq_category_id, question, answer, sort_order)
VALUES (
           4,
           '포인트는 어떻게 적립되나요?',
           '상품 구매 금액의 일정 비율이 포인트로 적립되며, 이벤트 참여나 리뷰 작성 등을 통해 추가 적립이 가능합니다. 적립 비율은 프로모션에 따라 변동될 수 있습니다.',
           34
       );

INSERT INTO faq (faq_category_id, question, answer, sort_order)
VALUES (
           4,
           '포인트는 어떻게 사용할 수 있나요?',
           '결제 화면에서 사용 가능한 포인트를 확인하고, 원하는 만큼 입력하여 상품 결제 금액 일부를 차감하실 수 있습니다. 최소 사용 단위와 조건은 안내를 참고해 주세요.',
           35
       );

INSERT INTO faq (faq_category_id, question, answer, sort_order)
VALUES (
           4,
           '포인트의 유효 기간이 있나요?',
           '기본적으로 포인트는 적립일로부터 일정 기간 동안 유효합니다. 유효 기간이 지난 포인트는 자동으로 소멸되며, 마이페이지에서 소멸 예정 포인트를 확인하실 수 있습니다.',
           36
       );

INSERT INTO faq (faq_category_id, question, answer, sort_order)
VALUES (
           4,
           '여러 계정의 포인트를 합칠 수 있나요?',
           '보안 및 정책상 서로 다른 계정의 포인트를 합산하거나 이전하는 것은 불가능합니다. 하나의 계정을 집중적으로 사용해 주시기를 권장드립니다.',
           37
       );

INSERT INTO faq (faq_category_id, question, answer, sort_order)
VALUES (
           4,
           '아이디(이메일)를 변경하고 싶습니다.',
           '보안을 위해 이메일 변경은 고객센터 확인 후 처리됩니다. 본인 인증 절차가 필요할 수 있습니다.',
           38
       );

INSERT INTO faq (faq_category_id, question, answer, sort_order)
VALUES (
           4,
           '휴면 계정은 어떻게 해제하나요?',
           '장기간 미사용으로 휴면 전환된 계정은 로그인 후 본인 확인 절차를 거치면 자동으로 해제됩니다.',
           39
       );

INSERT INTO faq (faq_category_id, question, answer, sort_order)
VALUES (
           4,
           '알림 수신 설정을 바꾸고 싶어요.',
           '마이페이지의 알림 설정 메뉴에서 이메일, 푸시 알림 등 수신 여부를 자유롭게 변경하실 수 있습니다.',
           40
       );

-- 서비스 이용/기타 (카테고리 5)

INSERT INTO faq (faq_category_id, question, answer, sort_order)
VALUES (
           5,
           '지도에서 굿즈 매장을 검색하는 방법을 알려주세요.',
           '홈 화면 상단의 검색창에서 작품명, 매장명, 지역명을 입력하거나, 지도 화면에서 확대·이동을 통해 근처 굿즈 매장을 확인할 수 있습니다.',
           41
       );

INSERT INTO faq (faq_category_id, question, answer, sort_order)
VALUES (
           5,
           '매장을 즐겨찾기(북마크)하면 어떤 점이 편리한가요?',
           '자주 방문하는 매장을 북마크해 두면, 마이페이지 또는 지도 화면에서 바로 확인할 수 있고, 해당 매장의 새 소식이나 팝업 일정도 빠르게 확인할 수 있습니다.',
           42
       );

INSERT INTO faq (faq_category_id, question, answer, sort_order)
VALUES (
           5,
           '리뷰 작성은 어떻게 할 수 있나요?',
           '로그인 후 매장 또는 상품 상세 페이지에서 리뷰 작성 버튼을 눌러 별점과 함께 후기를 남기실 수 있습니다.',
           43
       );

INSERT INTO faq (faq_category_id, question, answer, sort_order)
VALUES (
           5,
           '작성한 리뷰를 수정하거나 삭제할 수 있나요?',
           '마이페이지의 리뷰 관리 메뉴에서 본인이 작성한 리뷰를 확인하고, 일정 기간 내에는 수정 또는 삭제가 가능합니다.',
           44
       );

INSERT INTO faq (faq_category_id, question, answer, sort_order)
VALUES (
           5,
           '고객센터에 문의를 남기고 싶습니다. 어디서 할 수 있나요?',
           '앱 또는 웹 하단의 고객센터 메뉴를 통해 1:1 문의를 남기실 수 있으며, 운영 시간 내 순차적으로 답변을 드리고 있습니다.',
           45
       );

INSERT INTO faq (faq_category_id, question, answer, sort_order)
VALUES (
           5,
           '이벤트 및 프로모션 소식은 어디에서 확인하나요?',
           '이벤트 페이지와 공지사항, 그리고 메인 배너를 통해 진행 중인 이벤트와 예정된 프로모션 정보를 확인하실 수 있습니다.',
           46
       );

INSERT INTO faq (faq_category_id, question, answer, sort_order)
VALUES (
           5,
           '서비스 이용 중 오류가 발생했을 때 어떻게 해야 하나요?',
           '오류 화면을 캡처한 뒤, 사용 기기와 브라우저 정보와 함께 고객센터에 문의해 주시면 보다 빠른 원인 파악과 해결에 도움이 됩니다.',
           47
       );

INSERT INTO faq (faq_category_id, question, answer, sort_order)
VALUES (
           5,
           '지도에 표시되지 않는 매장을 제보할 수 있나요?',
           '네, 고객센터 또는 제휴 문의를 통해 매장 정보를 보내주시면 검토 후 지도에 반영될 수 있습니다.',
           48
       );

INSERT INTO faq (faq_category_id, question, answer, sort_order)
VALUES (
           5,
           '제휴 및 광고 문의는 어떻게 진행되나요?',
           '하단의 제휴 문의 메뉴를 통해 기본 정보를 남겨 주시면 담당자가 확인 후 메일 또는 전화로 연락을 드립니다.',
           49
       );

INSERT INTO faq (faq_category_id, question, answer, sort_order)
VALUES (
           5,
           '서비스 공지사항은 어디에서 확인할 수 있나요?',
           '홈 화면 또는 설정 메뉴의 공지사항 페이지에서 서비스 업데이트, 점검 일정, 정책 변경 등 중요한 안내를 확인하실 수 있습니다.',
           50
       );

commit ;INSERT INTO inquiry (
    member_id, category, title, content,
    status, answer_content, created_at, answered_at
) VALUES (
             1, 'ACCOUNT', '[테스트 문의 001] 서비스 이용 관련 문의드립니다.',
             '테스트용 더미 문의 001번입니다. 로그인, 주문, 결제, 매장 이용 등 서비스 전반에 대한 문의 내용을 예시로 작성하였습니다.',
             'DONE', '문의 001번에 대한 답변입니다. 확인 후 추가 문의 사항이 있으시면 다시 문의해 주세요.', SYSDATE - 40, SYSDATE - 39
         );

INSERT INTO inquiry (
    member_id, category, title, content,
    status, answer_content, created_at, answered_at
) VALUES (
             2, 'ACCOUNT', '[테스트 문의 002] 서비스 이용 관련 문의드립니다.',
             '테스트용 더미 문의 002번입니다. 로그인, 주문, 결제, 매장 이용 등 서비스 전반에 대한 문의 내용을 예시로 작성하였습니다.',
             'DONE', '문의 002번에 대한 답변입니다. 확인 후 추가 문의 사항이 있으시면 다시 문의해 주세요.', SYSDATE - 39, SYSDATE - 38
         );

INSERT INTO inquiry (
    member_id, category, title, content,
    status, answer_content, created_at, answered_at
) VALUES (
             3, 'ACCOUNT', '[테스트 문의 003] 서비스 이용 관련 문의드립니다.',
             '테스트용 더미 문의 003번입니다. 로그인, 주문, 결제, 매장 이용 등 서비스 전반에 대한 문의 내용을 예시로 작성하였습니다.',
             'DONE', '문의 003번에 대한 답변입니다. 확인 후 추가 문의 사항이 있으시면 다시 문의해 주세요.', SYSDATE - 38, SYSDATE - 37
         );

INSERT INTO inquiry (
    member_id, category, title, content,
    status, answer_content, created_at, answered_at
) VALUES (
             4, 'ACCOUNT', '[테스트 문의 004] 서비스 이용 관련 문의드립니다.',
             '테스트용 더미 문의 004번입니다. 로그인, 주문, 결제, 매장 이용 등 서비스 전반에 대한 문의 내용을 예시로 작성하였습니다.',
             'DONE', '문의 004번에 대한 답변입니다. 확인 후 추가 문의 사항이 있으시면 다시 문의해 주세요.', SYSDATE - 37, SYSDATE - 36
         );

INSERT INTO inquiry (
    member_id, category, title, content,
    status, answer_content, created_at, answered_at
) VALUES (
             5, 'ACCOUNT', '[테스트 문의 005] 서비스 이용 관련 문의드립니다.',
             '테스트용 더미 문의 005번입니다. 로그인, 주문, 결제, 매장 이용 등 서비스 전반에 대한 문의 내용을 예시로 작성하였습니다.',
             'DONE', '문의 005번에 대한 답변입니다. 확인 후 추가 문의 사항이 있으시면 다시 문의해 주세요.', SYSDATE - 36, SYSDATE - 35
         );

INSERT INTO inquiry (
    member_id, category, title, content,
    status, answer_content, created_at, answered_at
) VALUES (
             1, 'ACCOUNT', '[테스트 문의 006] 서비스 이용 관련 문의드립니다.',
             '테스트용 더미 문의 006번입니다. 로그인, 주문, 결제, 매장 이용 등 서비스 전반에 대한 문의 내용을 예시로 작성하였습니다.',
             'DONE', '문의 006번에 대한 답변입니다. 확인 후 추가 문의 사항이 있으시면 다시 문의해 주세요.', SYSDATE - 35, SYSDATE - 34
         );

INSERT INTO inquiry (
    member_id, category, title, content,
    status, answer_content, created_at, answered_at
) VALUES (
             2, 'ACCOUNT', '[테스트 문의 007] 서비스 이용 관련 문의드립니다.',
             '테스트용 더미 문의 007번입니다. 로그인, 주문, 결제, 매장 이용 등 서비스 전반에 대한 문의 내용을 예시로 작성하였습니다.',
             'DONE', '문의 007번에 대한 답변입니다. 확인 후 추가 문의 사항이 있으시면 다시 문의해 주세요.', SYSDATE - 34, SYSDATE - 33
         );

INSERT INTO inquiry (
    member_id, category, title, content,
    status, answer_content, created_at, answered_at
) VALUES (
             3, 'ACCOUNT', '[테스트 문의 008] 서비스 이용 관련 문의드립니다.',
             '테스트용 더미 문의 008번입니다. 로그인, 주문, 결제, 매장 이용 등 서비스 전반에 대한 문의 내용을 예시로 작성하였습니다.',
             'DONE', '문의 008번에 대한 답변입니다. 확인 후 추가 문의 사항이 있으시면 다시 문의해 주세요.', SYSDATE - 33, SYSDATE - 32
         );

INSERT INTO inquiry (
    member_id, category, title, content,
    status, answer_content, created_at, answered_at
) VALUES (
             4, 'ACCOUNT', '[테스트 문의 009] 서비스 이용 관련 문의드립니다.',
             '테스트용 더미 문의 009번입니다. 로그인, 주문, 결제, 매장 이용 등 서비스 전반에 대한 문의 내용을 예시로 작성하였습니다.',
             'DONE', '문의 009번에 대한 답변입니다. 확인 후 추가 문의 사항이 있으시면 다시 문의해 주세요.', SYSDATE - 32, SYSDATE - 31
         );

INSERT INTO inquiry (
    member_id, category, title, content,
    status, answer_content, created_at, answered_at
) VALUES (
             5, 'ACCOUNT', '[테스트 문의 010] 서비스 이용 관련 문의드립니다.',
             '테스트용 더미 문의 010번입니다. 로그인, 주문, 결제, 매장 이용 등 서비스 전반에 대한 문의 내용을 예시로 작성하였습니다.',
             'DONE', '문의 010번에 대한 답변입니다. 확인 후 추가 문의 사항이 있으시면 다시 문의해 주세요.', SYSDATE - 31, SYSDATE - 30
         );

INSERT INTO inquiry (
    member_id, category, title, content,
    status, answer_content, created_at, answered_at
) VALUES (
             1, 'ORDER', '[테스트 문의 011] 서비스 이용 관련 문의드립니다.',
             '테스트용 더미 문의 011번입니다. 로그인, 주문, 결제, 매장 이용 등 서비스 전반에 대한 문의 내용을 예시로 작성하였습니다.',
             'DONE', '문의 011번에 대한 답변입니다. 확인 후 추가 문의 사항이 있으시면 다시 문의해 주세요.', SYSDATE - 30, SYSDATE - 29
         );

INSERT INTO inquiry (
    member_id, category, title, content,
    status, answer_content, created_at, answered_at
) VALUES (
             2, 'ORDER', '[테스트 문의 012] 서비스 이용 관련 문의드립니다.',
             '테스트용 더미 문의 012번입니다. 로그인, 주문, 결제, 매장 이용 등 서비스 전반에 대한 문의 내용을 예시로 작성하였습니다.',
             'DONE', '문의 012번에 대한 답변입니다. 확인 후 추가 문의 사항이 있으시면 다시 문의해 주세요.', SYSDATE - 29, SYSDATE - 28
         );

INSERT INTO inquiry (
    member_id, category, title, content,
    status, answer_content, created_at, answered_at
) VALUES (
             3, 'ORDER', '[테스트 문의 013] 서비스 이용 관련 문의드립니다.',
             '테스트용 더미 문의 013번입니다. 로그인, 주문, 결제, 매장 이용 등 서비스 전반에 대한 문의 내용을 예시로 작성하였습니다.',
             'DONE', '문의 013번에 대한 답변입니다. 확인 후 추가 문의 사항이 있으시면 다시 문의해 주세요.', SYSDATE - 28, SYSDATE - 27
         );

INSERT INTO inquiry (
    member_id, category, title, content,
    status, answer_content, created_at, answered_at
) VALUES (
             4, 'ORDER', '[테스트 문의 014] 서비스 이용 관련 문의드립니다.',
             '테스트용 더미 문의 014번입니다. 로그인, 주문, 결제, 매장 이용 등 서비스 전반에 대한 문의 내용을 예시로 작성하였습니다.',
             'DONE', '문의 014번에 대한 답변입니다. 확인 후 추가 문의 사항이 있으시면 다시 문의해 주세요.', SYSDATE - 27, SYSDATE - 26
         );

INSERT INTO inquiry (
    member_id, category, title, content,
    status, answer_content, created_at, answered_at
) VALUES (
             5, 'ORDER', '[테스트 문의 015] 서비스 이용 관련 문의드립니다.',
             '테스트용 더미 문의 015번입니다. 로그인, 주문, 결제, 매장 이용 등 서비스 전반에 대한 문의 내용을 예시로 작성하였습니다.',
             'DONE', '문의 015번에 대한 답변입니다. 확인 후 추가 문의 사항이 있으시면 다시 문의해 주세요.', SYSDATE - 26, SYSDATE - 25
         );

INSERT INTO inquiry (
    member_id, category, title, content,
    status, answer_content, created_at, answered_at
) VALUES (
             1, 'ORDER', '[테스트 문의 016] 서비스 이용 관련 문의드립니다.',
             '테스트용 더미 문의 016번입니다. 로그인, 주문, 결제, 매장 이용 등 서비스 전반에 대한 문의 내용을 예시로 작성하였습니다.',
             'DONE', '문의 016번에 대한 답변입니다. 확인 후 추가 문의 사항이 있으시면 다시 문의해 주세요.', SYSDATE - 25, SYSDATE - 24
         );

INSERT INTO inquiry (
    member_id, category, title, content,
    status, answer_content, created_at, answered_at
) VALUES (
             2, 'ORDER', '[테스트 문의 017] 서비스 이용 관련 문의드립니다.',
             '테스트용 더미 문의 017번입니다. 로그인, 주문, 결제, 매장 이용 등 서비스 전반에 대한 문의 내용을 예시로 작성하였습니다.',
             'DONE', '문의 017번에 대한 답변입니다. 확인 후 추가 문의 사항이 있으시면 다시 문의해 주세요.', SYSDATE - 24, SYSDATE - 23
         );

INSERT INTO inquiry (
    member_id, category, title, content,
    status, answer_content, created_at, answered_at
) VALUES (
             3, 'ORDER', '[테스트 문의 018] 서비스 이용 관련 문의드립니다.',
             '테스트용 더미 문의 018번입니다. 로그인, 주문, 결제, 매장 이용 등 서비스 전반에 대한 문의 내용을 예시로 작성하였습니다.',
             'DONE', '문의 018번에 대한 답변입니다. 확인 후 추가 문의 사항이 있으시면 다시 문의해 주세요.', SYSDATE - 23, SYSDATE - 22
         );

INSERT INTO inquiry (
    member_id, category, title, content,
    status, answer_content, created_at, answered_at
) VALUES (
             4, 'ORDER', '[테스트 문의 019] 서비스 이용 관련 문의드립니다.',
             '테스트용 더미 문의 019번입니다. 로그인, 주문, 결제, 매장 이용 등 서비스 전반에 대한 문의 내용을 예시로 작성하였습니다.',
             'DONE', '문의 019번에 대한 답변입니다. 확인 후 추가 문의 사항이 있으시면 다시 문의해 주세요.', SYSDATE - 22, SYSDATE - 21
         );

INSERT INTO inquiry (
    member_id, category, title, content,
    status, answer_content, created_at, answered_at
) VALUES (
             5, 'ORDER', '[테스트 문의 020] 서비스 이용 관련 문의드립니다.',
             '테스트용 더미 문의 020번입니다. 로그인, 주문, 결제, 매장 이용 등 서비스 전반에 대한 문의 내용을 예시로 작성하였습니다.',
             'DONE', '문의 020번에 대한 답변입니다. 확인 후 추가 문의 사항이 있으시면 다시 문의해 주세요.', SYSDATE - 21, SYSDATE - 20
         );

INSERT INTO inquiry (
    member_id, category, title, content,
    status, answer_content, created_at, answered_at
) VALUES (
             1, 'PAYMENT', '[테스트 문의 021] 서비스 이용 관련 문의드립니다.',
             '테스트용 더미 문의 021번입니다. 로그인, 주문, 결제, 매장 이용 등 서비스 전반에 대한 문의 내용을 예시로 작성하였습니다.',
             'DONE', '문의 021번에 대한 답변입니다. 확인 후 추가 문의 사항이 있으시면 다시 문의해 주세요.', SYSDATE - 20, SYSDATE - 19
         );

INSERT INTO inquiry (
    member_id, category, title, content,
    status, answer_content, created_at, answered_at
) VALUES (
             2, 'PAYMENT', '[테스트 문의 022] 서비스 이용 관련 문의드립니다.',
             '테스트용 더미 문의 022번입니다. 로그인, 주문, 결제, 매장 이용 등 서비스 전반에 대한 문의 내용을 예시로 작성하였습니다.',
             'DONE', '문의 022번에 대한 답변입니다. 확인 후 추가 문의 사항이 있으시면 다시 문의해 주세요.', SYSDATE - 19, SYSDATE - 18
         );

INSERT INTO inquiry (
    member_id, category, title, content,
    status, answer_content, created_at, answered_at
) VALUES (
             3, 'PAYMENT', '[테스트 문의 023] 서비스 이용 관련 문의드립니다.',
             '테스트용 더미 문의 023번입니다. 로그인, 주문, 결제, 매장 이용 등 서비스 전반에 대한 문의 내용을 예시로 작성하였습니다.',
             'DONE', '문의 023번에 대한 답변입니다. 확인 후 추가 문의 사항이 있으시면 다시 문의해 주세요.', SYSDATE - 18, SYSDATE - 17
         );

INSERT INTO inquiry (
    member_id, category, title, content,
    status, answer_content, created_at, answered_at
) VALUES (
             4, 'PAYMENT', '[테스트 문의 024] 서비스 이용 관련 문의드립니다.',
             '테스트용 더미 문의 024번입니다. 로그인, 주문, 결제, 매장 이용 등 서비스 전반에 대한 문의 내용을 예시로 작성하였습니다.',
             'DONE', '문의 024번에 대한 답변입니다. 확인 후 추가 문의 사항이 있으시면 다시 문의해 주세요.', SYSDATE - 17, SYSDATE - 16
         );

INSERT INTO inquiry (
    member_id, category, title, content,
    status, answer_content, created_at, answered_at
) VALUES (
             5, 'PAYMENT', '[테스트 문의 025] 서비스 이용 관련 문의드립니다.',
             '테스트용 더미 문의 025번입니다. 로그인, 주문, 결제, 매장 이용 등 서비스 전반에 대한 문의 내용을 예시로 작성하였습니다.',
             'DONE', '문의 025번에 대한 답변입니다. 확인 후 추가 문의 사항이 있으시면 다시 문의해 주세요.', SYSDATE - 16, SYSDATE - 15
         );

-- 여기까지 1~25번: 답변 완료(DONE)

-- 26~50번: 답변 대기(WAIT), answer_content/answered_at NULL

INSERT INTO inquiry (
    member_id, category, title, content,
    status, answer_content, created_at, answered_at
) VALUES (
             1, 'PAYMENT', '[테스트 문의 026] 서비스 이용 관련 문의드립니다.',
             '테스트용 더미 문의 026번입니다. 로그인, 주문, 결제, 매장 이용 등 서비스 전반에 대한 문의 내용을 예시로 작성하였습니다.',
             'WAIT', NULL, SYSDATE - 5, NULL
         );

INSERT INTO inquiry (
    member_id, category, title, content,
    status, answer_content, created_at, answered_at
) VALUES (
             2, 'PAYMENT', '[테스트 문의 027] 서비스 이용 관련 문의드립니다.',
             '테스트용 더미 문의 027번입니다. 로그인, 주문, 결제, 매장 이용 등 서비스 전반에 대한 문의 내용을 예시로 작성하였습니다.',
             'WAIT', NULL, SYSDATE - 5, NULL
         );

INSERT INTO inquiry (
    member_id, category, title, content,
    status, answer_content, created_at, answered_at
) VALUES (
             3, 'PAYMENT', '[테스트 문의 028] 서비스 이용 관련 문의드립니다.',
             '테스트용 더미 문의 028번입니다. 로그인, 주문, 결제, 매장 이용 등 서비스 전반에 대한 문의 내용을 예시로 작성하였습니다.',
             'WAIT', NULL, SYSDATE - 5, NULL
         );

INSERT INTO inquiry (
    member_id, category, title, content,
    status, answer_content, created_at, answered_at
) VALUES (
             4, 'PAYMENT', '[테스트 문의 029] 서비스 이용 관련 문의드립니다.',
             '테스트용 더미 문의 029번입니다. 로그인, 주문, 결제, 매장 이용 등 서비스 전반에 대한 문의 내용을 예시로 작성하였습니다.',
             'WAIT', NULL, SYSDATE - 5, NULL
         );

INSERT INTO inquiry (
    member_id, category, title, content,
    status, answer_content, created_at, answered_at
) VALUES (
             5, 'PAYMENT', '[테스트 문의 030] 서비스 이용 관련 문의드립니다.',
             '테스트용 더미 문의 030번입니다. 로그인, 주문, 결제, 매장 이용 등 서비스 전반에 대한 문의 내용을 예시로 작성하였습니다.',
             'WAIT', NULL, SYSDATE - 5, NULL
         );

INSERT INTO inquiry (
    member_id, category, title, content,
    status, answer_content, created_at, answered_at
) VALUES (
             1, 'STORE', '[테스트 문의 031] 서비스 이용 관련 문의드립니다.',
             '테스트용 더미 문의 031번입니다. 로그인, 주문, 결제, 매장 이용 등 서비스 전반에 대한 문의 내용을 예시로 작성하였습니다.',
             'WAIT', NULL, SYSDATE - 5, NULL
         );

INSERT INTO inquiry (
    member_id, category, title, content,
    status, answer_content, created_at, answered_at
) VALUES (
             2, 'STORE', '[테스트 문의 032] 서비스 이용 관련 문의드립니다.',
             '테스트용 더미 문의 032번입니다. 로그인, 주문, 결제, 매장 이용 등 서비스 전반에 대한 문의 내용을 예시로 작성하였습니다.',
             'WAIT', NULL, SYSDATE - 5, NULL
         );

INSERT INTO inquiry (
    member_id, category, title, content,
    status, answer_content, created_at, answered_at
) VALUES (
             3, 'STORE', '[테스트 문의 033] 서비스 이용 관련 문의드립니다.',
             '테스트용 더미 문의 033번입니다. 로그인, 주문, 결제, 매장 이용 등 서비스 전반에 대한 문의 내용을 예시로 작성하였습니다.',
             'WAIT', NULL, SYSDATE - 5, NULL
         );

INSERT INTO inquiry (
    member_id, category, title, content,
    status, answer_content, created_at, answered_at
) VALUES (
             4, 'STORE', '[테스트 문의 034] 서비스 이용 관련 문의드립니다.',
             '테스트용 더미 문의 034번입니다. 로그인, 주문, 결제, 매장 이용 등 서비스 전반에 대한 문의 내용을 예시로 작성하였습니다.',
             'WAIT', NULL, SYSDATE - 5, NULL
         );

INSERT INTO inquiry (
    member_id, category, title, content,
    status, answer_content, created_at, answered_at
) VALUES (
             5, 'STORE', '[테스트 문의 035] 서비스 이용 관련 문의드립니다.',
             '테스트용 더미 문의 035번입니다. 로그인, 주문, 결제, 매장 이용 등 서비스 전반에 대한 문의 내용을 예시로 작성하였습니다.',
             'WAIT', NULL, SYSDATE - 5, NULL
         );

INSERT INTO inquiry (
    member_id, category, title, content,
    status, answer_content, created_at, answered_at
) VALUES (
             1, 'STORE', '[테스트 문의 036] 서비스 이용 관련 문의드립니다.',
             '테스트용 더미 문의 036번입니다. 로그인, 주문, 결제, 매장 이용 등 서비스 전반에 대한 문의 내용을 예시로 작성하였습니다.',
             'WAIT', NULL, SYSDATE - 5, NULL
         );

INSERT INTO inquiry (
    member_id, category, title, content,
    status, answer_content, created_at, answered_at
) VALUES (
             2, 'STORE', '[테스트 문의 037] 서비스 이용 관련 문의드립니다.',
             '테스트용 더미 문의 037번입니다. 로그인, 주문, 결제, 매장 이용 등 서비스 전반에 대한 문의 내용을 예시로 작성하였습니다.',
             'WAIT', NULL, SYSDATE - 5, NULL
         );

INSERT INTO inquiry (
    member_id, category, title, content,
    status, answer_content, created_at, answered_at
) VALUES (
             3, 'STORE', '[테스트 문의 038] 서비스 이용 관련 문의드립니다.',
             '테스트용 더미 문의 038번입니다. 로그인, 주문, 결제, 매장 이용 등 서비스 전반에 대한 문의 내용을 예시로 작성하였습니다.',
             'WAIT', NULL, SYSDATE - 5, NULL
         );

INSERT INTO inquiry (
    member_id, category, title, content,
    status, answer_content, created_at, answered_at
) VALUES (
             4, 'STORE', '[테스트 문의 039] 서비스 이용 관련 문의드립니다.',
             '테스트용 더미 문의 039번입니다. 로그인, 주문, 결제, 매장 이용 등 서비스 전반에 대한 문의 내용을 예시로 작성하였습니다.',
             'WAIT', NULL, SYSDATE - 5, NULL
         );

INSERT INTO inquiry (
    member_id, category, title, content,
    status, answer_content, created_at, answered_at
) VALUES (
             5, 'STORE', '[테스트 문의 040] 서비스 이용 관련 문의드립니다.',
             '테스트용 더미 문의 040번입니다. 로그인, 주문, 결제, 매장 이용 등 서비스 전반에 대한 문의 내용을 예시로 작성하였습니다.',
             'WAIT', NULL, SYSDATE - 5, NULL
         );

INSERT INTO inquiry (
    member_id, category, title, content,
    status, answer_content, created_at, answered_at
) VALUES (
             1, 'ETC', '[테스트 문의 041] 서비스 이용 관련 문의드립니다.',
             '테스트용 더미 문의 041번입니다. 로그인, 주문, 결제, 매장 이용 등 서비스 전반에 대한 문의 내용을 예시로 작성하였습니다.',
             'WAIT', NULL, SYSDATE - 5, NULL
         );

INSERT INTO inquiry (
    member_id, category, title, content,
    status, answer_content, created_at, answered_at
) VALUES (
             2, 'ETC', '[테스트 문의 042] 서비스 이용 관련 문의드립니다.',
             '테스트용 더미 문의 042번입니다. 로그인, 주문, 결제, 매장 이용 등 서비스 전반에 대한 문의 내용을 예시로 작성하였습니다.',
             'WAIT', NULL, SYSDATE - 5, NULL
         );

INSERT INTO inquiry (
    member_id, category, title, content,
    status, answer_content, created_at, answered_at
) VALUES (
             3, 'ETC', '[테스트 문의 043] 서비스 이용 관련 문의드립니다.',
             '테스트용 더미 문의 043번입니다. 로그인, 주문, 결제, 매장 이용 등 서비스 전반에 대한 문의 내용을 예시로 작성하였습니다.',
             'WAIT', NULL, SYSDATE - 5, NULL
         );

INSERT INTO inquiry (
    member_id, category, title, content,
    status, answer_content, created_at, answered_at
) VALUES (
             4, 'ETC', '[테스트 문의 044] 서비스 이용 관련 문의드립니다.',
             '테스트용 더미 문의 044번입니다. 로그인, 주문, 결제, 매장 이용 등 서비스 전반에 대한 문의 내용을 예시로 작성하였습니다.',
             'WAIT', NULL, SYSDATE - 5, NULL
         );

INSERT INTO inquiry (
    member_id, category, title, content,
    status, answer_content, created_at, answered_at
) VALUES (
             5, 'ETC', '[테스트 문의 045] 서비스 이용 관련 문의드립니다.',
             '테스트용 더미 문의 045번입니다. 로그인, 주문, 결제, 매장 이용 등 서비스 전반에 대한 문의 내용을 예시로 작성하였습니다.',
             'WAIT', NULL, SYSDATE - 5, NULL
         );

INSERT INTO inquiry (
    member_id, category, title, content,
    status, answer_content, created_at, answered_at
) VALUES (
             1, 'ETC', '[테스트 문의 046] 서비스 이용 관련 문의드립니다.',
             '테스트용 더미 문의 046번입니다. 로그인, 주문, 결제, 매장 이용 등 서비스 전반에 대한 문의 내용을 예시로 작성하였습니다.',
             'WAIT', NULL, SYSDATE - 5, NULL
         );

INSERT INTO inquiry (
    member_id, category, title, content,
    status, answer_content, created_at, answered_at
) VALUES (
             2, 'ETC', '[테스트 문의 047] 서비스 이용 관련 문의드립니다.',
             '테스트용 더미 문의 047번입니다. 로그인, 주문, 결제, 매장 이용 등 서비스 전반에 대한 문의 내용을 예시로 작성하였습니다.',
             'WAIT', NULL, SYSDATE - 5, NULL
         );

INSERT INTO inquiry (
    member_id, category, title, content,
    status, answer_content, created_at, answered_at
) VALUES (
             3, 'ETC', '[테스트 문의 048] 서비스 이용 관련 문의드립니다.',
             '테스트용 더미 문의 048번입니다. 로그인, 주문, 결제, 매장 이용 등 서비스 전반에 대한 문의 내용을 예시로 작성하였습니다.',
             'WAIT', NULL, SYSDATE - 5, NULL
         );

INSERT INTO inquiry (
    member_id, category, title, content,
    status, answer_content, created_at, answered_at
) VALUES (
             4, 'ETC', '[테스트 문의 049] 서비스 이용 관련 문의드립니다.',
             '테스트용 더미 문의 049번입니다. 로그인, 주문, 결제, 매장 이용 등 서비스 전반에 대한 문의 내용을 예시로 작성하였습니다.',
             'WAIT', NULL, SYSDATE - 5, NULL
         );

INSERT INTO inquiry (
    member_id, category, title, content,
    status, answer_content, created_at, answered_at
) VALUES (
             5, 'ETC', '[테스트 문의 050] 서비스 이용 관련 문의드립니다.',
             '테스트용 더미 문의 050번입니다. 로그인, 주문, 결제, 매장 이용 등 서비스 전반에 대한 문의 내용을 예시로 작성하였습니다.',
             'WAIT', NULL, SYSDATE - 5, NULL
         );

commit ;
INSERT INTO main_banner (
    banner_id, title, image_url,
    link_type, link_target_id, link_url,
    start_date, end_date,
    sort_order, active_yn
) VALUES (
             1,
             '굿즈로드 오픈 기념 메인 이벤트',
             'https://example.com/banner/main_open_event.jpg',
             'EVENT',
             1001,
             '/event/1001',
             SYSDATE - 7,
             SYSDATE + 7,
             1,
             'Y'
         );

INSERT INTO main_banner (
    banner_id, title, image_url,
    link_type, link_target_id, link_url,
    start_date, end_date,
    sort_order, active_yn
) VALUES (
             2,
             '홍대 한정 팝업스토어 안내',
             'https://example.com/banner/popup_hongdae.jpg',
             'POPUP',
             1,
             '/popup/1',
             SYSDATE - 3,
             SYSDATE + 10,
             2,
             'Y'
         );

INSERT INTO main_banner (
    banner_id, title, image_url,
    link_type, link_target_id, link_url,
    start_date, end_date,
    sort_order, active_yn
) VALUES (
             3,
             '주말 한정 럭키박스 타임세일',
             'https://example.com/banner/weekend_luckybox.jpg',
             'EVENT',
             1002,
             '/event/1002',
             SYSDATE - 1,
             SYSDATE + 2,
             3,
             'Y'
         );

INSERT INTO main_banner (
    banner_id, title, image_url,
    link_type, link_target_id, link_url,
    start_date, end_date,
    sort_order, active_yn
) VALUES (
             4,
             '굿즈 교환 · 나눔 가이드 확인하기',
             'https://example.com/banner/trade_guide.jpg',
             'URL',
             NULL,
             '/guide/trade',
             SYSDATE - 30,
             SYSDATE + 365,
             4,
             'Y'
         );

INSERT INTO main_banner (
    banner_id, title, image_url,
    link_type, link_target_id, link_url,
    start_date, end_date,
    sort_order, active_yn
) VALUES (
             5,
             '신규 회원 가입 시 웰컴 쿠폰 지급',
             'https://example.com/banner/welcome_coupon.jpg',
             'EVENT',
             1003,
             '/event/1003',
             SYSDATE - 10,
             SYSDATE + 20,
             5,
             'Y'
         );

INSERT INTO main_banner (
    banner_id, title, image_url,
    link_type, link_target_id, link_url,
    start_date, end_date,
    sort_order, active_yn
) VALUES (
             6,
             '포인트 2배 적립 프로모션',
             'https://example.com/banner/point_x2.jpg',
             'EVENT',
             1004,
             '/event/1004',
             SYSDATE - 5,
             SYSDATE + 5,
             6,
             'Y'
         );

INSERT INTO main_banner (
    banner_id, title, image_url,
    link_type, link_target_id, link_url,
    start_date, end_date,
    sort_order, active_yn
) VALUES (
             7,
             '굿즈로드 앱 다운로드 안내',
             'https://example.com/banner/app_download.jpg',
             'URL',
             NULL,
             'https://example.com/app',
             SYSDATE - 60,
             SYSDATE + 365,
             7,
             'Y'
         );

INSERT INTO main_banner (
    banner_id, title, image_url,
    link_type, link_target_id, link_url,
    start_date, end_date,
    sort_order, active_yn
) VALUES (
             8,
             '지난 시즌 한정 굿즈 아카이브',
             'https://example.com/banner/archive_season1.jpg',
             'URL',
             NULL,
             '/archive/season1',
             SYSDATE - 90,
             SYSDATE - 1,
             8,
             'N'
         );

INSERT INTO main_banner (
    banner_id, title, image_url,
    link_type, link_target_id, link_url,
    start_date, end_date,
    sort_order, active_yn
) VALUES (
             9,
             '다음 주 오픈 예정 신규 팝업 선공개',
             'https://example.com/banner/upcoming_popup.jpg',
             'POPUP',
             2,
             '/popup/2',
             SYSDATE + 3,
             SYSDATE + 20,
             9,
             'Y'
         );

INSERT INTO main_banner (
    banner_id, title, image_url,
    link_type, link_target_id, link_url,
    start_date, end_date,
    sort_order, active_yn
) VALUES (
             10,
             '자주 묻는 질문(FAQ) 바로가기',
             'https://example.com/banner/faq_shortcut.jpg',
             'URL',
             NULL,
             '/faq',
             SYSDATE - 15,
             SYSDATE + 365,
             10,
             'Y'
         );
INSERT INTO member_notification_setting (
    member_id, comment_yn, like_yn, trade_yn, event_yn, created_at, updated_at
) VALUES (1,  'Y', 'Y', 'Y', 'Y', SYSDATE - 10, SYSDATE - 1);

INSERT INTO member_notification_setting (
    member_id, comment_yn, like_yn, trade_yn, event_yn, created_at, updated_at
) VALUES (2,  'Y', 'Y', 'Y', 'Y', SYSDATE - 10, SYSDATE - 1);

INSERT INTO member_notification_setting (
    member_id, comment_yn, like_yn, trade_yn, event_yn, created_at, updated_at
) VALUES (3,  'Y', 'Y', 'Y', 'Y', SYSDATE - 10, SYSDATE - 1);

INSERT INTO member_notification_setting (
    member_id, comment_yn, like_yn, trade_yn, event_yn, created_at, updated_at
) VALUES (4,  'Y', 'Y', 'Y', 'Y', SYSDATE - 10, SYSDATE - 1);

INSERT INTO member_notification_setting (
    member_id, comment_yn, like_yn, trade_yn, event_yn, created_at, updated_at
) VALUES (5,  'Y', 'Y', 'Y', 'Y', SYSDATE - 10, SYSDATE - 1);

INSERT INTO member_notification_setting (
    member_id, comment_yn, like_yn, trade_yn, event_yn, created_at, updated_at
) VALUES (6,  'Y', 'Y', 'Y', 'Y', SYSDATE - 10, SYSDATE - 1);

INSERT INTO member_notification_setting (
    member_id, comment_yn, like_yn, trade_yn, event_yn, created_at, updated_at
) VALUES (7,  'Y', 'Y', 'Y', 'Y', SYSDATE - 10, SYSDATE - 1);

INSERT INTO member_notification_setting (
    member_id, comment_yn, like_yn, trade_yn, event_yn, created_at, updated_at
) VALUES (8,  'Y', 'Y', 'Y', 'Y', SYSDATE - 10, SYSDATE - 1);

INSERT INTO member_notification_setting (
    member_id, comment_yn, like_yn, trade_yn, event_yn, created_at, updated_at
) VALUES (9,  'Y', 'Y', 'Y', 'Y', SYSDATE - 10, SYSDATE - 1);

INSERT INTO member_notification_setting (
    member_id, comment_yn, like_yn, trade_yn, event_yn, created_at, updated_at
) VALUES (10, 'Y', 'Y', 'Y', 'Y', SYSDATE - 10, SYSDATE - 1);

-- 11 ~ 20
INSERT INTO member_notification_setting (
    member_id, comment_yn, like_yn, trade_yn, event_yn, created_at, updated_at
) VALUES (11, 'Y', 'Y', 'Y', 'Y', SYSDATE - 9, SYSDATE - 1);

INSERT INTO member_notification_setting (
    member_id, comment_yn, like_yn, trade_yn, event_yn, created_at, updated_at
) VALUES (12, 'Y', 'Y', 'Y', 'Y', SYSDATE - 9, SYSDATE - 1);

INSERT INTO member_notification_setting (
    member_id, comment_yn, like_yn, trade_yn, event_yn, created_at, updated_at
) VALUES (13, 'Y', 'Y', 'Y', 'Y', SYSDATE - 9, SYSDATE - 1);

INSERT INTO member_notification_setting (
    member_id, comment_yn, like_yn, trade_yn, event_yn, created_at, updated_at
) VALUES (14, 'Y', 'Y', 'Y', 'Y', SYSDATE - 9, SYSDATE - 1);

INSERT INTO member_notification_setting (
    member_id, comment_yn, like_yn, trade_yn, event_yn, created_at, updated_at
) VALUES (15, 'Y', 'Y', 'Y', 'Y', SYSDATE - 9, SYSDATE - 1);

INSERT INTO member_notification_setting (
    member_id, comment_yn, like_yn, trade_yn, event_yn, created_at, updated_at
) VALUES (16, 'Y', 'Y', 'Y', 'Y', SYSDATE - 9, SYSDATE - 1);

INSERT INTO member_notification_setting (
    member_id, comment_yn, like_yn, trade_yn, event_yn, created_at, updated_at
) VALUES (17, 'Y', 'Y', 'Y', 'Y', SYSDATE - 9, SYSDATE - 1);

INSERT INTO member_notification_setting (
    member_id, comment_yn, like_yn, trade_yn, event_yn, created_at, updated_at
) VALUES (18, 'Y', 'Y', 'Y', 'Y', SYSDATE - 9, SYSDATE - 1);

INSERT INTO member_notification_setting (
    member_id, comment_yn, like_yn, trade_yn, event_yn, created_at, updated_at
) VALUES (19, 'Y', 'Y', 'Y', 'Y', SYSDATE - 9, SYSDATE - 1);

INSERT INTO member_notification_setting (
    member_id, comment_yn, like_yn, trade_yn, event_yn, created_at, updated_at
) VALUES (20, 'Y', 'Y', 'Y', 'Y', SYSDATE - 9, SYSDATE - 1);

-- 21 ~ 30
INSERT INTO member_notification_setting (
    member_id, comment_yn, like_yn, trade_yn, event_yn, created_at, updated_at
) VALUES (21, 'Y', 'Y', 'Y', 'Y', SYSDATE - 8, SYSDATE - 1);

INSERT INTO member_notification_setting (
    member_id, comment_yn, like_yn, trade_yn, event_yn, created_at, updated_at
) VALUES (22, 'Y', 'Y', 'Y', 'Y', SYSDATE - 8, SYSDATE - 1);

INSERT INTO member_notification_setting (
    member_id, comment_yn, like_yn, trade_yn, event_yn, created_at, updated_at
) VALUES (23, 'Y', 'Y', 'Y', 'Y', SYSDATE - 8, SYSDATE - 1);

INSERT INTO member_notification_setting (
    member_id, comment_yn, like_yn, trade_yn, event_yn, created_at, updated_at
) VALUES (24, 'Y', 'Y', 'Y', 'Y', SYSDATE - 8, SYSDATE - 1);

INSERT INTO member_notification_setting (
    member_id, comment_yn, like_yn, trade_yn, event_yn, created_at, updated_at
) VALUES (25, 'Y', 'Y', 'Y', 'Y', SYSDATE - 8, SYSDATE - 1);

INSERT INTO member_notification_setting (
    member_id, comment_yn, like_yn, trade_yn, event_yn, created_at, updated_at
) VALUES (26, 'Y', 'Y', 'Y', 'Y', SYSDATE - 8, SYSDATE - 1);

INSERT INTO member_notification_setting (
    member_id, comment_yn, like_yn, trade_yn, event_yn, created_at, updated_at
) VALUES (27, 'Y', 'Y', 'Y', 'Y', SYSDATE - 8, SYSDATE - 1);

INSERT INTO member_notification_setting (
    member_id, comment_yn, like_yn, trade_yn, event_yn, created_at, updated_at
) VALUES (28, 'Y', 'Y', 'Y', 'Y', SYSDATE - 8, SYSDATE - 1);

INSERT INTO member_notification_setting (
    member_id, comment_yn, like_yn, trade_yn, event_yn, created_at, updated_at
) VALUES (29, 'Y', 'Y', 'Y', 'Y', SYSDATE - 8, SYSDATE - 1);

INSERT INTO member_notification_setting (
    member_id, comment_yn, like_yn, trade_yn, event_yn, created_at, updated_at
) VALUES (30, 'Y', 'Y', 'Y', 'Y', SYSDATE - 8, SYSDATE - 1);

-- 31 ~ 40
INSERT INTO member_notification_setting (
    member_id, comment_yn, like_yn, trade_yn, event_yn, created_at, updated_at
) VALUES (31, 'Y', 'Y', 'Y', 'Y', SYSDATE - 7, SYSDATE - 1);

INSERT INTO member_notification_setting (
    member_id, comment_yn, like_yn, trade_yn, event_yn, created_at, updated_at
) VALUES (32, 'Y', 'Y', 'Y', 'Y', SYSDATE - 7, SYSDATE - 1);

INSERT INTO member_notification_setting (
    member_id, comment_yn, like_yn, trade_yn, event_yn, created_at, updated_at
) VALUES (33, 'Y', 'Y', 'Y', 'Y', SYSDATE - 7, SYSDATE - 1);

INSERT INTO member_notification_setting (
    member_id, comment_yn, like_yn, trade_yn, event_yn, created_at, updated_at
) VALUES (34, 'Y', 'Y', 'Y', 'Y', SYSDATE - 7, SYSDATE - 1);

INSERT INTO member_notification_setting (
    member_id, comment_yn, like_yn, trade_yn, event_yn, created_at, updated_at
) VALUES (35, 'Y', 'Y', 'Y', 'Y', SYSDATE - 7, SYSDATE - 1);

INSERT INTO member_notification_setting (
    member_id, comment_yn, like_yn, trade_yn, event_yn, created_at, updated_at
) VALUES (36, 'Y', 'Y', 'Y', 'Y', SYSDATE - 7, SYSDATE - 1);

INSERT INTO member_notification_setting (
    member_id, comment_yn, like_yn, trade_yn, event_yn, created_at, updated_at
) VALUES (37, 'Y', 'Y', 'Y', 'Y', SYSDATE - 7, SYSDATE - 1);

INSERT INTO member_notification_setting (
    member_id, comment_yn, like_yn, trade_yn, event_yn, created_at, updated_at
) VALUES (38, 'Y', 'Y', 'Y', 'Y', SYSDATE - 7, SYSDATE - 1);

INSERT INTO member_notification_setting (
    member_id, comment_yn, like_yn, trade_yn, event_yn, created_at, updated_at
) VALUES (39, 'Y', 'Y', 'Y', 'Y', SYSDATE - 7, SYSDATE - 1);

INSERT INTO member_notification_setting (
    member_id, comment_yn, like_yn, trade_yn, event_yn, created_at, updated_at
) VALUES (40, 'Y', 'Y', 'Y', 'Y', SYSDATE - 7, SYSDATE - 1);

-- 41 ~ 50
INSERT INTO member_notification_setting (
    member_id, comment_yn, like_yn, trade_yn, event_yn, created_at, updated_at
) VALUES (41, 'Y', 'Y', 'Y', 'Y', SYSDATE - 6, SYSDATE - 1);

INSERT INTO member_notification_setting (
    member_id, comment_yn, like_yn, trade_yn, event_yn, created_at, updated_at
) VALUES (42, 'Y', 'Y', 'Y', 'Y', SYSDATE - 6, SYSDATE - 1);

INSERT INTO member_notification_setting (
    member_id, comment_yn, like_yn, trade_yn, event_yn, created_at, updated_at
) VALUES (43, 'Y', 'Y', 'Y', 'Y', SYSDATE - 6, SYSDATE - 1);

INSERT INTO member_notification_setting (
    member_id, comment_yn, like_yn, trade_yn, event_yn, created_at, updated_at
) VALUES (44, 'Y', 'Y', 'Y', 'Y', SYSDATE - 6, SYSDATE - 1);

INSERT INTO member_notification_setting (
    member_id, comment_yn, like_yn, trade_yn, event_yn, created_at, updated_at
) VALUES (45, 'Y', 'Y', 'Y', 'Y', SYSDATE - 6, SYSDATE - 1);

INSERT INTO member_notification_setting (
    member_id, comment_yn, like_yn, trade_yn, event_yn, created_at, updated_at
) VALUES (46, 'Y', 'Y', 'Y', 'Y', SYSDATE - 6, SYSDATE - 1);

INSERT INTO member_notification_setting (
    member_id, comment_yn, like_yn, trade_yn, event_yn, created_at, updated_at
) VALUES (47, 'Y', 'Y', 'Y', 'Y', SYSDATE - 6, SYSDATE - 1);

INSERT INTO member_notification_setting (
    member_id, comment_yn, like_yn, trade_yn, event_yn, created_at, updated_at
) VALUES (48, 'Y', 'Y', 'Y', 'Y', SYSDATE - 6, SYSDATE - 1);

INSERT INTO member_notification_setting (
    member_id, comment_yn, like_yn, trade_yn, event_yn, created_at, updated_at
) VALUES (49, 'Y', 'Y', 'Y', 'Y', SYSDATE - 6, SYSDATE - 1);

INSERT INTO member_notification_setting (
    member_id, comment_yn, like_yn, trade_yn, event_yn, created_at, updated_at
) VALUES (50, 'Y', 'Y', 'Y', 'Y', SYSDATE - 6, SYSDATE - 1);

-- 51 ~ 60
INSERT INTO member_notification_setting (
    member_id, comment_yn, like_yn, trade_yn, event_yn, created_at, updated_at
) VALUES (51, 'Y', 'Y', 'Y', 'Y', SYSDATE - 5, SYSDATE - 1);

INSERT INTO member_notification_setting (
    member_id, comment_yn, like_yn, trade_yn, event_yn, created_at, updated_at
) VALUES (52, 'Y', 'Y', 'Y', 'Y', SYSDATE - 5, SYSDATE - 1);

INSERT INTO member_notification_setting (
    member_id, comment_yn, like_yn, trade_yn, event_yn, created_at, updated_at
) VALUES (53, 'Y', 'Y', 'Y', 'Y', SYSDATE - 5, SYSDATE - 1);

INSERT INTO member_notification_setting (
    member_id, comment_yn, like_yn, trade_yn, event_yn, created_at, updated_at
) VALUES (54, 'Y', 'Y', 'Y', 'Y', SYSDATE - 5, SYSDATE - 1);

INSERT INTO member_notification_setting (
    member_id, comment_yn, like_yn, trade_yn, event_yn, created_at, updated_at
) VALUES (55, 'Y', 'Y', 'Y', 'Y', SYSDATE - 5, SYSDATE - 1);

INSERT INTO member_notification_setting (
    member_id, comment_yn, like_yn, trade_yn, event_yn, created_at, updated_at
) VALUES (56, 'Y', 'Y', 'Y', 'Y', SYSDATE - 5, SYSDATE - 1);

INSERT INTO member_notification_setting (
    member_id, comment_yn, like_yn, trade_yn, event_yn, created_at, updated_at
) VALUES (57, 'Y', 'Y', 'Y', 'Y', SYSDATE - 5, SYSDATE - 1);

INSERT INTO member_notification_setting (
    member_id, comment_yn, like_yn, trade_yn, event_yn, created_at, updated_at
) VALUES (58, 'Y', 'Y', 'Y', 'Y', SYSDATE - 5, SYSDATE - 1);

INSERT INTO member_notification_setting (
    member_id, comment_yn, like_yn, trade_yn, event_yn, created_at, updated_at
) VALUES (59, 'Y', 'Y', 'Y', 'Y', SYSDATE - 5, SYSDATE - 1);

INSERT INTO member_notification_setting (
    member_id, comment_yn, like_yn, trade_yn, event_yn, created_at, updated_at
) VALUES (60, 'Y', 'Y', 'Y', 'Y', SYSDATE - 5, SYSDATE - 1);

-- 61 ~ 70
INSERT INTO member_notification_setting (
    member_id, comment_yn, like_yn, trade_yn, event_yn, created_at, updated_at
) VALUES (61, 'Y', 'Y', 'Y', 'Y', SYSDATE - 4, SYSDATE - 1);

INSERT INTO member_notification_setting (
    member_id, comment_yn, like_yn, trade_yn, event_yn, created_at, updated_at
) VALUES (62, 'Y', 'Y', 'Y', 'Y', SYSDATE - 4, SYSDATE - 1);

INSERT INTO member_notification_setting (
    member_id, comment_yn, like_yn, trade_yn, event_yn, created_at, updated_at
) VALUES (63, 'Y', 'Y', 'Y', 'Y', SYSDATE - 4, SYSDATE - 1);

INSERT INTO member_notification_setting (
    member_id, comment_yn, like_yn, trade_yn, event_yn, created_at, updated_at
) VALUES (64, 'Y', 'Y', 'Y', 'Y', SYSDATE - 4, SYSDATE - 1);

INSERT INTO member_notification_setting (
    member_id, comment_yn, like_yn, trade_yn, event_yn, created_at, updated_at
) VALUES (65, 'Y', 'Y', 'Y', 'Y', SYSDATE - 4, SYSDATE - 1);

INSERT INTO member_notification_setting (
    member_id, comment_yn, like_yn, trade_yn, event_yn, created_at, updated_at
) VALUES (66, 'Y', 'Y', 'Y', 'Y', SYSDATE - 4, SYSDATE - 1);

INSERT INTO member_notification_setting (
    member_id, comment_yn, like_yn, trade_yn, event_yn, created_at, updated_at
) VALUES (67, 'Y', 'Y', 'Y', 'Y', SYSDATE - 4, SYSDATE - 1);

INSERT INTO member_notification_setting (
    member_id, comment_yn, like_yn, trade_yn, event_yn, created_at, updated_at
) VALUES (68, 'Y', 'Y', 'Y', 'Y', SYSDATE - 4, SYSDATE - 1);

INSERT INTO member_notification_setting (
    member_id, comment_yn, like_yn, trade_yn, event_yn, created_at, updated_at
) VALUES (69, 'Y', 'Y', 'Y', 'Y', SYSDATE - 4, SYSDATE - 1);

INSERT INTO member_notification_setting (
    member_id, comment_yn, like_yn, trade_yn, event_yn, created_at, updated_at
) VALUES (70, 'Y', 'Y', 'Y', 'Y', SYSDATE - 4, SYSDATE - 1);

-- 71 ~ 80
INSERT INTO member_notification_setting (
    member_id, comment_yn, like_yn, trade_yn, event_yn, created_at, updated_at
) VALUES (71, 'Y', 'Y', 'Y', 'Y', SYSDATE - 3, SYSDATE - 1);

INSERT INTO member_notification_setting (
    member_id, comment_yn, like_yn, trade_yn, event_yn, created_at, updated_at
) VALUES (72, 'Y', 'Y', 'Y', 'Y', SYSDATE - 3, SYSDATE - 1);

INSERT INTO member_notification_setting (
    member_id, comment_yn, like_yn, trade_yn, event_yn, created_at, updated_at
) VALUES (73, 'Y', 'Y', 'Y', 'Y', SYSDATE - 3, SYSDATE - 1);

INSERT INTO member_notification_setting (
    member_id, comment_yn, like_yn, trade_yn, event_yn, created_at, updated_at
) VALUES (74, 'Y', 'Y', 'Y', 'Y', SYSDATE - 3, SYSDATE - 1);

INSERT INTO member_notification_setting (
    member_id, comment_yn, like_yn, trade_yn, event_yn, created_at, updated_at
) VALUES (75, 'Y', 'Y', 'Y', 'Y', SYSDATE - 3, SYSDATE - 1);

INSERT INTO member_notification_setting (
    member_id, comment_yn, like_yn, trade_yn, event_yn, created_at, updated_at
) VALUES (76, 'Y', 'Y', 'Y', 'Y', SYSDATE - 3, SYSDATE - 1);

INSERT INTO member_notification_setting (
    member_id, comment_yn, like_yn, trade_yn, event_yn, created_at, updated_at
) VALUES (77, 'Y', 'Y', 'Y', 'Y', SYSDATE - 3, SYSDATE - 1);

INSERT INTO member_notification_setting (
    member_id, comment_yn, like_yn, trade_yn, event_yn, created_at, updated_at
) VALUES (78, 'Y', 'Y', 'Y', 'Y', SYSDATE - 3, SYSDATE - 1);

INSERT INTO member_notification_setting (
    member_id, comment_yn, like_yn, trade_yn, event_yn, created_at, updated_at
) VALUES (79, 'Y', 'Y', 'Y', 'Y', SYSDATE - 3, SYSDATE - 1);

INSERT INTO member_notification_setting (
    member_id, comment_yn, like_yn, trade_yn, event_yn, created_at, updated_at
) VALUES (80, 'Y', 'Y', 'Y', 'Y', SYSDATE - 3, SYSDATE - 1);

-- 81 ~ 90
INSERT INTO member_notification_setting (
    member_id, comment_yn, like_yn, trade_yn, event_yn, created_at, updated_at
) VALUES (81, 'Y', 'Y', 'Y', 'Y', SYSDATE - 2, SYSDATE - 1);

INSERT INTO member_notification_setting (
    member_id, comment_yn, like_yn, trade_yn, event_yn, created_at, updated_at
) VALUES (82, 'Y', 'Y', 'Y', 'Y', SYSDATE - 2, SYSDATE - 1);

INSERT INTO member_notification_setting (
    member_id, comment_yn, like_yn, trade_yn, event_yn, created_at, updated_at
) VALUES (83, 'Y', 'Y', 'Y', 'Y', SYSDATE - 2, SYSDATE - 1);

INSERT INTO member_notification_setting (
    member_id, comment_yn, like_yn, trade_yn, event_yn, created_at, updated_at
) VALUES (84, 'Y', 'Y', 'Y', 'Y', SYSDATE - 2, SYSDATE - 1);

INSERT INTO member_notification_setting (
    member_id, comment_yn, like_yn, trade_yn, event_yn, created_at, updated_at
) VALUES (85, 'Y', 'Y', 'Y', 'Y', SYSDATE - 2, SYSDATE - 1);

INSERT INTO member_notification_setting (
    member_id, comment_yn, like_yn, trade_yn, event_yn, created_at, updated_at
) VALUES (86, 'Y', 'Y', 'Y', 'Y', SYSDATE - 2, SYSDATE - 1);

INSERT INTO member_notification_setting (
    member_id, comment_yn, like_yn, trade_yn, event_yn, created_at, updated_at
) VALUES (87, 'Y', 'Y', 'Y', 'Y', SYSDATE - 2, SYSDATE - 1);

INSERT INTO member_notification_setting (
    member_id, comment_yn, like_yn, trade_yn, event_yn, created_at, updated_at
) VALUES (88, 'Y', 'Y', 'Y', 'Y', SYSDATE - 2, SYSDATE - 1);

INSERT INTO member_notification_setting (
    member_id, comment_yn, like_yn, trade_yn, event_yn, created_at, updated_at
) VALUES (89, 'Y', 'Y', 'Y', 'Y', SYSDATE - 2, SYSDATE - 1);

INSERT INTO member_notification_setting (
    member_id, comment_yn, like_yn, trade_yn, event_yn, created_at, updated_at
) VALUES (90, 'Y', 'Y', 'Y', 'Y', SYSDATE - 2, SYSDATE - 1);

-- 91 ~ 100
INSERT INTO member_notification_setting (
    member_id, comment_yn, like_yn, trade_yn, event_yn, created_at, updated_at
) VALUES (91, 'Y', 'Y', 'Y', 'Y', SYSDATE - 1, SYSDATE - 1);

INSERT INTO member_notification_setting (
    member_id, comment_yn, like_yn, trade_yn, event_yn, created_at, updated_at
) VALUES (92, 'Y', 'Y', 'Y', 'Y', SYSDATE - 1, SYSDATE - 1);

INSERT INTO member_notification_setting (
    member_id, comment_yn, like_yn, trade_yn, event_yn, created_at, updated_at
) VALUES (93, 'Y', 'Y', 'Y', 'Y', SYSDATE - 1, SYSDATE - 1);

INSERT INTO member_notification_setting (
    member_id, comment_yn, like_yn, trade_yn, event_yn, created_at, updated_at
) VALUES (94, 'Y', 'Y', 'Y', 'Y', SYSDATE - 1, SYSDATE - 1);

INSERT INTO member_notification_setting (
    member_id, comment_yn, like_yn, trade_yn, event_yn, created_at, updated_at
) VALUES (95, 'Y', 'Y', 'Y', 'Y', SYSDATE - 1, SYSDATE - 1);

INSERT INTO member_notification_setting (
    member_id, comment_yn, like_yn, trade_yn, event_yn, created_at, updated_at
) VALUES (96, 'Y', 'Y', 'Y', 'Y', SYSDATE - 1, SYSDATE - 1);

INSERT INTO member_notification_setting (
    member_id, comment_yn, like_yn, trade_yn, event_yn, created_at, updated_at
) VALUES (97, 'Y', 'Y', 'Y', 'Y', SYSDATE - 1, SYSDATE - 1);

INSERT INTO member_notification_setting (
    member_id, comment_yn, like_yn, trade_yn, event_yn, created_at, updated_at
) VALUES (98, 'Y', 'Y', 'Y', 'Y', SYSDATE - 1, SYSDATE - 1);

INSERT INTO member_notification_setting (
    member_id, comment_yn, like_yn, trade_yn, event_yn, created_at, updated_at
) VALUES (99, 'Y', 'Y', 'Y', 'Y', SYSDATE - 1, SYSDATE - 1);

INSERT INTO member_notification_setting (
    member_id, comment_yn, like_yn, trade_yn, event_yn, created_at, updated_at
) VALUES (100, 'Y', 'Y', 'Y', 'Y', SYSDATE - 1, SYSDATE - 1);

INSERT INTO notification (
     member_id, notif_type, message,
    link_type, link_target_id, read_yn, created_at
) VALUES (
              1, 'COMMENT',
             '회원님의 게시글에 새로운 댓글이 달렸습니다.',
             'POST', 1, 'N', SYSDATE - 5
         );

INSERT INTO notification (
     member_id, notif_type, message,
    link_type, link_target_id, read_yn, created_at
) VALUES (
              2, 'COMMENT',
             '작성하신 리뷰에 답글이 등록되었습니다.',
             'POST', 2, 'N', SYSDATE - 5
         );

INSERT INTO notification (
     member_id, notif_type, message,
    link_type, link_target_id, read_yn, created_at
) VALUES (
              3, 'COMMENT',
             '회원님의 게시글에 새로운 대댓글이 달렸습니다.',
             'POST', 3, 'Y', SYSDATE - 4
         );

INSERT INTO notification (
     member_id, notif_type, message,
    link_type, link_target_id, read_yn, created_at
) VALUES (
              4, 'COMMENT',
             '관심 등록한 팝업 후기에 새 댓글이 추가되었습니다.',
             'POST', 4, 'N', SYSDATE - 4
         );

INSERT INTO notification (
     member_id, notif_type, message,
    link_type, link_target_id, read_yn, created_at
) VALUES (
              5, 'COMMENT',
             '작성하신 거래 후기 글에 댓글이 달렸습니다.',
             'POST', 5, 'Y', SYSDATE - 3
         );

-- LIKE 알림
INSERT INTO notification (
     member_id, notif_type, message,
    link_type, link_target_id, read_yn, created_at
) VALUES (
              1, 'LIKE',
             '회원님의 게시글을 5명이 좋아합니다.',
             'POST', 1, 'N', SYSDATE - 3
         );

INSERT INTO notification (
     member_id, notif_type, message,
    link_type, link_target_id, read_yn, created_at
) VALUES (
              2, 'LIKE',
             '작성하신 리뷰에 새로운 좋아요가 추가되었습니다.',
             'POST', 6, 'Y', SYSDATE - 3
         );

INSERT INTO notification (
     member_id, notif_type, message,
    link_type, link_target_id, read_yn, created_at
) VALUES (
              3, 'LIKE',
             '북마크한 팝업 후기 글에 좋아요 10개가 달렸습니다.',
             'POST', 7, 'N', SYSDATE - 2
         );

INSERT INTO notification (
     member_id, notif_type, message,
    link_type, link_target_id, read_yn, created_at
) VALUES (
              4, 'LIKE',
             '회원님의 댓글을 다른 사용자가 좋아합니다.',
             'POST', 8, 'Y', SYSDATE - 2
         );

INSERT INTO notification (
     member_id, notif_type, message,
    link_type, link_target_id, read_yn, created_at
) VALUES (
              5, 'LIKE',
             '작성하신 거래 글이 인기 글로 선정되었습니다.',
             'POST', 9, 'N', SYSDATE - 2
         );

-- TRADE 알림
INSERT INTO notification (
     member_id, notif_type, message,
    link_type, link_target_id, read_yn, created_at
) VALUES (
              6, 'TRADE',
             '등록하신 거래 글에 새로운 신청이 도착했습니다.',
             'TRADE', 101, 'N', SYSDATE - 1
         );

INSERT INTO notification (
     member_id, notif_type, message,
    link_type, link_target_id, read_yn, created_at
) VALUES (
              7, 'TRADE',
             '상대방이 거래 요청을 수락했습니다.',
             'TRADE', 102, 'Y', SYSDATE - 1
         );

INSERT INTO notification (
     member_id, notif_type, message,
    link_type, link_target_id, read_yn, created_at
) VALUES (
              8, 'TRADE',
             '거래가 완료 상태로 변경되었습니다. 후기를 남겨보세요.',
             'TRADE', 103, 'N', SYSDATE
         );

INSERT INTO notification (
     member_id, notif_type, message,
    link_type, link_target_id, read_yn, created_at
) VALUES (
              9, 'TRADE',
             '거래 일정이 오늘로 예정되어 있습니다. 약속 시간을 다시 한 번 확인해 주세요.',
             'TRADE', 104, 'N', SYSDATE
         );

-- EVENT / POPUP / STORE 알림
INSERT INTO notification (
     member_id, notif_type, message,
    link_type, link_target_id, read_yn, created_at
) VALUES (
              10, 'EVENT',
             '관심 등록한 팝업스토어의 오픈 D-1입니다.',
             'POPUP', 1, 'N', SYSDATE - 1
         );

INSERT INTO notification (
     member_id, notif_type, message,
    link_type, link_target_id, read_yn, created_at
) VALUES (
              1, 'EVENT',
             '한정 굿즈 증정 이벤트가 곧 마감됩니다. 지금 참여해 보세요.',
             'EVENT', 2001, 'Y', SYSDATE - 1
         );

INSERT INTO notification (
     member_id, notif_type, message,
    link_type, link_target_id, read_yn, created_at
) VALUES (
              2, 'EVENT',
             '지난 이벤트에 당첨되셨습니다. 마이페이지에서 당첨 내역을 확인해 주세요.',
             'EVENT', 2002, 'N', SYSDATE
         );

INSERT INTO notification (
     member_id, notif_type, message,
    link_type, link_target_id, read_yn, created_at
) VALUES (
              3, 'EVENT',
             '오늘 방문 시 사용 가능한 전용 쿠폰이 발급되었습니다.',
             'EVENT', 2003, 'N', SYSDATE
         );

INSERT INTO notification (
     member_id, notif_type, message,
    link_type, link_target_id, read_yn, created_at
) VALUES (
              4, 'STORE',
             '즐겨찾기한 매장에 신규 굿즈가 입고되었습니다.',
             'STORE', 10, 'N', SYSDATE
         );

INSERT INTO notification (
     member_id, notif_type, message,
    link_type, link_target_id, read_yn, created_at
) VALUES (
              5, 'STORE',
             '즐겨찾기한 매장의 영업 시간이 오늘만 단축 운영됩니다.',
             'STORE', 11, 'Y', SYSDATE
         );
INSERT INTO popup_bookmark (member_id, popup_id, created_at)
VALUES (1, 1, SYSDATE - 10);

INSERT INTO popup_bookmark (member_id, popup_id, created_at)
VALUES (1, 2, SYSDATE - 9);

INSERT INTO popup_bookmark (member_id, popup_id, created_at)
VALUES (2, 1, SYSDATE - 8);

INSERT INTO popup_bookmark (member_id, popup_id, created_at)
VALUES (2, 3, SYSDATE - 7);

INSERT INTO popup_bookmark (member_id, popup_id, created_at)
VALUES (3, 2, SYSDATE - 6);

INSERT INTO popup_bookmark (member_id, popup_id, created_at)
VALUES (3, 4, SYSDATE - 5);

INSERT INTO popup_bookmark (member_id, popup_id, created_at)
VALUES (4, 3, SYSDATE - 4);

INSERT INTO popup_bookmark (member_id, popup_id, created_at)
VALUES (4, 5, SYSDATE - 3);

INSERT INTO popup_bookmark (member_id, popup_id, created_at)
VALUES (5, 4, SYSDATE - 2);

INSERT INTO popup_bookmark (member_id, popup_id, created_at)
VALUES (5, 5, SYSDATE - 1);
INSERT INTO recommended_search(keyword,target_type,sort_order,active_yn) VALUES('홍대 팝업스토어','STORE',1,'Y');
INSERT INTO recommended_search(keyword,target_type,sort_order,active_yn) VALUES('강남 아이돌 굿즈','STORE',2,'Y');
INSERT INTO recommended_search(keyword,target_type,sort_order,active_yn) VALUES('포토카드 랜덤팩','GOODS',3,'Y');
INSERT INTO recommended_search(keyword,target_type,sort_order,active_yn) VALUES('피규어 한정판','GOODS',4,'Y');
INSERT INTO recommended_search(keyword,target_type,sort_order,active_yn) VALUES('팝업 굿즈 교환','GOODS',5,'Y');
INSERT INTO recommended_search(keyword,target_type,sort_order,active_yn) VALUES('카페 콜라보','STORE',6,'Y');
INSERT INTO recommended_search(keyword,target_type,sort_order,active_yn) VALUES('애니메이션 굿즈','GOODS',7,'Y');
INSERT INTO recommended_search(keyword,target_type,sort_order,active_yn) VALUES('게임 한정 굿즈','GOODS',8,'Y');
INSERT INTO recommended_search(keyword,target_type,sort_order,active_yn) VALUES('응원봉','GOODS',9,'Y');
INSERT INTO recommended_search(keyword,target_type,sort_order,active_yn) VALUES('랜덤박스','GOODS',10,'Y');
INSERT INTO recommended_search(keyword,target_type,sort_order,active_yn) VALUES('팝업 일정','STORE',11,'Y');
INSERT INTO recommended_search(keyword,target_type,sort_order,active_yn) VALUES('굿즈로드 신규 매장','STORE',12,'Y');
INSERT INTO recommended_search(keyword,target_type,sort_order,active_yn) VALUES('중고 굿즈 거래','GOODS',13,'Y');
INSERT INTO recommended_search(keyword,target_type,sort_order,active_yn) VALUES('특전 포카','GOODS',14,'Y');
INSERT INTO recommended_search(keyword,target_type,sort_order,active_yn) VALUES('아이돌 팬사인회 굿즈','GOODS',15,'Y');
INSERT INTO recommended_search(keyword,target_type,sort_order,active_yn) VALUES('서울 팝업 지도','STORE',16,'Y');
INSERT INTO recommended_search(keyword,target_type,sort_order,active_yn) VALUES('브랜드 콜라보 팝업','STORE',17,'Y');
INSERT INTO recommended_search(keyword,target_type,sort_order,active_yn) VALUES('코스프레 소품','GOODS',18,'Y');
INSERT INTO recommended_search(keyword,target_type,sort_order,active_yn) VALUES('지난 시즌 굿즈','GOODS',19,'N');
INSERT INTO recommended_search(keyword,target_type,sort_order,active_yn) VALUES('품절 임박 굿즈','GOODS',20,'Y');
--
INSERT INTO search_log (member_id, keyword, target_type, target_id, created_at)
VALUES (1, '홍대 팝업스토어 검색 001', 'STORE', 1, SYSDATE - 50);

INSERT INTO search_log (member_id, keyword, target_type, target_id, created_at)
VALUES (2, '강남 팝업스토어 검색 002', 'GOODS', 2, SYSDATE - 50);

INSERT INTO search_log (member_id, keyword, target_type, target_id, created_at)
VALUES (3, '신촌 굿즈샵 검색 003', 'POST', 3, SYSDATE - 49);

INSERT INTO search_log (member_id, keyword, target_type, target_id, created_at)
VALUES (4, '부산 애니 굿즈샵 004', 'STORE', 4, SYSDATE - 49);

INSERT INTO search_log (member_id, keyword, target_type, target_id, created_at)
VALUES (5, '서울 팝업 일정 005', 'GOODS', 5, SYSDATE - 48);

INSERT INTO search_log (member_id, keyword, target_type, target_id, created_at)
VALUES (6, '홍대 팝업스토어 검색 006', 'POST', 6, SYSDATE - 48);

INSERT INTO search_log (member_id, keyword, target_type, target_id, created_at)
VALUES (7, '강남 팝업스토어 검색 007', 'STORE', 7, SYSDATE - 47);

INSERT INTO search_log (member_id, keyword, target_type, target_id, created_at)
VALUES (8, '신촌 굿즈샵 검색 008', 'GOODS', 8, SYSDATE - 47);

INSERT INTO search_log (member_id, keyword, target_type, target_id, created_at)
VALUES (9, '부산 애니 굿즈샵 009', 'POST', 9, SYSDATE - 46);

INSERT INTO search_log (member_id, keyword, target_type, target_id, created_at)
VALUES (10, '서울 팝업 일정 010', 'STORE', 10, SYSDATE - 46);

INSERT INTO search_log (member_id, keyword, target_type, target_id, created_at)
VALUES (1, '홍대 팝업스토어 검색 011', 'GOODS', 11, SYSDATE - 45);

INSERT INTO search_log (member_id, keyword, target_type, target_id, created_at)
VALUES (2, '강남 팝업스토어 검색 012', 'POST', 12, SYSDATE - 45);

INSERT INTO search_log (member_id, keyword, target_type, target_id, created_at)
VALUES (3, '신촌 굿즈샵 검색 013', 'STORE', 13, SYSDATE - 44);

INSERT INTO search_log (member_id, keyword, target_type, target_id, created_at)
VALUES (4, '부산 애니 굿즈샵 014', 'GOODS', 14, SYSDATE - 44);

INSERT INTO search_log (member_id, keyword, target_type, target_id, created_at)
VALUES (5, '서울 팝업 일정 015', 'POST', 15, SYSDATE - 43);

INSERT INTO search_log (member_id, keyword, target_type, target_id, created_at)
VALUES (6, '홍대 팝업스토어 검색 016', 'STORE', 16, SYSDATE - 43);

INSERT INTO search_log (member_id, keyword, target_type, target_id, created_at)
VALUES (7, '강남 팝업스토어 검색 017', 'GOODS', 17, SYSDATE - 42);

INSERT INTO search_log (member_id, keyword, target_type, target_id, created_at)
VALUES (8, '신촌 굿즈샵 검색 018', 'POST', 18, SYSDATE - 42);

INSERT INTO search_log (member_id, keyword, target_type, target_id, created_at)
VALUES (9, '부산 애니 굿즈샵 019', 'STORE', 19, SYSDATE - 41);

INSERT INTO search_log (member_id, keyword, target_type, target_id, created_at)
VALUES (10, '서울 팝업 일정 020', 'GOODS', 20, SYSDATE - 41);

INSERT INTO search_log (member_id, keyword, target_type, target_id, created_at)
VALUES (1, '홍대 팝업스토어 검색 021', 'POST', 1, SYSDATE - 40);

INSERT INTO search_log (member_id, keyword, target_type, target_id, created_at)
VALUES (2, '강남 팝업스토어 검색 022', 'STORE', 2, SYSDATE - 40);

INSERT INTO search_log (member_id, keyword, target_type, target_id, created_at)
VALUES (3, '신촌 굿즈샵 검색 023', 'GOODS', 3, SYSDATE - 39);

INSERT INTO search_log (member_id, keyword, target_type, target_id, created_at)
VALUES (4, '부산 애니 굿즈샵 024', 'POST', 4, SYSDATE - 39);

INSERT INTO search_log (member_id, keyword, target_type, target_id, created_at)
VALUES (5, '서울 팝업 일정 025', 'STORE', 5, SYSDATE - 38);

INSERT INTO search_log (member_id, keyword, target_type, target_id, created_at)
VALUES (6, '홍대 팝업스토어 검색 026', 'GOODS', 6, SYSDATE - 38);

INSERT INTO search_log (member_id, keyword, target_type, target_id, created_at)
VALUES (7, '강남 팝업스토어 검색 027', 'POST', 7, SYSDATE - 37);

INSERT INTO search_log (member_id, keyword, target_type, target_id, created_at)
VALUES (8, '신촌 굿즈샵 검색 028', 'STORE', 8, SYSDATE - 37);

INSERT INTO search_log (member_id, keyword, target_type, target_id, created_at)
VALUES (9, '부산 애니 굿즈샵 029', 'GOODS', 9, SYSDATE - 36);

INSERT INTO search_log (member_id, keyword, target_type, target_id, created_at)
VALUES (10, '서울 팝업 일정 030', 'POST', 10, SYSDATE - 36);

INSERT INTO search_log (member_id, keyword, target_type, target_id, created_at)
VALUES (1, '홍대 팝업스토어 검색 031', 'STORE', 11, SYSDATE - 35);

INSERT INTO search_log (member_id, keyword, target_type, target_id, created_at)
VALUES (2, '강남 팝업스토어 검색 032', 'GOODS', 12, SYSDATE - 35);

INSERT INTO search_log (member_id, keyword, target_type, target_id, created_at)
VALUES (3, '신촌 굿즈샵 검색 033', 'POST', 13, SYSDATE - 34);

INSERT INTO search_log (member_id, keyword, target_type, target_id, created_at)
VALUES (4, '부산 애니 굿즈샵 034', 'STORE', 14, SYSDATE - 34);

INSERT INTO search_log (member_id, keyword, target_type, target_id, created_at)
VALUES (5, '서울 팝업 일정 035', 'GOODS', 15, SYSDATE - 33);

INSERT INTO search_log (member_id, keyword, target_type, target_id, created_at)
VALUES (6, '홍대 팝업스토어 검색 036', 'POST', 16, SYSDATE - 33);

INSERT INTO search_log (member_id, keyword, target_type, target_id, created_at)
VALUES (7, '강남 팝업스토어 검색 037', 'STORE', 17, SYSDATE - 32);

INSERT INTO search_log (member_id, keyword, target_type, target_id, created_at)
VALUES (8, '신촌 굿즈샵 검색 038', 'GOODS', 18, SYSDATE - 32);

INSERT INTO search_log (member_id, keyword, target_type, target_id, created_at)
VALUES (9, '부산 애니 굿즈샵 039', 'POST', 19, SYSDATE - 31);

INSERT INTO search_log (member_id, keyword, target_type, target_id, created_at)
VALUES (10, '서울 팝업 일정 040', 'STORE', 20, SYSDATE - 31);

INSERT INTO search_log (member_id, keyword, target_type, target_id, created_at)
VALUES (1, '홍대 팝업스토어 검색 041', 'GOODS', 1, SYSDATE - 30);

INSERT INTO search_log (member_id, keyword, target_type, target_id, created_at)
VALUES (2, '강남 팝업스토어 검색 042', 'POST', 2, SYSDATE - 30);

INSERT INTO search_log (member_id, keyword, target_type, target_id, created_at)
VALUES (3, '신촌 굿즈샵 검색 043', 'STORE', 3, SYSDATE - 29);

INSERT INTO search_log (member_id, keyword, target_type, target_id, created_at)
VALUES (4, '부산 애니 굿즈샵 044', 'GOODS', 4, SYSDATE - 29);

INSERT INTO search_log (member_id, keyword, target_type, target_id, created_at)
VALUES (5, '서울 팝업 일정 045', 'POST', 5, SYSDATE - 28);

INSERT INTO search_log (member_id, keyword, target_type, target_id, created_at)
VALUES (6, '홍대 팝업스토어 검색 046', 'STORE', 6, SYSDATE - 28);

INSERT INTO search_log (member_id, keyword, target_type, target_id, created_at)
VALUES (7, '강남 팝업스토어 검색 047', 'GOODS', 7, SYSDATE - 27);

INSERT INTO search_log (member_id, keyword, target_type, target_id, created_at)
VALUES (8, '신촌 굿즈샵 검색 048', 'POST', 8, SYSDATE - 27);

INSERT INTO search_log (member_id, keyword, target_type, target_id, created_at)
VALUES (9, '부산 애니 굿즈샵 049', 'STORE', 9, SYSDATE - 26);

INSERT INTO search_log (member_id, keyword, target_type, target_id, created_at)
VALUES (10, '서울 팝업 일정 050', 'GOODS', 10, SYSDATE - 26);

INSERT INTO search_log (member_id, keyword, target_type, target_id, created_at)
VALUES (1, '홍대 팝업스토어 검색 051', 'POST', 11, SYSDATE - 25);

INSERT INTO search_log (member_id, keyword, target_type, target_id, created_at)
VALUES (2, '강남 팝업스토어 검색 052', 'STORE', 12, SYSDATE - 25);

INSERT INTO search_log (member_id, keyword, target_type, target_id, created_at)
VALUES (3, '신촌 굿즈샵 검색 053', 'GOODS', 13, SYSDATE - 24);

INSERT INTO search_log (member_id, keyword, target_type, target_id, created_at)
VALUES (4, '부산 애니 굿즈샵 054', 'POST', 14, SYSDATE - 24);

INSERT INTO search_log (member_id, keyword, target_type, target_id, created_at)
VALUES (5, '서울 팝업 일정 055', 'STORE', 15, SYSDATE - 23);

INSERT INTO search_log (member_id, keyword, target_type, target_id, created_at)
VALUES (6, '홍대 팝업스토어 검색 056', 'GOODS', 16, SYSDATE - 23);

INSERT INTO search_log (member_id, keyword, target_type, target_id, created_at)
VALUES (7, '강남 팝업스토어 검색 057', 'POST', 17, SYSDATE - 22);

INSERT INTO search_log (member_id, keyword, target_type, target_id, created_at)
VALUES (8, '신촌 굿즈샵 검색 058', 'STORE', 18, SYSDATE - 22);

INSERT INTO search_log (member_id, keyword, target_type, target_id, created_at)
VALUES (9, '부산 애니 굿즈샵 059', 'GOODS', 19, SYSDATE - 21);

INSERT INTO search_log (member_id, keyword, target_type, target_id, created_at)
VALUES (10, '서울 팝업 일정 060', 'POST', 20, SYSDATE - 21);

INSERT INTO search_log (member_id, keyword, target_type, target_id, created_at)
VALUES (1, '홍대 팝업스토어 검색 061', 'STORE', 1, SYSDATE - 20);

INSERT INTO search_log (member_id, keyword, target_type, target_id, created_at)
VALUES (2, '강남 팝업스토어 검색 062', 'GOODS', 2, SYSDATE - 20);

INSERT INTO search_log (member_id, keyword, target_type, target_id, created_at)
VALUES (3, '신촌 굿즈샵 검색 063', 'POST', 3, SYSDATE - 19);

INSERT INTO search_log (member_id, keyword, target_type, target_id, created_at)
VALUES (4, '부산 애니 굿즈샵 064', 'STORE', 4, SYSDATE - 19);

INSERT INTO search_log (member_id, keyword, target_type, target_id, created_at)
VALUES (5, '서울 팝업 일정 065', 'GOODS', 5, SYSDATE - 18);

INSERT INTO search_log (member_id, keyword, target_type, target_id, created_at)
VALUES (6, '홍대 팝업스토어 검색 066', 'POST', 6, SYSDATE - 18);

INSERT INTO search_log (member_id, keyword, target_type, target_id, created_at)
VALUES (7, '강남 팝업스토어 검색 067', 'STORE', 7, SYSDATE - 17);

INSERT INTO search_log (member_id, keyword, target_type, target_id, created_at)
VALUES (8, '신촌 굿즈샵 검색 068', 'GOODS', 8, SYSDATE - 17);

INSERT INTO search_log (member_id, keyword, target_type, target_id, created_at)
VALUES (9, '부산 애니 굿즈샵 069', 'POST', 9, SYSDATE - 16);

INSERT INTO search_log (member_id, keyword, target_type, target_id, created_at)
VALUES (10, '서울 팝업 일정 070', 'STORE', 10, SYSDATE - 16);

INSERT INTO search_log (member_id, keyword, target_type, target_id, created_at)
VALUES (1, '홍대 팝업스토어 검색 071', 'GOODS', 11, SYSDATE - 15);

INSERT INTO search_log (member_id, keyword, target_type, target_id, created_at)
VALUES (2, '강남 팝업스토어 검색 072', 'POST', 12, SYSDATE - 15);

INSERT INTO search_log (member_id, keyword, target_type, target_id, created_at)
VALUES (3, '신촌 굿즈샵 검색 073', 'STORE', 13, SYSDATE - 14);

INSERT INTO search_log (member_id, keyword, target_type, target_id, created_at)
VALUES (4, '부산 애니 굿즈샵 074', 'GOODS', 14, SYSDATE - 14);

INSERT INTO search_log (member_id, keyword, target_type, target_id, created_at)
VALUES (5, '서울 팝업 일정 075', 'POST', 15, SYSDATE - 13);

INSERT INTO search_log (member_id, keyword, target_type, target_id, created_at)
VALUES (6, '홍대 팝업스토어 검색 076', 'STORE', 16, SYSDATE - 13);

INSERT INTO search_log (member_id, keyword, target_type, target_id, created_at)
VALUES (7, '강남 팝업스토어 검색 077', 'GOODS', 17, SYSDATE - 12);

INSERT INTO search_log (member_id, keyword, target_type, target_id, created_at)
VALUES (8, '신촌 굿즈샵 검색 078', 'POST', 18, SYSDATE - 12);

INSERT INTO search_log (member_id, keyword, target_type, target_id, created_at)
VALUES (9, '부산 애니 굿즈샵 079', 'STORE', 19, SYSDATE - 11);

INSERT INTO search_log (member_id, keyword, target_type, target_id, created_at)
VALUES (10, '서울 팝업 일정 080', 'GOODS', 20, SYSDATE - 11);

INSERT INTO search_log (member_id, keyword, target_type, target_id, created_at)
VALUES (1, '홍대 팝업스토어 검색 081', 'POST', 1, SYSDATE - 10);

INSERT INTO search_log (member_id, keyword, target_type, target_id, created_at)
VALUES (2, '강남 팝업스토어 검색 082', 'STORE', 2, SYSDATE - 10);

INSERT INTO search_log (member_id, keyword, target_type, target_id, created_at)
VALUES (3, '신촌 굿즈샵 검색 083', 'GOODS', 3, SYSDATE - 9);

INSERT INTO search_log (member_id, keyword, target_type, target_id, created_at)
VALUES (4, '부산 애니 굿즈샵 084', 'POST', 4, SYSDATE - 9);

INSERT INTO search_log (member_id, keyword, target_type, target_id, created_at)
VALUES (5, '서울 팝업 일정 085', 'STORE', 5, SYSDATE - 8);

INSERT INTO search_log (member_id, keyword, target_type, target_id, created_at)
VALUES (6, '홍대 팝업스토어 검색 086', 'GOODS', 6, SYSDATE - 8);

INSERT INTO search_log (member_id, keyword, target_type, target_id, created_at)
VALUES (7, '강남 팝업스토어 검색 087', 'POST', 7, SYSDATE - 7);

INSERT INTO search_log (member_id, keyword, target_type, target_id, created_at)
VALUES (8, '신촌 굿즈샵 검색 088', 'STORE', 8, SYSDATE - 7);

INSERT INTO search_log (member_id, keyword, target_type, target_id, created_at)
VALUES (9, '부산 애니 굿즈샵 089', 'GOODS', 9, SYSDATE - 6);

INSERT INTO search_log (member_id, keyword, target_type, target_id, created_at)
VALUES (10, '서울 팝업 일정 090', 'POST', 10, SYSDATE - 6);

INSERT INTO search_log (member_id, keyword, target_type, target_id, created_at)
VALUES (1, '홍대 팝업스토어 검색 091', 'STORE', 11, SYSDATE - 5);

INSERT INTO search_log (member_id, keyword, target_type, target_id, created_at)
VALUES (2, '강남 팝업스토어 검색 092', 'GOODS', 12, SYSDATE - 5);

INSERT INTO search_log (member_id, keyword, target_type, target_id, created_at)
VALUES (3, '신촌 굿즈샵 검색 093', 'POST', 13, SYSDATE - 4);

INSERT INTO search_log (member_id, keyword, target_type, target_id, created_at)
VALUES (4, '부산 애니 굿즈샵 094', 'STORE', 14, SYSDATE - 4);

INSERT INTO search_log (member_id, keyword, target_type, target_id, created_at)
VALUES (5, '서울 팝업 일정 095', 'GOODS', 15, SYSDATE - 3);

INSERT INTO search_log (member_id, keyword, target_type, target_id, created_at)
VALUES (6, '홍대 팝업스토어 검색 096', 'POST', 16, SYSDATE - 3);

INSERT INTO search_log (member_id, keyword, target_type, target_id, created_at)
VALUES (7, '강남 팝업스토어 검색 097', 'STORE', 17, SYSDATE - 2);

INSERT INTO search_log (member_id, keyword, target_type, target_id, created_at)
VALUES (8, '신촌 굿즈샵 검색 098', 'GOODS', 18, SYSDATE - 2);

INSERT INTO search_log (member_id, keyword, target_type, target_id, created_at)
VALUES (9, '부산 애니 굿즈샵 099', 'POST', 19, SYSDATE - 1);

INSERT INTO search_log (member_id, keyword, target_type, target_id, created_at)
VALUES (10, '서울 팝업 일정 100', 'STORE', 20, SYSDATE - 1);

INSERT INTO service_notice(notice_id,title,content,notice_type,start_date,end_date,created_at)
VALUES(1,'굿즈로드 서비스 오픈 안내',
       '굿즈로드 서비스를 이용해 주셔서 감사합니다. 정식 오픈과 함께 다양한 팝업스토어 및 굿즈 정보를 제공해 드립니다.',
       'NOTICE',SYSDATE-30,NULL,SYSDATE-30);

INSERT INTO service_notice(notice_id,title,content,notice_type,start_date,end_date,created_at)
VALUES(2,'개인정보 처리방침 개정 안내',
       '서비스 이용 약관 및 개인정보 처리방침이 개정되었습니다. 자세한 내용은 공지 상세 페이지를 통해 확인해 주세요.',
       'UPDATE',SYSDATE-20,NULL,SYSDATE-20);

INSERT INTO service_notice(notice_id,title,content,notice_type,start_date,end_date,created_at)
VALUES(3,'서버 점검 안내(00:00~04:00)',
       '더 안정적인 서비스 제공을 위해 새벽 시간대 서버 점검을 진행합니다. 점검 시간 동안 일부 기능 이용이 제한될 수 있습니다.',
       'NOTICE',SYSDATE-10,SYSDATE-9,SYSDATE-10);

INSERT INTO service_notice(notice_id,title,content,notice_type,start_date,end_date,created_at)
VALUES(4,'굿즈로드 앱 업데이트 안내',
       '새로운 버전의 앱이 출시되었습니다. 검색 속도 개선 및 버그 수정이 포함되어 있으니 업데이트 후 이용을 권장드립니다.',
       'UPDATE',SYSDATE-7,NULL,SYSDATE-7);

INSERT INTO service_notice(notice_id,title,content,notice_type,start_date,end_date,created_at)
VALUES(5,'오픈 기념 포인트 2배 적립 이벤트',
       '이벤트 기간 동안 매장 및 온라인에서 결제 시 기본 적립 포인트가 2배로 제공됩니다. 자세한 조건은 이벤트 상세를 확인해 주세요.',
       'EVENT',SYSDATE-5,SYSDATE+5,SYSDATE-5);

INSERT INTO service_notice(notice_id,title,content,notice_type,start_date,end_date,created_at)
VALUES(6,'팝업스토어 방문 인증 이벤트 안내',
       '지정된 팝업스토어 방문 후 인증샷을 업로드하면 추첨을 통해 한정 굿즈를 드립니다. 참여 방법은 이벤트 상세 페이지에서 확인 가능합니다.',
       'EVENT',SYSDATE-3,SYSDATE+7,SYSDATE-3);

INSERT INTO service_notice(notice_id,title,content,notice_type,start_date,end_date,created_at)
VALUES(7,'고객센터 운영 시간 변경 안내',
       '내부 사정으로 인해 고객센터 상담 가능 시간이 평일 10:00~18:00으로 변경됩니다. 챗봇 상담은 24시간 이용 가능합니다.',
       'NOTICE',SYSDATE-2,NULL,SYSDATE-2);

INSERT INTO service_notice(notice_id,title,content,notice_type,start_date,end_date,created_at)
VALUES(8,'검색 기능 개선 업데이트',
       '검색 랭킹 및 추천 검색어 기능이 개선되었습니다. 자주 찾는 팝업과 굿즈를 더 빠르게 찾을 수 있습니다.',
       'UPDATE',SYSDATE-1,NULL,SYSDATE-1);

INSERT INTO service_notice(notice_id,title,content,notice_type,start_date,end_date,created_at)
VALUES(9,'시스템 점검 완료 안내',
       '예정되었던 시스템 점검이 정상적으로 완료되었습니다. 현재 모든 서비스를 안정적으로 이용하실 수 있습니다.',
       'NOTICE',SYSDATE-1,SYSDATE-1,SYSDATE-1);

INSERT INTO service_notice(notice_id,title,content,notice_type,start_date,end_date,created_at)
VALUES(10,'연말 굿즈 페스티벌 사전 안내',
       '연말을 맞아 대규모 굿즈 페스티벌을 준비 중입니다. 참여 브랜드와 상세 일정은 추후 별도 공지를 통해 안내해 드리겠습니다.',
       'EVENT',SYSDATE+7,SYSDATE+30,SYSDATE);
INSERT INTO store_bookmark(member_id,store_id,created_at) VALUES(1,1,SYSDATE-10);
INSERT INTO store_bookmark(member_id,store_id,created_at) VALUES(1,2,SYSDATE-9);
INSERT INTO store_bookmark(member_id,store_id,created_at) VALUES(2,3,SYSDATE-8);
INSERT INTO store_bookmark(member_id,store_id,created_at) VALUES(2,4,SYSDATE-8);
INSERT INTO store_bookmark(member_id,store_id,created_at) VALUES(3,5,SYSDATE-7);
INSERT INTO store_bookmark(member_id,store_id,created_at) VALUES(3,6,SYSDATE-7);
INSERT INTO store_bookmark(member_id,store_id,created_at) VALUES(4,7,SYSDATE-6);
INSERT INTO store_bookmark(member_id,store_id,created_at) VALUES(4,8,SYSDATE-6);
INSERT INTO store_bookmark(member_id,store_id,created_at) VALUES(5,9,SYSDATE-5);
INSERT INTO store_bookmark(member_id,store_id,created_at) VALUES(5,10,SYSDATE-5);
INSERT INTO store_bookmark(member_id,store_id,created_at) VALUES(6,11,SYSDATE-4);
INSERT INTO store_bookmark(member_id,store_id,created_at) VALUES(6,12,SYSDATE-4);
INSERT INTO store_bookmark(member_id,store_id,created_at) VALUES(7,13,SYSDATE-3);
INSERT INTO store_bookmark(member_id,store_id,created_at) VALUES(7,14,SYSDATE-3);
INSERT INTO store_bookmark(member_id,store_id,created_at) VALUES(8,15,SYSDATE-2);
INSERT INTO store_bookmark(member_id,store_id,created_at) VALUES(8,16,SYSDATE-2);
INSERT INTO store_bookmark(member_id,store_id,created_at) VALUES(9,17,SYSDATE-1);
INSERT INTO store_bookmark(member_id,store_id,created_at) VALUES(9,18,SYSDATE-1);
INSERT INTO store_bookmark(member_id,store_id,created_at) VALUES(10,19,SYSDATE);
INSERT INTO store_bookmark(member_id,store_id,created_at) VALUES(10,20,SYSDATE);
INSERT INTO trade_post(seller_id,title,content,goods_name,work_name,character_name,category,price,trade_type,trade_method,region,status,view_count,like_count,created_at,updated_at,deleted_yn) VALUES(1,'굿즈 거래글','테스트용 더미 데이터입니다.','더미굿즈','더미작품','더미캐릭터','포카',10000,'SELL','DIRECT','서울 홍대','ON_SALE',0,0,SYSDATE-1,NULL,'N');
INSERT INTO trade_post(seller_id,title,content,goods_name,work_name,character_name,category,price,trade_type,trade_method,region,status,view_count,like_count,created_at,updated_at,deleted_yn) VALUES(1,'굿즈 거래글','테스트용 더미 데이터입니다.','더미굿즈','더미작품','더미캐릭터','포카',10000,'SELL','DIRECT','서울 홍대','ON_SALE',0,0,SYSDATE-1,NULL,'N');
INSERT INTO trade_post(seller_id,title,content,goods_name,work_name,character_name,category,price,trade_type,trade_method,region,status,view_count,like_count,created_at,updated_at,deleted_yn) VALUES(1,'굿즈 거래글','테스트용 더미 데이터입니다.','더미굿즈','더미작품','더미캐릭터','포카',10000,'SELL','DIRECT','서울 홍대','ON_SALE',0,0,SYSDATE-1,NULL,'N');
INSERT INTO trade_post(seller_id,title,content,goods_name,work_name,character_name,category,price,trade_type,trade_method,region,status,view_count,like_count,created_at,updated_at,deleted_yn) VALUES(1,'굿즈 거래글','테스트용 더미 데이터입니다.','더미굿즈','더미작품','더미캐릭터','포카',10000,'SELL','DIRECT','서울 홍대','ON_SALE',0,0,SYSDATE-1,NULL,'N');
INSERT INTO trade_post(seller_id,title,content,goods_name,work_name,character_name,category,price,trade_type,trade_method,region,status,view_count,like_count,created_at,updated_at,deleted_yn) VALUES(1,'굿즈 거래글','테스트용 더미 데이터입니다.','더미굿즈','더미작품','더미캐릭터','포카',10000,'SELL','DIRECT','서울 홍대','ON_SALE',0,0,SYSDATE-1,NULL,'N');
INSERT INTO trade_post(seller_id,title,content,goods_name,work_name,character_name,category,price,trade_type,trade_method,region,status,view_count,like_count,created_at,updated_at,deleted_yn) VALUES(1,'굿즈 거래글','테스트용 더미 데이터입니다.','더미굿즈','더미작품','더미캐릭터','포카',10000,'SELL','DIRECT','서울 홍대','ON_SALE',0,0,SYSDATE-1,NULL,'N');
INSERT INTO trade_post(seller_id,title,content,goods_name,work_name,character_name,category,price,trade_type,trade_method,region,status,view_count,like_count,created_at,updated_at,deleted_yn) VALUES(1,'굿즈 거래글','테스트용 더미 데이터입니다.','더미굿즈','더미작품','더미캐릭터','포카',10000,'SELL','DIRECT','서울 홍대','ON_SALE',0,0,SYSDATE-1,NULL,'N');
INSERT INTO trade_post(seller_id,title,content,goods_name,work_name,character_name,category,price,trade_type,trade_method,region,status,view_count,like_count,created_at,updated_at,deleted_yn) VALUES(1,'굿즈 거래글','테스트용 더미 데이터입니다.','더미굿즈','더미작품','더미캐릭터','포카',10000,'SELL','DIRECT','서울 홍대','ON_SALE',0,0,SYSDATE-1,NULL,'N');
INSERT INTO trade_post(seller_id,title,content,goods_name,work_name,character_name,category,price,trade_type,trade_method,region,status,view_count,like_count,created_at,updated_at,deleted_yn) VALUES(1,'굿즈 거래글','테스트용 더미 데이터입니다.','더미굿즈','더미작품','더미캐릭터','포카',10000,'SELL','DIRECT','서울 홍대','ON_SALE',0,0,SYSDATE-1,NULL,'N');
INSERT INTO trade_post(seller_id,title,content,goods_name,work_name,character_name,category,price,trade_type,trade_method,region,status,view_count,like_count,created_at,updated_at,deleted_yn) VALUES(1,'굿즈 거래글','테스트용 더미 데이터입니다.','더미굿즈','더미작품','더미캐릭터','포카',10000,'SELL','DIRECT','서울 홍대','ON_SALE',0,0,SYSDATE-1,NULL,'N');

INSERT INTO trade_post(seller_id,title,content,goods_name,work_name,character_name,category,price,trade_type,trade_method,region,status,view_count,like_count,created_at,updated_at,deleted_yn) VALUES(1,'굿즈 거래글','테스트용 더미 데이터입니다.','더미굿즈','더미작품','더미캐릭터','포카',10000,'SELL','DIRECT','서울 홍대','ON_SALE',0,0,SYSDATE-1,NULL,'N');
INSERT INTO trade_post(seller_id,title,content,goods_name,work_name,character_name,category,price,trade_type,trade_method,region,status,view_count,like_count,created_at,updated_at,deleted_yn) VALUES(1,'굿즈 거래글','테스트용 더미 데이터입니다.','더미굿즈','더미작품','더미캐릭터','포카',10000,'SELL','DIRECT','서울 홍대','ON_SALE',0,0,SYSDATE-1,NULL,'N');
INSERT INTO trade_post(seller_id,title,content,goods_name,work_name,character_name,category,price,trade_type,trade_method,region,status,view_count,like_count,created_at,updated_at,deleted_yn) VALUES(1,'굿즈 거래글','테스트용 더미 데이터입니다.','더미굿즈','더미작품','더미캐릭터','포카',10000,'SELL','DIRECT','서울 홍대','ON_SALE',0,0,SYSDATE-1,NULL,'N');
INSERT INTO trade_post(seller_id,title,content,goods_name,work_name,character_name,category,price,trade_type,trade_method,region,status,view_count,like_count,created_at,updated_at,deleted_yn) VALUES(1,'굿즈 거래글','테스트용 더미 데이터입니다.','더미굿즈','더미작품','더미캐릭터','포카',10000,'SELL','DIRECT','서울 홍대','ON_SALE',0,0,SYSDATE-1,NULL,'N');
INSERT INTO trade_post(seller_id,title,content,goods_name,work_name,character_name,category,price,trade_type,trade_method,region,status,view_count,like_count,created_at,updated_at,deleted_yn) VALUES(1,'굿즈 거래글','테스트용 더미 데이터입니다.','더미굿즈','더미작품','더미캐릭터','포카',10000,'SELL','DIRECT','서울 홍대','ON_SALE',0,0,SYSDATE-1,NULL,'N');
INSERT INTO trade_post(seller_id,title,content,goods_name,work_name,character_name,category,price,trade_type,trade_method,region,status,view_count,like_count,created_at,updated_at,deleted_yn) VALUES(1,'굿즈 거래글','테스트용 더미 데이터입니다.','더미굿즈','더미작품','더미캐릭터','포카',10000,'SELL','DIRECT','서울 홍대','ON_SALE',0,0,SYSDATE-1,NULL,'N');
INSERT INTO trade_post(seller_id,title,content,goods_name,work_name,character_name,category,price,trade_type,trade_method,region,status,view_count,like_count,created_at,updated_at,deleted_yn) VALUES(1,'굿즈 거래글','테스트용 더미 데이터입니다.','더미굿즈','더미작품','더미캐릭터','포카',10000,'SELL','DIRECT','서울 홍대','ON_SALE',0,0,SYSDATE-1,NULL,'N');
INSERT INTO trade_post(seller_id,title,content,goods_name,work_name,character_name,category,price,trade_type,trade_method,region,status,view_count,like_count,created_at,updated_at,deleted_yn) VALUES(1,'굿즈 거래글','테스트용 더미 데이터입니다.','더미굿즈','더미작품','더미캐릭터','포카',10000,'SELL','DIRECT','서울 홍대','ON_SALE',0,0,SYSDATE-1,NULL,'N');
INSERT INTO trade_post(seller_id,title,content,goods_name,work_name,character_name,category,price,trade_type,trade_method,region,status,view_count,like_count,created_at,updated_at,deleted_yn) VALUES(1,'굿즈 거래글','테스트용 더미 데이터입니다.','더미굿즈','더미작품','더미캐릭터','포카',10000,'SELL','DIRECT','서울 홍대','ON_SALE',0,0,SYSDATE-1,NULL,'N');
INSERT INTO trade_post(seller_id,title,content,goods_name,work_name,character_name,category,price,trade_type,trade_method,region,status,view_count,like_count,created_at,updated_at,deleted_yn) VALUES(1,'굿즈 거래글','테스트용 더미 데이터입니다.','더미굿즈','더미작품','더미캐릭터','포카',10000,'SELL','DIRECT','서울 홍대','ON_SALE',0,0,SYSDATE-1,NULL,'N');

INSERT INTO trade_post(seller_id,title,content,goods_name,work_name,character_name,category,price,trade_type,trade_method,region,status,view_count,like_count,created_at,updated_at,deleted_yn) VALUES(1,'굿즈 거래글','테스트용 더미 데이터입니다.','더미굿즈','더미작품','더미캐릭터','포카',10000,'SELL','DIRECT','서울 홍대','ON_SALE',0,0,SYSDATE-1,NULL,'N');
INSERT INTO trade_post(seller_id,title,content,goods_name,work_name,character_name,category,price,trade_type,trade_method,region,status,view_count,like_count,created_at,updated_at,deleted_yn) VALUES(1,'굿즈 거래글','테스트용 더미 데이터입니다.','더미굿즈','더미작품','더미캐릭터','포카',10000,'SELL','DIRECT','서울 홍대','ON_SALE',0,0,SYSDATE-1,NULL,'N');
INSERT INTO trade_post(seller_id,title,content,goods_name,work_name,character_name,category,price,trade_type,trade_method,region,status,view_count,like_count,created_at,updated_at,deleted_yn) VALUES(1,'굿즈 거래글','테스트용 더미 데이터입니다.','더미굿즈','더미작품','더미캐릭터','포카',10000,'SELL','DIRECT','서울 홍대','ON_SALE',0,0,SYSDATE-1,NULL,'N');
INSERT INTO trade_post(seller_id,title,content,goods_name,work_name,character_name,category,price,trade_type,trade_method,region,status,view_count,like_count,created_at,updated_at,deleted_yn) VALUES(1,'굿즈 거래글','테스트용 더미 데이터입니다.','더미굿즈','더미작품','더미캐릭터','포카',10000,'SELL','DIRECT','서울 홍대','ON_SALE',0,0,SYSDATE-1,NULL,'N');
INSERT INTO trade_post(seller_id,title,content,goods_name,work_name,character_name,category,price,trade_type,trade_method,region,status,view_count,like_count,created_at,updated_at,deleted_yn) VALUES(1,'굿즈 거래글','테스트용 더미 데이터입니다.','더미굿즈','더미작품','더미캐릭터','포카',10000,'SELL','DIRECT','서울 홍대','ON_SALE',0,0,SYSDATE-1,NULL,'N');
INSERT INTO trade_post(seller_id,title,content,goods_name,work_name,character_name,category,price,trade_type,trade_method,region,status,view_count,like_count,created_at,updated_at,deleted_yn) VALUES(1,'굿즈 거래글','테스트용 더미 데이터입니다.','더미굿즈','더미작품','더미캐릭터','포카',10000,'SELL','DIRECT','서울 홍대','ON_SALE',0,0,SYSDATE-1,NULL,'N');
INSERT INTO trade_post(seller_id,title,content,goods_name,work_name,character_name,category,price,trade_type,trade_method,region,status,view_count,like_count,created_at,updated_at,deleted_yn) VALUES(1,'굿즈 거래글','테스트용 더미 데이터입니다.','더미굿즈','더미작품','더미캐릭터','포카',10000,'SELL','DIRECT','서울 홍대','ON_SALE',0,0,SYSDATE-1,NULL,'N');
INSERT INTO trade_post(seller_id,title,content,goods_name,work_name,character_name,category,price,trade_type,trade_method,region,status,view_count,like_count,created_at,updated_at,deleted_yn) VALUES(1,'굿즈 거래글','테스트용 더미 데이터입니다.','더미굿즈','더미작품','더미캐릭터','포카',10000,'SELL','DIRECT','서울 홍대','ON_SALE',0,0,SYSDATE-1,NULL,'N');
INSERT INTO trade_post(seller_id,title,content,goods_name,work_name,character_name,category,price,trade_type,trade_method,region,status,view_count,like_count,created_at,updated_at,deleted_yn) VALUES(1,'굿즈 거래글','테스트용 더미 데이터입니다.','더미굿즈','더미작품','더미캐릭터','포카',10000,'SELL','DIRECT','서울 홍대','ON_SALE',0,0,SYSDATE-1,NULL,'N');
INSERT INTO trade_post(seller_id,title,content,goods_name,work_name,character_name,category,price,trade_type,trade_method,region,status,view_count,like_count,created_at,updated_at,deleted_yn) VALUES(1,'굿즈 거래글','테스트용 더미 데이터입니다.','더미굿즈','더미작품','더미캐릭터','포카',10000,'SELL','DIRECT','서울 홍대','ON_SALE',0,0,SYSDATE-1,NULL,'N');

-- (동일 패턴으로 trade_id만 변경해서 100번까지)
INSERT INTO trade_post(seller_id,title,content,goods_name,work_name,character_name,category,price,trade_type,trade_method,region,status,view_count,like_count,created_at,updated_at,deleted_yn) VALUES(1,'굿즈 거래글','테스트용 더미 데이터입니다.','더미굿즈','더미작품','더미캐릭터','포카',10000,'SELL','DIRECT','서울 홍대','ON_SALE',0,0,SYSDATE-1,NULL,'N');
INSERT INTO trade_post(seller_id,title,content,goods_name,work_name,character_name,category,price,trade_type,trade_method,region,status,view_count,like_count,created_at,updated_at,deleted_yn) VALUES(1,'굿즈 거래글','테스트용 더미 데이터입니다.','더미굿즈','더미작품','더미캐릭터','포카',10000,'SELL','DIRECT','서울 홍대','ON_SALE',0,0,SYSDATE-1,NULL,'N');
INSERT INTO trade_post(seller_id,title,content,goods_name,work_name,character_name,category,price,trade_type,trade_method,region,status,view_count,like_count,created_at,updated_at,deleted_yn) VALUES(1,'굿즈 거래글','테스트용 더미 데이터입니다.','더미굿즈','더미작품','더미캐릭터','포카',10000,'SELL','DIRECT','서울 홍대','ON_SALE',0,0,SYSDATE-1,NULL,'N');
INSERT INTO trade_post(seller_id,title,content,goods_name,work_name,character_name,category,price,trade_type,trade_method,region,status,view_count,like_count,created_at,updated_at,deleted_yn) VALUES(1,'굿즈 거래글','테스트용 더미 데이터입니다.','더미굿즈','더미작품','더미캐릭터','포카',10000,'SELL','DIRECT','서울 홍대','ON_SALE',0,0,SYSDATE-1,NULL,'N');
INSERT INTO trade_post(seller_id,title,content,goods_name,work_name,character_name,category,price,trade_type,trade_method,region,status,view_count,like_count,created_at,updated_at,deleted_yn) VALUES(1,'굿즈 거래글','테스트용 더미 데이터입니다.','더미굿즈','더미작품','더미캐릭터','포카',10000,'SELL','DIRECT','서울 홍대','ON_SALE',0,0,SYSDATE-1,NULL,'N');
INSERT INTO trade_post(seller_id,title,content,goods_name,work_name,character_name,category,price,trade_type,trade_method,region,status,view_count,like_count,created_at,updated_at,deleted_yn) VALUES(1,'굿즈 거래글','테스트용 더미 데이터입니다.','더미굿즈','더미작품','더미캐릭터','포카',10000,'SELL','DIRECT','서울 홍대','ON_SALE',0,0,SYSDATE-1,NULL,'N');
INSERT INTO trade_post(seller_id,title,content,goods_name,work_name,character_name,category,price,trade_type,trade_method,region,status,view_count,like_count,created_at,updated_at,deleted_yn) VALUES(1,'굿즈 거래글','테스트용 더미 데이터입니다.','더미굿즈','더미작품','더미캐릭터','포카',10000,'SELL','DIRECT','서울 홍대','ON_SALE',0,0,SYSDATE-1,NULL,'N');
INSERT INTO trade_post(seller_id,title,content,goods_name,work_name,character_name,category,price,trade_type,trade_method,region,status,view_count,like_count,created_at,updated_at,deleted_yn) VALUES(1,'굿즈 거래글','테스트용 더미 데이터입니다.','더미굿즈','더미작품','더미캐릭터','포카',10000,'SELL','DIRECT','서울 홍대','ON_SALE',0,0,SYSDATE-1,NULL,'N');
INSERT INTO trade_post(seller_id,title,content,goods_name,work_name,character_name,category,price,trade_type,trade_method,region,status,view_count,like_count,created_at,updated_at,deleted_yn) VALUES(1,'굿즈 거래글','테스트용 더미 데이터입니다.','더미굿즈','더미작품','더미캐릭터','포카',10000,'SELL','DIRECT','서울 홍대','ON_SALE',0,0,SYSDATE-1,NULL,'N');
INSERT INTO trade_post(seller_id,title,content,goods_name,work_name,character_name,category,price,trade_type,trade_method,region,status,view_count,like_count,created_at,updated_at,deleted_yn) VALUES(1,'굿즈 거래글','테스트용 더미 데이터입니다.','더미굿즈','더미작품','더미캐릭터','포카',10000,'SELL','DIRECT','서울 홍대','ON_SALE',0,0,SYSDATE-1,NULL,'N');

INSERT INTO trade_post(seller_id,title,content,goods_name,work_name,character_name,category,price,trade_type,trade_method,region,status,view_count,like_count,created_at,updated_at,deleted_yn) VALUES(1,'굿즈 거래글','테스트용 더미 데이터입니다.','더미굿즈','더미작품','더미캐릭터','포카',10000,'SELL','DIRECT','서울 홍대','ON_SALE',0,0,SYSDATE-1,NULL,'N');
INSERT INTO trade_post(seller_id,title,content,goods_name,work_name,character_name,category,price,trade_type,trade_method,region,status,view_count,like_count,created_at,updated_at,deleted_yn) VALUES(1,'굿즈 거래글','테스트용 더미 데이터입니다.','더미굿즈','더미작품','더미캐릭터','포카',10000,'SELL','DIRECT','서울 홍대','ON_SALE',0,0,SYSDATE-1,NULL,'N');
INSERT INTO trade_post(seller_id,title,content,goods_name,work_name,character_name,category,price,trade_type,trade_method,region,status,view_count,like_count,created_at,updated_at,deleted_yn) VALUES(1,'굿즈 거래글','테스트용 더미 데이터입니다.','더미굿즈','더미작품','더미캐릭터','포카',10000,'SELL','DIRECT','서울 홍대','ON_SALE',0,0,SYSDATE-1,NULL,'N');
INSERT INTO trade_post(seller_id,title,content,goods_name,work_name,character_name,category,price,trade_type,trade_method,region,status,view_count,like_count,created_at,updated_at,deleted_yn) VALUES(1,'굿즈 거래글','테스트용 더미 데이터입니다.','더미굿즈','더미작품','더미캐릭터','포카',10000,'SELL','DIRECT','서울 홍대','ON_SALE',0,0,SYSDATE-1,NULL,'N');
INSERT INTO trade_post(seller_id,title,content,goods_name,work_name,character_name,category,price,trade_type,trade_method,region,status,view_count,like_count,created_at,updated_at,deleted_yn) VALUES(1,'굿즈 거래글','테스트용 더미 데이터입니다.','더미굿즈','더미작품','더미캐릭터','포카',10000,'SELL','DIRECT','서울 홍대','ON_SALE',0,0,SYSDATE-1,NULL,'N');
INSERT INTO trade_post(seller_id,title,content,goods_name,work_name,character_name,category,price,trade_type,trade_method,region,status,view_count,like_count,created_at,updated_at,deleted_yn) VALUES(1,'굿즈 거래글','테스트용 더미 데이터입니다.','더미굿즈','더미작품','더미캐릭터','포카',10000,'SELL','DIRECT','서울 홍대','ON_SALE',0,0,SYSDATE-1,NULL,'N');
INSERT INTO trade_post(seller_id,title,content,goods_name,work_name,character_name,category,price,trade_type,trade_method,region,status,view_count,like_count,created_at,updated_at,deleted_yn) VALUES(1,'굿즈 거래글','테스트용 더미 데이터입니다.','더미굿즈','더미작품','더미캐릭터','포카',10000,'SELL','DIRECT','서울 홍대','ON_SALE',0,0,SYSDATE-1,NULL,'N');
INSERT INTO trade_post(seller_id,title,content,goods_name,work_name,character_name,category,price,trade_type,trade_method,region,status,view_count,like_count,created_at,updated_at,deleted_yn) VALUES(1,'굿즈 거래글','테스트용 더미 데이터입니다.','더미굿즈','더미작품','더미캐릭터','포카',10000,'SELL','DIRECT','서울 홍대','ON_SALE',0,0,SYSDATE-1,NULL,'N');
INSERT INTO trade_post(seller_id,title,content,goods_name,work_name,character_name,category,price,trade_type,trade_method,region,status,view_count,like_count,created_at,updated_at,deleted_yn) VALUES(1,'굿즈 거래글','테스트용 더미 데이터입니다.','더미굿즈','더미작품','더미캐릭터','포카',10000,'SELL','DIRECT','서울 홍대','ON_SALE',0,0,SYSDATE-1,NULL,'N');
INSERT INTO trade_post(seller_id,title,content,goods_name,work_name,character_name,category,price,trade_type,trade_method,region,status,view_count,like_count,created_at,updated_at,deleted_yn) VALUES(1,'굿즈 거래글','테스트용 더미 데이터입니다.','더미굿즈','더미작품','더미캐릭터','포카',10000,'SELL','DIRECT','서울 홍대','ON_SALE',0,0,SYSDATE-1,NULL,'N');

-- 51 ~ 100
INSERT INTO trade_post(seller_id,title,content,goods_name,work_name,character_name,category,price,trade_type,trade_method,region,status,view_count,like_count,created_at,updated_at,deleted_yn) VALUES(1,'굿즈 거래글','테스트용 더미 데이터입니다.','더미굿즈','더미작품','더미캐릭터','포카',10000,'SELL','DIRECT','서울 홍대','ON_SALE',0,0,SYSDATE-1,NULL,'N');
INSERT INTO trade_post(seller_id,title,content,goods_name,work_name,character_name,category,price,trade_type,trade_method,region,status,view_count,like_count,created_at,updated_at,deleted_yn) VALUES(1,'굿즈 거래글','테스트용 더미 데이터입니다.','더미굿즈','더미작품','더미캐릭터','포카',10000,'SELL','DIRECT','서울 홍대','ON_SALE',0,0,SYSDATE-1,NULL,'N');
INSERT INTO trade_post(seller_id,title,content,goods_name,work_name,character_name,category,price,trade_type,trade_method,region,status,view_count,like_count,created_at,updated_at,deleted_yn) VALUES(1,'굿즈 거래글','테스트용 더미 데이터입니다.','더미굿즈','더미작품','더미캐릭터','포카',10000,'SELL','DIRECT','서울 홍대','ON_SALE',0,0,SYSDATE-1,NULL,'N');
INSERT INTO trade_post(seller_id,title,content,goods_name,work_name,character_name,category,price,trade_type,trade_method,region,status,view_count,like_count,created_at,updated_at,deleted_yn) VALUES(1,'굿즈 거래글','테스트용 더미 데이터입니다.','더미굿즈','더미작품','더미캐릭터','포카',10000,'SELL','DIRECT','서울 홍대','ON_SALE',0,0,SYSDATE-1,NULL,'N');
INSERT INTO trade_post(seller_id,title,content,goods_name,work_name,character_name,category,price,trade_type,trade_method,region,status,view_count,like_count,created_at,updated_at,deleted_yn) VALUES(1,'굿즈 거래글','테스트용 더미 데이터입니다.','더미굿즈','더미작품','더미캐릭터','포카',10000,'SELL','DIRECT','서울 홍대','ON_SALE',0,0,SYSDATE-1,NULL,'N');
INSERT INTO trade_post(seller_id,title,content,goods_name,work_name,character_name,category,price,trade_type,trade_method,region,status,view_count,like_count,created_at,updated_at,deleted_yn) VALUES(1,'굿즈 거래글','테스트용 더미 데이터입니다.','더미굿즈','더미작품','더미캐릭터','포카',10000,'SELL','DIRECT','서울 홍대','ON_SALE',0,0,SYSDATE-1,NULL,'N');
INSERT INTO trade_post(seller_id,title,content,goods_name,work_name,character_name,category,price,trade_type,trade_method,region,status,view_count,like_count,created_at,updated_at,deleted_yn) VALUES(1,'굿즈 거래글','테스트용 더미 데이터입니다.','더미굿즈','더미작품','더미캐릭터','포카',10000,'SELL','DIRECT','서울 홍대','ON_SALE',0,0,SYSDATE-1,NULL,'N');
INSERT INTO trade_post(seller_id,title,content,goods_name,work_name,character_name,category,price,trade_type,trade_method,region,status,view_count,like_count,created_at,updated_at,deleted_yn) VALUES(1,'굿즈 거래글','테스트용 더미 데이터입니다.','더미굿즈','더미작품','더미캐릭터','포카',10000,'SELL','DIRECT','서울 홍대','ON_SALE',0,0,SYSDATE-1,NULL,'N');
INSERT INTO trade_post(seller_id,title,content,goods_name,work_name,character_name,category,price,trade_type,trade_method,region,status,view_count,like_count,created_at,updated_at,deleted_yn) VALUES(1,'굿즈 거래글','테스트용 더미 데이터입니다.','더미굿즈','더미작품','더미캐릭터','포카',10000,'SELL','DIRECT','서울 홍대','ON_SALE',0,0,SYSDATE-1,NULL,'N');
INSERT INTO trade_post(seller_id,title,content,goods_name,work_name,character_name,category,price,trade_type,trade_method,region,status,view_count,like_count,created_at,updated_at,deleted_yn) VALUES(1,'굿즈 거래글','테스트용 더미 데이터입니다.','더미굿즈','더미작품','더미캐릭터','포카',10000,'SELL','DIRECT','서울 홍대','ON_SALE',0,0,SYSDATE-1,NULL,'N');

INSERT INTO trade_post(seller_id,title,content,goods_name,work_name,character_name,category,price,trade_type,trade_method,region,status,view_count,like_count,created_at,updated_at,deleted_yn) VALUES(1,'굿즈 거래글','테스트용 더미 데이터입니다.','더미굿즈','더미작품','더미캐릭터','포카',10000,'SELL','DIRECT','서울 홍대','ON_SALE',0,0,SYSDATE-1,NULL,'N');
INSERT INTO trade_post(seller_id,title,content,goods_name,work_name,character_name,category,price,trade_type,trade_method,region,status,view_count,like_count,created_at,updated_at,deleted_yn) VALUES(1,'굿즈 거래글','테스트용 더미 데이터입니다.','더미굿즈','더미작품','더미캐릭터','포카',10000,'SELL','DIRECT','서울 홍대','ON_SALE',0,0,SYSDATE-1,NULL,'N');
INSERT INTO trade_post(seller_id,title,content,goods_name,work_name,character_name,category,price,trade_type,trade_method,region,status,view_count,like_count,created_at,updated_at,deleted_yn) VALUES(1,'굿즈 거래글','테스트용 더미 데이터입니다.','더미굿즈','더미작품','더미캐릭터','포카',10000,'SELL','DIRECT','서울 홍대','ON_SALE',0,0,SYSDATE-1,NULL,'N');
INSERT INTO trade_post(seller_id,title,content,goods_name,work_name,character_name,category,price,trade_type,trade_method,region,status,view_count,like_count,created_at,updated_at,deleted_yn) VALUES(1,'굿즈 거래글','테스트용 더미 데이터입니다.','더미굿즈','더미작품','더미캐릭터','포카',10000,'SELL','DIRECT','서울 홍대','ON_SALE',0,0,SYSDATE-1,NULL,'N');
INSERT INTO trade_post(seller_id,title,content,goods_name,work_name,character_name,category,price,trade_type,trade_method,region,status,view_count,like_count,created_at,updated_at,deleted_yn) VALUES(1,'굿즈 거래글','테스트용 더미 데이터입니다.','더미굿즈','더미작품','더미캐릭터','포카',10000,'SELL','DIRECT','서울 홍대','ON_SALE',0,0,SYSDATE-1,NULL,'N');
INSERT INTO trade_post(seller_id,title,content,goods_name,work_name,character_name,category,price,trade_type,trade_method,region,status,view_count,like_count,created_at,updated_at,deleted_yn) VALUES(1,'굿즈 거래글','테스트용 더미 데이터입니다.','더미굿즈','더미작품','더미캐릭터','포카',10000,'SELL','DIRECT','서울 홍대','ON_SALE',0,0,SYSDATE-1,NULL,'N');
INSERT INTO trade_post(seller_id,title,content,goods_name,work_name,character_name,category,price,trade_type,trade_method,region,status,view_count,like_count,created_at,updated_at,deleted_yn) VALUES(1,'굿즈 거래글','테스트용 더미 데이터입니다.','더미굿즈','더미작품','더미캐릭터','포카',10000,'SELL','DIRECT','서울 홍대','ON_SALE',0,0,SYSDATE-1,NULL,'N');
INSERT INTO trade_post(seller_id,title,content,goods_name,work_name,character_name,category,price,trade_type,trade_method,region,status,view_count,like_count,created_at,updated_at,deleted_yn) VALUES(1,'굿즈 거래글','테스트용 더미 데이터입니다.','더미굿즈','더미작품','더미캐릭터','포카',10000,'SELL','DIRECT','서울 홍대','ON_SALE',0,0,SYSDATE-1,NULL,'N');
INSERT INTO trade_post(seller_id,title,content,goods_name,work_name,character_name,category,price,trade_type,trade_method,region,status,view_count,like_count,created_at,updated_at,deleted_yn) VALUES(1,'굿즈 거래글','테스트용 더미 데이터입니다.','더미굿즈','더미작품','더미캐릭터','포카',10000,'SELL','DIRECT','서울 홍대','ON_SALE',0,0,SYSDATE-1,NULL,'N');
INSERT INTO trade_post(seller_id,title,content,goods_name,work_name,character_name,category,price,trade_type,trade_method,region,status,view_count,like_count,created_at,updated_at,deleted_yn) VALUES(1,'굿즈 거래글','테스트용 더미 데이터입니다.','더미굿즈','더미작품','더미캐릭터','포카',10000,'SELL','DIRECT','서울 홍대','ON_SALE',0,0,SYSDATE-1,NULL,'N');

INSERT INTO trade_post(seller_id,title,content,goods_name,work_name,character_name,category,price,trade_type,trade_method,region,status,view_count,like_count,created_at,updated_at,deleted_yn) VALUES(1,'굿즈 거래글','테스트용 더미 데이터입니다.','더미굿즈','더미작품','더미캐릭터','포카',10000,'SELL','DIRECT','서울 홍대','ON_SALE',0,0,SYSDATE-1,NULL,'N');
INSERT INTO trade_post(seller_id,title,content,goods_name,work_name,character_name,category,price,trade_type,trade_method,region,status,view_count,like_count,created_at,updated_at,deleted_yn) VALUES(1,'굿즈 거래글','테스트용 더미 데이터입니다.','더미굿즈','더미작품','더미캐릭터','포카',10000,'SELL','DIRECT','서울 홍대','ON_SALE',0,0,SYSDATE-1,NULL,'N');
INSERT INTO trade_post(seller_id,title,content,goods_name,work_name,character_name,category,price,trade_type,trade_method,region,status,view_count,like_count,created_at,updated_at,deleted_yn) VALUES(1,'굿즈 거래글','테스트용 더미 데이터입니다.','더미굿즈','더미작품','더미캐릭터','포카',10000,'SELL','DIRECT','서울 홍대','ON_SALE',0,0,SYSDATE-1,NULL,'N');
INSERT INTO trade_post(seller_id,title,content,goods_name,work_name,character_name,category,price,trade_type,trade_method,region,status,view_count,like_count,created_at,updated_at,deleted_yn) VALUES(1,'굿즈 거래글','테스트용 더미 데이터입니다.','더미굿즈','더미작품','더미캐릭터','포카',10000,'SELL','DIRECT','서울 홍대','ON_SALE',0,0,SYSDATE-1,NULL,'N');
INSERT INTO trade_post(seller_id,title,content,goods_name,work_name,character_name,category,price,trade_type,trade_method,region,status,view_count,like_count,created_at,updated_at,deleted_yn) VALUES(1,'굿즈 거래글','테스트용 더미 데이터입니다.','더미굿즈','더미작품','더미캐릭터','포카',10000,'SELL','DIRECT','서울 홍대','ON_SALE',0,0,SYSDATE-1,NULL,'N');
INSERT INTO trade_post(seller_id,title,content,goods_name,work_name,character_name,category,price,trade_type,trade_method,region,status,view_count,like_count,created_at,updated_at,deleted_yn) VALUES(1,'굿즈 거래글','테스트용 더미 데이터입니다.','더미굿즈','더미작품','더미캐릭터','포카',10000,'SELL','DIRECT','서울 홍대','ON_SALE',0,0,SYSDATE-1,NULL,'N');
INSERT INTO trade_post(seller_id,title,content,goods_name,work_name,character_name,category,price,trade_type,trade_method,region,status,view_count,like_count,created_at,updated_at,deleted_yn) VALUES(1,'굿즈 거래글','테스트용 더미 데이터입니다.','더미굿즈','더미작품','더미캐릭터','포카',10000,'SELL','DIRECT','서울 홍대','ON_SALE',0,0,SYSDATE-1,NULL,'N');
INSERT INTO trade_post(seller_id,title,content,goods_name,work_name,character_name,category,price,trade_type,trade_method,region,status,view_count,like_count,created_at,updated_at,deleted_yn) VALUES(1,'굿즈 거래글','테스트용 더미 데이터입니다.','더미굿즈','더미작품','더미캐릭터','포카',10000,'SELL','DIRECT','서울 홍대','ON_SALE',0,0,SYSDATE-1,NULL,'N');
INSERT INTO trade_post(seller_id,title,content,goods_name,work_name,character_name,category,price,trade_type,trade_method,region,status,view_count,like_count,created_at,updated_at,deleted_yn) VALUES(1,'굿즈 거래글','테스트용 더미 데이터입니다.','더미굿즈','더미작품','더미캐릭터','포카',10000,'SELL','DIRECT','서울 홍대','ON_SALE',0,0,SYSDATE-1,NULL,'N');
INSERT INTO trade_post(seller_id,title,content,goods_name,work_name,character_name,category,price,trade_type,trade_method,region,status,view_count,like_count,created_at,updated_at,deleted_yn) VALUES(1,'굿즈 거래글','테스트용 더미 데이터입니다.','더미굿즈','더미작품','더미캐릭터','포카',10000,'SELL','DIRECT','서울 홍대','ON_SALE',0,0,SYSDATE-1,NULL,'N');

INSERT INTO trade_post(seller_id,title,content,goods_name,work_name,character_name,category,price,trade_type,trade_method,region,status,view_count,like_count,created_at,updated_at,deleted_yn) VALUES(1,'굿즈 거래글','테스트용 더미 데이터입니다.','더미굿즈','더미작품','더미캐릭터','포카',10000,'SELL','DIRECT','서울 홍대','ON_SALE',0,0,SYSDATE-1,NULL,'N');
INSERT INTO trade_post(seller_id,title,content,goods_name,work_name,character_name,category,price,trade_type,trade_method,region,status,view_count,like_count,created_at,updated_at,deleted_yn) VALUES(1,'굿즈 거래글','테스트용 더미 데이터입니다.','더미굿즈','더미작품','더미캐릭터','포카',10000,'SELL','DIRECT','서울 홍대','ON_SALE',0,0,SYSDATE-1,NULL,'N');
INSERT INTO trade_post(seller_id,title,content,goods_name,work_name,character_name,category,price,trade_type,trade_method,region,status,view_count,like_count,created_at,updated_at,deleted_yn) VALUES(1,'굿즈 거래글','테스트용 더미 데이터입니다.','더미굿즈','더미작품','더미캐릭터','포카',10000,'SELL','DIRECT','서울 홍대','ON_SALE',0,0,SYSDATE-1,NULL,'N');
INSERT INTO trade_post(seller_id,title,content,goods_name,work_name,character_name,category,price,trade_type,trade_method,region,status,view_count,like_count,created_at,updated_at,deleted_yn) VALUES(1,'굿즈 거래글','테스트용 더미 데이터입니다.','더미굿즈','더미작품','더미캐릭터','포카',10000,'SELL','DIRECT','서울 홍대','ON_SALE',0,0,SYSDATE-1,NULL,'N');
INSERT INTO trade_post(seller_id,title,content,goods_name,work_name,character_name,category,price,trade_type,trade_method,region,status,view_count,like_count,created_at,updated_at,deleted_yn) VALUES(1,'굿즈 거래글','테스트용 더미 데이터입니다.','더미굿즈','더미작품','더미캐릭터','포카',10000,'SELL','DIRECT','서울 홍대','ON_SALE',0,0,SYSDATE-1,NULL,'N');
INSERT INTO trade_post(seller_id,title,content,goods_name,work_name,character_name,category,price,trade_type,trade_method,region,status,view_count,like_count,created_at,updated_at,deleted_yn) VALUES(1,'굿즈 거래글','테스트용 더미 데이터입니다.','더미굿즈','더미작품','더미캐릭터','포카',10000,'SELL','DIRECT','서울 홍대','ON_SALE',0,0,SYSDATE-1,NULL,'N');
INSERT INTO trade_post(seller_id,title,content,goods_name,work_name,character_name,category,price,trade_type,trade_method,region,status,view_count,like_count,created_at,updated_at,deleted_yn) VALUES(1,'굿즈 거래글','테스트용 더미 데이터입니다.','더미굿즈','더미작품','더미캐릭터','포카',10000,'SELL','DIRECT','서울 홍대','ON_SALE',0,0,SYSDATE-1,NULL,'N');
INSERT INTO trade_post(seller_id,title,content,goods_name,work_name,character_name,category,price,trade_type,trade_method,region,status,view_count,like_count,created_at,updated_at,deleted_yn) VALUES(1,'굿즈 거래글','테스트용 더미 데이터입니다.','더미굿즈','더미작품','더미캐릭터','포카',10000,'SELL','DIRECT','서울 홍대','ON_SALE',0,0,SYSDATE-1,NULL,'N');
INSERT INTO trade_post(seller_id,title,content,goods_name,work_name,character_name,category,price,trade_type,trade_method,region,status,view_count,like_count,created_at,updated_at,deleted_yn) VALUES(1,'굿즈 거래글','테스트용 더미 데이터입니다.','더미굿즈','더미작품','더미캐릭터','포카',10000,'SELL','DIRECT','서울 홍대','ON_SALE',0,0,SYSDATE-1,NULL,'N');
INSERT INTO trade_post(seller_id,title,content,goods_name,work_name,character_name,category,price,trade_type,trade_method,region,status,view_count,like_count,created_at,updated_at,deleted_yn) VALUES(1,'굿즈 거래글','테스트용 더미 데이터입니다.','더미굿즈','더미작품','더미캐릭터','포카',10000,'SELL','DIRECT','서울 홍대','ON_SALE',0,0,SYSDATE-1,NULL,'N');

INSERT INTO trade_post(seller_id,title,content,goods_name,work_name,character_name,category,price,trade_type,trade_method,region,status,view_count,like_count,created_at,updated_at,deleted_yn) VALUES(1,'굿즈 거래글','테스트용 더미 데이터입니다.','더미굿즈','더미작품','더미캐릭터','포카',10000,'SELL','DIRECT','서울 홍대','ON_SALE',0,0,SYSDATE-1,NULL,'N');
INSERT INTO trade_post(seller_id,title,content,goods_name,work_name,character_name,category,price,trade_type,trade_method,region,status,view_count,like_count,created_at,updated_at,deleted_yn) VALUES(1,'굿즈 거래글','테스트용 더미 데이터입니다.','더미굿즈','더미작품','더미캐릭터','포카',10000,'SELL','DIRECT','서울 홍대','ON_SALE',0,0,SYSDATE-1,NULL,'N');
INSERT INTO trade_post(seller_id,title,content,goods_name,work_name,character_name,category,price,trade_type,trade_method,region,status,view_count,like_count,created_at,updated_at,deleted_yn) VALUES(1,'굿즈 거래글','테스트용 더미 데이터입니다.','더미굿즈','더미작품','더미캐릭터','포카',10000,'SELL','DIRECT','서울 홍대','ON_SALE',0,0,SYSDATE-1,NULL,'N');
INSERT INTO trade_post(seller_id,title,content,goods_name,work_name,character_name,category,price,trade_type,trade_method,region,status,view_count,like_count,created_at,updated_at,deleted_yn) VALUES(1,'굿즈 거래글','테스트용 더미 데이터입니다.','더미굿즈','더미작품','더미캐릭터','포카',10000,'SELL','DIRECT','서울 홍대','ON_SALE',0,0,SYSDATE-1,NULL,'N');
INSERT INTO trade_post(seller_id,title,content,goods_name,work_name,character_name,category,price,trade_type,trade_method,region,status,view_count,like_count,created_at,updated_at,deleted_yn) VALUES(1,'굿즈 거래글','테스트용 더미 데이터입니다.','더미굿즈','더미작품','더미캐릭터','포카',10000,'SELL','DIRECT','서울 홍대','ON_SALE',0,0,SYSDATE-1,NULL,'N');
INSERT INTO trade_post(seller_id,title,content,goods_name,work_name,character_name,category,price,trade_type,trade_method,region,status,view_count,like_count,created_at,updated_at,deleted_yn) VALUES(1,'굿즈 거래글','테스트용 더미 데이터입니다.','더미굿즈','더미작품','더미캐릭터','포카',10000,'SELL','DIRECT','서울 홍대','ON_SALE',0,0,SYSDATE-1,NULL,'N');
INSERT INTO trade_post(seller_id,title,content,goods_name,work_name,character_name,category,price,trade_type,trade_method,region,status,view_count,like_count,created_at,updated_at,deleted_yn) VALUES(1,'굿즈 거래글','테스트용 더미 데이터입니다.','더미굿즈','더미작품','더미캐릭터','포카',10000,'SELL','DIRECT','서울 홍대','ON_SALE',0,0,SYSDATE-1,NULL,'N');
INSERT INTO trade_post(seller_id,title,content,goods_name,work_name,character_name,category,price,trade_type,trade_method,region,status,view_count,like_count,created_at,updated_at,deleted_yn) VALUES(1,'굿즈 거래글','테스트용 더미 데이터입니다.','더미굿즈','더미작품','더미캐릭터','포카',10000,'SELL','DIRECT','서울 홍대','ON_SALE',0,0,SYSDATE-1,NULL,'N');
INSERT INTO trade_post(seller_id,title,content,goods_name,work_name,character_name,category,price,trade_type,trade_method,region,status,view_count,like_count,created_at,updated_at,deleted_yn) VALUES(1,'굿즈 거래글','테스트용 더미 데이터입니다.','더미굿즈','더미작품','더미캐릭터','포카',10000,'SELL','DIRECT','서울 홍대','ON_SALE',0,0,SYSDATE-1,NULL,'N');
INSERT INTO trade_post(seller_id,title,content,goods_name,work_name,character_name,category,price,trade_type,trade_method,region,status,view_count,like_count,created_at,updated_at,deleted_yn) VALUES(1,'굿즈 거래글','테스트용 더미 데이터입니다.','더미굿즈','더미작품','더미캐릭터','포카',10000,'SELL','DIRECT','서울 홍대','ON_SALE',0,0,SYSDATE-1,NULL,'N');

INSERT INTO trade_bookmark(member_id,trade_id,created_at) VALUES(1,1,SYSDATE-10);
INSERT INTO trade_bookmark(member_id,trade_id,created_at) VALUES(1,2,SYSDATE-9);
INSERT INTO trade_bookmark(member_id,trade_id,created_at) VALUES(2,3,SYSDATE-8);
INSERT INTO trade_bookmark(member_id,trade_id,created_at) VALUES(2,4,SYSDATE-7);
INSERT INTO trade_bookmark(member_id,trade_id,created_at) VALUES(3,5,SYSDATE-6);
INSERT INTO trade_bookmark(member_id,trade_id,created_at) VALUES(3,6,SYSDATE-5);
INSERT INTO trade_bookmark(member_id,trade_id,created_at) VALUES(4,7,SYSDATE-4);
INSERT INTO trade_bookmark(member_id,trade_id,created_at) VALUES(4,8,SYSDATE-3);
INSERT INTO trade_bookmark(member_id,trade_id,created_at) VALUES(5,9,SYSDATE-2);
INSERT INTO trade_bookmark(member_id,trade_id,created_at) VALUES(5,10,SYSDATE-1);

INSERT INTO trade_bookmark(member_id,trade_id,created_at) VALUES(6,11,SYSDATE-10);
INSERT INTO trade_bookmark(member_id,trade_id,created_at) VALUES(6,12,SYSDATE-9);
INSERT INTO trade_bookmark(member_id,trade_id,created_at) VALUES(7,13,SYSDATE-8);
INSERT INTO trade_bookmark(member_id,trade_id,created_at) VALUES(7,14,SYSDATE-7);
INSERT INTO trade_bookmark(member_id,trade_id,created_at) VALUES(8,15,SYSDATE-6);
INSERT INTO trade_bookmark(member_id,trade_id,created_at) VALUES(8,16,SYSDATE-5);
INSERT INTO trade_bookmark(member_id,trade_id,created_at) VALUES(9,17,SYSDATE-4);
INSERT INTO trade_bookmark(member_id,trade_id,created_at) VALUES(9,18,SYSDATE-3);
INSERT INTO trade_bookmark(member_id,trade_id,created_at) VALUES(10,19,SYSDATE-2);
INSERT INTO trade_bookmark(member_id,trade_id,created_at) VALUES(10,20,SYSDATE-1);

INSERT INTO trade_bookmark(member_id,trade_id,created_at) VALUES(1,21,SYSDATE-10);
INSERT INTO trade_bookmark(member_id,trade_id,created_at) VALUES(2,22,SYSDATE-9);
INSERT INTO trade_bookmark(member_id,trade_id,created_at) VALUES(3,23,SYSDATE-8);
INSERT INTO trade_bookmark(member_id,trade_id,created_at) VALUES(4,24,SYSDATE-7);
INSERT INTO trade_bookmark(member_id,trade_id,created_at) VALUES(5,25,SYSDATE-6);
INSERT INTO trade_bookmark(member_id,trade_id,created_at) VALUES(6,26,SYSDATE-5);
INSERT INTO trade_bookmark(member_id,trade_id,created_at) VALUES(7,27,SYSDATE-4);
INSERT INTO trade_bookmark(member_id,trade_id,created_at) VALUES(8,28,SYSDATE-3);
INSERT INTO trade_bookmark(member_id,trade_id,created_at) VALUES(9,29,SYSDATE-2);
INSERT INTO trade_bookmark(member_id,trade_id,created_at) VALUES(10,30,SYSDATE-1);

INSERT INTO trade_bookmark(member_id,trade_id,created_at) VALUES(11,31,SYSDATE-10);
INSERT INTO trade_bookmark(member_id,trade_id,created_at) VALUES(11,32,SYSDATE-9);
INSERT INTO trade_bookmark(member_id,trade_id,created_at) VALUES(12,33,SYSDATE-8);
INSERT INTO trade_bookmark(member_id,trade_id,created_at) VALUES(12,34,SYSDATE-7);
INSERT INTO trade_bookmark(member_id,trade_id,created_at) VALUES(13,35,SYSDATE-6);
INSERT INTO trade_bookmark(member_id,trade_id,created_at) VALUES(13,36,SYSDATE-5);
INSERT INTO trade_bookmark(member_id,trade_id,created_at) VALUES(14,37,SYSDATE-4);
INSERT INTO trade_bookmark(member_id,trade_id,created_at) VALUES(14,38,SYSDATE-3);
INSERT INTO trade_bookmark(member_id,trade_id,created_at) VALUES(15,39,SYSDATE-2);
INSERT INTO trade_bookmark(member_id,trade_id,created_at) VALUES(15,40,SYSDATE-1);
INSERT INTO popup_goods (popup_id, name, description, category, price, thumbnail_url)
VALUES (1, '굿즈001', '더미굿즈001', '포카', 8000, 'g001.jpg');

INSERT INTO popup_goods (popup_id, name, description, category, price, thumbnail_url)
VALUES (1, '굿즈002', '더미굿즈002', '인형', 9000, 'g002.jpg');

INSERT INTO popup_goods (popup_id, name, description, category, price, thumbnail_url)
VALUES (1, '굿즈003', '더미굿즈003', '키링', 10000, 'g003.jpg');

INSERT INTO popup_goods (popup_id, name, description, category, price, thumbnail_url)
VALUES (1, '굿즈004', '더미굿즈004', '아크릴스탠드', 11000, 'g004.jpg');

INSERT INTO popup_goods (popup_id, name, description, category, price, thumbnail_url)
VALUES (1, '굿즈005', '더미굿즈005', '기타', 12000, 'g005.jpg');

INSERT INTO popup_goods (popup_id, name, description, category, price, thumbnail_url)
VALUES (1, '굿즈006', '더미굿즈006', '포카', 8000, 'g006.jpg');

INSERT INTO popup_goods (popup_id, name, description, category, price, thumbnail_url)
VALUES (1, '굿즈007', '더미굿즈007', '인형', 9000, 'g007.jpg');

INSERT INTO popup_goods (popup_id, name, description, category, price, thumbnail_url)
VALUES (1, '굿즈008', '더미굿즈008', '키링', 10000, 'g008.jpg');

INSERT INTO popup_goods (popup_id, name, description, category, price, thumbnail_url)
VALUES (1, '굿즈009', '더미굿즈009', '아크릴스탠드', 11000, 'g009.jpg');

INSERT INTO popup_goods (popup_id, name, description, category, price, thumbnail_url)
VALUES (1, '굿즈010', '더미굿즈010', '기타', 12000, 'g010.jpg');

INSERT INTO popup_goods (popup_id, name, description, category, price, thumbnail_url)
VALUES (2, '굿즈011', '더미굿즈011', '포카', 8000, 'g011.jpg');

INSERT INTO popup_goods (popup_id, name, description, category, price, thumbnail_url)
VALUES (2, '굿즈012', '더미굿즈012', '인형', 9000, 'g012.jpg');

INSERT INTO popup_goods (popup_id, name, description, category, price, thumbnail_url)
VALUES (2, '굿즈013', '더미굿즈013', '키링', 10000, 'g013.jpg');

INSERT INTO popup_goods (popup_id, name, description, category, price, thumbnail_url)
VALUES (2, '굿즈014', '더미굿즈014', '아크릴스탠드', 11000, 'g014.jpg');

INSERT INTO popup_goods (popup_id, name, description, category, price, thumbnail_url)
VALUES (2, '굿즈015', '더미굿즈015', '기타', 12000, 'g015.jpg');

INSERT INTO popup_goods (popup_id, name, description, category, price, thumbnail_url)
VALUES (2, '굿즈016', '더미굿즈016', '포카', 8000, 'g016.jpg');

INSERT INTO popup_goods (popup_id, name, description, category, price, thumbnail_url)
VALUES (2, '굿즈017', '더미굿즈017', '인형', 9000, 'g017.jpg');

INSERT INTO popup_goods (popup_id, name, description, category, price, thumbnail_url)
VALUES (2, '굿즈018', '더미굿즈018', '키링', 10000, 'g018.jpg');

INSERT INTO popup_goods (popup_id, name, description, category, price, thumbnail_url)
VALUES (2, '굿즈019', '더미굿즈019', '아크릴스탠드', 11000, 'g019.jpg');

INSERT INTO popup_goods (popup_id, name, description, category, price, thumbnail_url)
VALUES (2, '굿즈020', '더미굿즈020', '기타', 12000, 'g020.jpg');

INSERT INTO popup_goods (popup_id, name, description, category, price, thumbnail_url)
VALUES (3, '굿즈021', '더미굿즈021', '포카', 8000, 'g021.jpg');

INSERT INTO popup_goods (popup_id, name, description, category, price, thumbnail_url)
VALUES (3, '굿즈022', '더미굿즈022', '인형', 9000, 'g022.jpg');

INSERT INTO popup_goods (popup_id, name, description, category, price, thumbnail_url)
VALUES (3, '굿즈023', '더미굿즈023', '키링', 10000, 'g023.jpg');

INSERT INTO popup_goods (popup_id, name, description, category, price, thumbnail_url)
VALUES (3, '굿즈024', '더미굿즈024', '아크릴스탠드', 11000, 'g024.jpg');

INSERT INTO popup_goods (popup_id, name, description, category, price, thumbnail_url)
VALUES (3, '굿즈025', '더미굿즈025', '기타', 12000, 'g025.jpg');

INSERT INTO popup_goods (popup_id, name, description, category, price, thumbnail_url)
VALUES (3, '굿즈026', '더미굿즈026', '포카', 8000, 'g026.jpg');

INSERT INTO popup_goods (popup_id, name, description, category, price, thumbnail_url)
VALUES (3, '굿즈027', '더미굿즈027', '인형', 9000, 'g027.jpg');

INSERT INTO popup_goods (popup_id, name, description, category, price, thumbnail_url)
VALUES (3, '굿즈028', '더미굿즈028', '키링', 10000, 'g028.jpg');

INSERT INTO popup_goods (popup_id, name, description, category, price, thumbnail_url)
VALUES (3, '굿즈029', '더미굿즈029', '아크릴스탠드', 11000, 'g029.jpg');

INSERT INTO popup_goods (popup_id, name, description, category, price, thumbnail_url)
VALUES (3, '굿즈030', '더미굿즈030', '기타', 12000, 'g030.jpg');

INSERT INTO popup_goods (popup_id, name, description, category, price, thumbnail_url)
VALUES (4, '굿즈031', '더미굿즈031', '포카', 8000, 'g031.jpg');

INSERT INTO popup_goods (popup_id, name, description, category, price, thumbnail_url)
VALUES (4, '굿즈032', '더미굿즈032', '인형', 9000, 'g032.jpg');

INSERT INTO popup_goods (popup_id, name, description, category, price, thumbnail_url)
VALUES (4, '굿즈033', '더미굿즈033', '키링', 10000, 'g033.jpg');

INSERT INTO popup_goods (popup_id, name, description, category, price, thumbnail_url)
VALUES (4, '굿즈034', '더미굿즈034', '아크릴스탠드', 11000, 'g034.jpg');

INSERT INTO popup_goods (popup_id, name, description, category, price, thumbnail_url)
VALUES (4, '굿즈035', '더미굿즈035', '기타', 12000, 'g035.jpg');

INSERT INTO popup_goods (popup_id, name, description, category, price, thumbnail_url)
VALUES (4, '굿즈036', '더미굿즈036', '포카', 8000, 'g036.jpg');

INSERT INTO popup_goods (popup_id, name, description, category, price, thumbnail_url)
VALUES (4, '굿즈037', '더미굿즈037', '인형', 9000, 'g037.jpg');

INSERT INTO popup_goods (popup_id, name, description, category, price, thumbnail_url)
VALUES (4, '굿즈038', '더미굿즈038', '키링', 10000, 'g038.jpg');

INSERT INTO popup_goods (popup_id, name, description, category, price, thumbnail_url)
VALUES (4, '굿즈039', '더미굿즈039', '아크릴스탠드', 11000, 'g039.jpg');

INSERT INTO popup_goods (popup_id, name, description, category, price, thumbnail_url)
VALUES (4, '굿즈040', '더미굿즈040', '기타', 12000, 'g040.jpg');

INSERT INTO popup_goods (popup_id, name, description, category, price, thumbnail_url)
VALUES (5, '굿즈041', '더미굿즈041', '포카', 8000, 'g041.jpg');

INSERT INTO popup_goods (popup_id, name, description, category, price, thumbnail_url)
VALUES (5, '굿즈042', '더미굿즈042', '인형', 9000, 'g042.jpg');

INSERT INTO popup_goods (popup_id, name, description, category, price, thumbnail_url)
VALUES (5, '굿즈043', '더미굿즈043', '키링', 10000, 'g043.jpg');

INSERT INTO popup_goods (popup_id, name, description, category, price, thumbnail_url)
VALUES (5, '굿즈044', '더미굿즈044', '아크릴스탠드', 11000, 'g044.jpg');

INSERT INTO popup_goods (popup_id, name, description, category, price, thumbnail_url)
VALUES (5, '굿즈045', '더미굿즈045', '기타', 12000, 'g045.jpg');

INSERT INTO popup_goods (popup_id, name, description, category, price, thumbnail_url)
VALUES (5, '굿즈046', '더미굿즈046', '포카', 8000, 'g046.jpg');

INSERT INTO popup_goods (popup_id, name, description, category, price, thumbnail_url)
VALUES (5, '굿즈047', '더미굿즈047', '인형', 9000, 'g047.jpg');

INSERT INTO popup_goods (popup_id, name, description, category, price, thumbnail_url)
VALUES (5, '굿즈048', '더미굿즈048', '키링', 10000, 'g048.jpg');

INSERT INTO popup_goods (popup_id, name, description, category, price, thumbnail_url)
VALUES (5, '굿즈049', '더미굿즈049', '아크릴스탠드', 11000, 'g049.jpg');

INSERT INTO popup_goods (popup_id, name, description, category, price, thumbnail_url)
VALUES (5, '굿즈050', '더미굿즈050', '기타', 12000, 'g050.jpg');

INSERT INTO popup_goods (popup_id, name, description, category, price, thumbnail_url)
VALUES (6, '굿즈051', '더미굿즈051', '포카', 8000, 'g051.jpg');

INSERT INTO popup_goods (popup_id, name, description, category, price, thumbnail_url)
VALUES (6, '굿즈052', '더미굿즈052', '인형', 9000, 'g052.jpg');

INSERT INTO popup_goods (popup_id, name, description, category, price, thumbnail_url)
VALUES (6, '굿즈053', '더미굿즈053', '키링', 10000, 'g053.jpg');

INSERT INTO popup_goods (popup_id, name, description, category, price, thumbnail_url)
VALUES (6, '굿즈054', '더미굿즈054', '아크릴스탠드', 11000, 'g054.jpg');

INSERT INTO popup_goods (popup_id, name, description, category, price, thumbnail_url)
VALUES (6, '굿즈055', '더미굿즈055', '기타', 12000, 'g055.jpg');

INSERT INTO popup_goods (popup_id, name, description, category, price, thumbnail_url)
VALUES (6, '굿즈056', '더미굿즈056', '포카', 8000, 'g056.jpg');

INSERT INTO popup_goods (popup_id, name, description, category, price, thumbnail_url)
VALUES (6, '굿즈057', '더미굿즈057', '인형', 9000, 'g057.jpg');

INSERT INTO popup_goods (popup_id, name, description, category, price, thumbnail_url)
VALUES (6, '굿즈058', '더미굿즈058', '키링', 10000, 'g058.jpg');

INSERT INTO popup_goods (popup_id, name, description, category, price, thumbnail_url)
VALUES (6, '굿즈059', '더미굿즈059', '아크릴스탠드', 11000, 'g059.jpg');

INSERT INTO popup_goods (popup_id, name, description, category, price, thumbnail_url)
VALUES (6, '굿즈060', '더미굿즈060', '기타', 12000, 'g060.jpg');

INSERT INTO popup_goods (popup_id, name, description, category, price, thumbnail_url)
VALUES (7, '굿즈061', '더미굿즈061', '포카', 8000, 'g061.jpg');

INSERT INTO popup_goods (popup_id, name, description, category, price, thumbnail_url)
VALUES (7, '굿즈062', '더미굿즈062', '인형', 9000, 'g062.jpg');

INSERT INTO popup_goods (popup_id, name, description, category, price, thumbnail_url)
VALUES (7, '굿즈063', '더미굿즈063', '키링', 10000, 'g063.jpg');

INSERT INTO popup_goods (popup_id, name, description, category, price, thumbnail_url)
VALUES (7, '굿즈064', '더미굿즈064', '아크릴스탠드', 11000, 'g064.jpg');

INSERT INTO popup_goods (popup_id, name, description, category, price, thumbnail_url)
VALUES (7, '굿즈065', '더미굿즈065', '기타', 12000, 'g065.jpg');

INSERT INTO popup_goods (popup_id, name, description, category, price, thumbnail_url)
VALUES (7, '굿즈066', '더미굿즈066', '포카', 8000, 'g066.jpg');

INSERT INTO popup_goods (popup_id, name, description, category, price, thumbnail_url)
VALUES (7, '굿즈067', '더미굿즈067', '인형', 9000, 'g067.jpg');

INSERT INTO popup_goods (popup_id, name, description, category, price, thumbnail_url)
VALUES (7, '굿즈068', '더미굿즈068', '키링', 10000, 'g068.jpg');

INSERT INTO popup_goods (popup_id, name, description, category, price, thumbnail_url)
VALUES (7, '굿즈069', '더미굿즈069', '아크릴스탠드', 11000, 'g069.jpg');

INSERT INTO popup_goods (popup_id, name, description, category, price, thumbnail_url)
VALUES (7, '굿즈070', '더미굿즈070', '기타', 12000, 'g070.jpg');

INSERT INTO popup_goods (popup_id, name, description, category, price, thumbnail_url)
VALUES (8, '굿즈071', '더미굿즈071', '포카', 8000, 'g071.jpg');

INSERT INTO popup_goods (popup_id, name, description, category, price, thumbnail_url)
VALUES (8, '굿즈072', '더미굿즈072', '인형', 9000, 'g072.jpg');

INSERT INTO popup_goods (popup_id, name, description, category, price, thumbnail_url)
VALUES (8, '굿즈073', '더미굿즈073', '키링', 10000, 'g073.jpg');

INSERT INTO popup_goods (popup_id, name, description, category, price, thumbnail_url)
VALUES (8, '굿즈074', '더미굿즈074', '아크릴스탠드', 11000, 'g074.jpg');

INSERT INTO popup_goods (popup_id, name, description, category, price, thumbnail_url)
VALUES (8, '굿즈075', '더미굿즈075', '기타', 12000, 'g075.jpg');

INSERT INTO popup_goods (popup_id, name, description, category, price, thumbnail_url)
VALUES (8, '굿즈076', '더미굿즈076', '포카', 8000, 'g076.jpg');

INSERT INTO popup_goods (popup_id, name, description, category, price, thumbnail_url)
VALUES (8, '굿즈077', '더미굿즈077', '인형', 9000, 'g077.jpg');

INSERT INTO popup_goods (popup_id, name, description, category, price, thumbnail_url)
VALUES (8, '굿즈078', '더미굿즈078', '키링', 10000, 'g078.jpg');

INSERT INTO popup_goods (popup_id, name, description, category, price, thumbnail_url)
VALUES (8, '굿즈079', '더미굿즈079', '아크릴스탠드', 11000, 'g079.jpg');

INSERT INTO popup_goods (popup_id, name, description, category, price, thumbnail_url)
VALUES (8, '굿즈080', '더미굿즈080', '기타', 12000, 'g080.jpg');

INSERT INTO popup_goods (popup_id, name, description, category, price, thumbnail_url)
VALUES (9, '굿즈081', '더미굿즈081', '포카', 8000, 'g081.jpg');

INSERT INTO popup_goods (popup_id, name, description, category, price, thumbnail_url)
VALUES (9, '굿즈082', '더미굿즈082', '인형', 9000, 'g082.jpg');

INSERT INTO popup_goods (popup_id, name, description, category, price, thumbnail_url)
VALUES (9, '굿즈083', '더미굿즈083', '키링', 10000, 'g083.jpg');

INSERT INTO popup_goods (popup_id, name, description, category, price, thumbnail_url)
VALUES (9, '굿즈084', '더미굿즈084', '아크릴스탠드', 11000, 'g084.jpg');

INSERT INTO popup_goods (popup_id, name, description, category, price, thumbnail_url)
VALUES (9, '굿즈085', '더미굿즈085', '기타', 12000, 'g085.jpg');

INSERT INTO popup_goods (popup_id, name, description, category, price, thumbnail_url)
VALUES (9, '굿즈086', '더미굿즈086', '포카', 8000, 'g086.jpg');

INSERT INTO popup_goods (popup_id, name, description, category, price, thumbnail_url)
VALUES (9, '굿즈087', '더미굿즈087', '인형', 9000, 'g087.jpg');

INSERT INTO popup_goods (popup_id, name, description, category, price, thumbnail_url)
VALUES (9, '굿즈088', '더미굿즈088', '키링', 10000, 'g088.jpg');

INSERT INTO popup_goods (popup_id, name, description, category, price, thumbnail_url)
VALUES (9, '굿즈089', '더미굿즈089', '아크릴스탠드', 11000, 'g089.jpg');

INSERT INTO popup_goods (popup_id, name, description, category, price, thumbnail_url)
VALUES (9, '굿즈090', '더미굿즈090', '기타', 12000, 'g090.jpg');

INSERT INTO popup_goods (popup_id, name, description, category, price, thumbnail_url)
VALUES (10, '굿즈091', '더미굿즈091', '포카', 8000, 'g091.jpg');

INSERT INTO popup_goods (popup_id, name, description, category, price, thumbnail_url)
VALUES (10, '굿즈092', '더미굿즈092', '인형', 9000, 'g092.jpg');

INSERT INTO popup_goods (popup_id, name, description, category, price, thumbnail_url)
VALUES (10, '굿즈093', '더미굿즈093', '키링', 10000, 'g093.jpg');

INSERT INTO popup_goods (popup_id, name, description, category, price, thumbnail_url)
VALUES (10, '굿즈094', '더미굿즈094', '아크릴스탠드', 11000, 'g094.jpg');

INSERT INTO popup_goods (popup_id, name, description, category, price, thumbnail_url)
VALUES (10, '굿즈095', '더미굿즈095', '기타', 12000, 'g095.jpg');

INSERT INTO popup_goods (popup_id, name, description, category, price, thumbnail_url)
VALUES (10, '굿즈096', '더미굿즈096', '포카', 8000, 'g096.jpg');

INSERT INTO popup_goods (popup_id, name, description, category, price, thumbnail_url)
VALUES (10, '굿즈097', '더미굿즈097', '인형', 9000, 'g097.jpg');

INSERT INTO popup_goods (popup_id, name, description, category, price, thumbnail_url)
VALUES (10, '굿즈098', '더미굿즈098', '키링', 10000, 'g098.jpg');

INSERT INTO popup_goods (popup_id, name, description, category, price, thumbnail_url)
VALUES (10, '굿즈099', '더미굿즈099', '아크릴스탠드', 11000, 'g099.jpg');

INSERT INTO popup_goods (popup_id, name, description, category, price, thumbnail_url)
VALUES (10, '굿즈100', '더미굿즈100', '기타', 12000, 'g100.jpg');

INSERT INTO trade_chat_room(trade_id,member_id,type,created_at,last_message_at) VALUES(1, 1, 'SELLER',SYSDATE-10,SYSDATE-9);
INSERT INTO trade_chat_room(trade_id,member_id,type,created_at,last_message_at) VALUES(2,1,'SELLER',SYSDATE-9,SYSDATE-8);
INSERT INTO trade_chat_room(trade_id,member_id,type,created_at,last_message_at) VALUES(3,1,'SELLER',SYSDATE-8,SYSDATE-7);
INSERT INTO trade_chat_room(trade_id,member_id,type,created_at,last_message_at) VALUES(4,1,'SELLER',SYSDATE-7,SYSDATE-6);
INSERT INTO trade_chat_room(trade_id,member_id,type,created_at,last_message_at) VALUES(5,1,'SELLER',SYSDATE-6,SYSDATE-5);

INSERT INTO trade_chat_room(trade_id,member_id,type,created_at,last_message_at) VALUES(6,1,'SELLER',SYSDATE-5,SYSDATE-4);
INSERT INTO trade_chat_room(trade_id,member_id,type,created_at,last_message_at) VALUES(7,1,'SELLER',SYSDATE-4,SYSDATE-3);
INSERT INTO trade_chat_room(trade_id,member_id,type,created_at,last_message_at) VALUES(8,1,'SELLER',SYSDATE-3,SYSDATE-2);
INSERT INTO trade_chat_room(trade_id,member_id,type,created_at,last_message_at) VALUES(9,1,'SELLER',SYSDATE-2,SYSDATE-1);
INSERT INTO trade_chat_room(trade_id,member_id,type,created_at,last_message_at) VALUES(10,1,'SELLER',SYSDATE-1,SYSDATE);

INSERT INTO trade_chat_room(trade_id,member_id,type,created_at,last_message_at) VALUES(11,1,'SELLER',SYSDATE-9,SYSDATE-8);
INSERT INTO trade_chat_room(trade_id,member_id,type,created_at,last_message_at) VALUES(12,1,'SELLER',SYSDATE-8,SYSDATE-7);
INSERT INTO trade_chat_room(trade_id,member_id,type,created_at,last_message_at) VALUES(13,1,'SELLER',SYSDATE-7,SYSDATE-6);
INSERT INTO trade_chat_room(trade_id,member_id,type,created_at,last_message_at) VALUES(14,1,'SELLER',SYSDATE-6,SYSDATE-5);
INSERT INTO trade_chat_room(trade_id,member_id,type,created_at,last_message_at) VALUES(15,1,'SELLER',SYSDATE-5,SYSDATE-4);

INSERT INTO trade_chat_room(trade_id,member_id,type,created_at,last_message_at) VALUES(16,1,'SELLER',SYSDATE-4,SYSDATE-3);
INSERT INTO trade_chat_room(trade_id,member_id,type,created_at,last_message_at) VALUES(17,1,'SELLER',SYSDATE-3,SYSDATE-2);
INSERT INTO trade_chat_room(trade_id,member_id,type,created_at,last_message_at) VALUES(18,1,'SELLER',SYSDATE-2,SYSDATE-1);
INSERT INTO trade_chat_room(trade_id,member_id,type,created_at,last_message_at) VALUES(19,1,'SELLER',SYSDATE-1,SYSDATE);
INSERT INTO trade_chat_room(trade_id,member_id,type,created_at,last_message_at) VALUES(20,1,'SELLER',SYSDATE-1,SYSDATE);
commit ;
INSERT INTO trade_chat_message (room_id, sender_id, message, created_at, read_yn)
VALUES (1, 2, '테스트 채팅 메시지 1번',  SYSDATE - 10, 'N'); -- 01

INSERT INTO trade_chat_message (room_id, sender_id, message, created_at, read_yn)
VALUES (2, 3, '테스트 채팅 메시지 2번',  SYSDATE - 10, 'N'); -- 02

INSERT INTO trade_chat_message (room_id, sender_id, message, created_at, read_yn)
VALUES (3, 4, '테스트 채팅 메시지 3번',  SYSDATE - 10, 'N'); -- 03

INSERT INTO trade_chat_message (room_id, sender_id, message, created_at, read_yn)
VALUES (4, 5, '테스트 채팅 메시지 4번',  SYSDATE - 10, 'N'); -- 04

INSERT INTO trade_chat_message (room_id, sender_id, message, created_at, read_yn)
VALUES (5, 1, '테스트 채팅 메시지 5번',  SYSDATE - 10, 'N'); -- 05

INSERT INTO trade_chat_message (room_id, sender_id, message, created_at, read_yn)
VALUES (6, 2, '테스트 채팅 메시지 6번',  SYSDATE - 10, 'N'); -- 06

INSERT INTO trade_chat_message (room_id, sender_id, message, created_at, read_yn)
VALUES (7, 3, '테스트 채팅 메시지 7번',  SYSDATE - 10, 'N'); -- 07

INSERT INTO trade_chat_message (room_id, sender_id, message, created_at, read_yn)
VALUES (8, 4, '테스트 채팅 메시지 8번',  SYSDATE - 10, 'N'); -- 08

INSERT INTO trade_chat_message (room_id, sender_id, message, created_at, read_yn)
VALUES (9, 5, '테스트 채팅 메시지 9번',  SYSDATE - 10, 'N'); -- 09

INSERT INTO trade_chat_message (room_id, sender_id, message, created_at, read_yn)
VALUES (10, 1, '테스트 채팅 메시지 10번', SYSDATE - 10, 'N'); -- 10

-- SYSDATE - 9

INSERT INTO trade_chat_message (room_id, sender_id, message, created_at, read_yn)
VALUES (1, 2, '테스트 채팅 메시지 11번', SYSDATE - 9, 'N'); -- 11

INSERT INTO trade_chat_message (room_id, sender_id, message, created_at, read_yn)
VALUES (2, 3, '테스트 채팅 메시지 12번', SYSDATE - 9, 'N'); -- 12

INSERT INTO trade_chat_message (room_id, sender_id, message, created_at, read_yn)
VALUES (3, 4, '테스트 채팅 메시지 13번', SYSDATE - 9, 'N'); -- 13

INSERT INTO trade_chat_message (room_id, sender_id, message, created_at, read_yn)
VALUES (4, 5, '테스트 채팅 메시지 14번', SYSDATE - 9, 'N'); -- 14

INSERT INTO trade_chat_message (room_id, sender_id, message, created_at, read_yn)
VALUES (5, 1, '테스트 채팅 메시지 15번', SYSDATE - 9, 'N'); -- 15

INSERT INTO trade_chat_message (room_id, sender_id, message, created_at, read_yn)
VALUES (6, 2, '테스트 채팅 메시지 16번', SYSDATE - 9, 'N'); -- 16

INSERT INTO trade_chat_message (room_id, sender_id, message, created_at, read_yn)
VALUES (7, 3, '테스트 채팅 메시지 17번', SYSDATE - 9, 'N'); -- 17

INSERT INTO trade_chat_message (room_id, sender_id, message, created_at, read_yn)
VALUES (8, 4, '테스트 채팅 메시지 18번', SYSDATE - 9, 'N'); -- 18

INSERT INTO trade_chat_message (room_id, sender_id, message, created_at, read_yn)
VALUES (9, 5, '테스트 채팅 메시지 19번', SYSDATE - 9, 'N'); -- 19

INSERT INTO trade_chat_message (room_id, sender_id, message, created_at, read_yn)
VALUES (10, 1, '테스트 채팅 메시지 20번', SYSDATE - 9, 'N'); -- 20

-- SYSDATE - 8

INSERT INTO trade_chat_message (room_id, sender_id, message, created_at, read_yn)
VALUES (1, 2, '테스트 채팅 메시지 21번', SYSDATE - 8, 'N'); -- 21

INSERT INTO trade_chat_message (room_id, sender_id, message, created_at, read_yn)
VALUES (2, 3, '테스트 채팅 메시지 22번', SYSDATE - 8, 'N'); -- 22

INSERT INTO trade_chat_message (room_id, sender_id, message, created_at, read_yn)
VALUES (3, 4, '테스트 채팅 메시지 23번', SYSDATE - 8, 'N'); -- 23

INSERT INTO trade_chat_message (room_id, sender_id, message, created_at, read_yn)
VALUES (4, 5, '테스트 채팅 메시지 24번', SYSDATE - 8, 'N'); -- 24

INSERT INTO trade_chat_message (room_id, sender_id, message, created_at, read_yn)
VALUES (5, 1, '테스트 채팅 메시지 25번', SYSDATE - 8, 'N'); -- 25

INSERT INTO trade_chat_message (room_id, sender_id, message, created_at, read_yn)
VALUES (6, 2, '테스트 채팅 메시지 26번', SYSDATE - 8, 'N'); -- 26

INSERT INTO trade_chat_message (room_id, sender_id, message, created_at, read_yn)
VALUES (7, 3, '테스트 채팅 메시지 27번', SYSDATE - 8, 'N'); -- 27

INSERT INTO trade_chat_message (room_id, sender_id, message, created_at, read_yn)
VALUES (8, 4, '테스트 채팅 메시지 28번', SYSDATE - 8, 'N'); -- 28

INSERT INTO trade_chat_message (room_id, sender_id, message, created_at, read_yn)
VALUES (9, 5, '테스트 채팅 메시지 29번', SYSDATE - 8, 'N'); -- 29

INSERT INTO trade_chat_message (room_id, sender_id, message, created_at, read_yn)
VALUES (10, 1, '테스트 채팅 메시지 30번', SYSDATE - 8, 'N'); -- 30

-- SYSDATE - 7

INSERT INTO trade_chat_message (room_id, sender_id, message, created_at, read_yn)
VALUES (1, 2, '테스트 채팅 메시지 31번', SYSDATE - 7, 'N'); -- 31

INSERT INTO trade_chat_message (room_id, sender_id, message, created_at, read_yn)
VALUES (2, 3, '테스트 채팅 메시지 32번', SYSDATE - 7, 'N'); -- 32

INSERT INTO trade_chat_message (room_id, sender_id, message, created_at, read_yn)
VALUES (3, 4, '테스트 채팅 메시지 33번', SYSDATE - 7, 'N'); -- 33

INSERT INTO trade_chat_message (room_id, sender_id, message, created_at, read_yn)
VALUES (4, 5, '테스트 채팅 메시지 34번', SYSDATE - 7, 'N'); -- 34

INSERT INTO trade_chat_message (room_id, sender_id, message, created_at, read_yn)
VALUES (5, 1, '테스트 채팅 메시지 35번', SYSDATE - 7, 'N'); -- 35

INSERT INTO trade_chat_message (room_id, sender_id, message, created_at, read_yn)
VALUES (6, 2, '테스트 채팅 메시지 36번', SYSDATE - 7, 'N'); -- 36

INSERT INTO trade_chat_message (room_id, sender_id, message, created_at, read_yn)
VALUES (7, 3, '테스트 채팅 메시지 37번', SYSDATE - 7, 'N'); -- 37

INSERT INTO trade_chat_message (room_id, sender_id, message, created_at, read_yn)
VALUES (8, 4, '테스트 채팅 메시지 38번', SYSDATE - 7, 'N'); -- 38

INSERT INTO trade_chat_message (room_id, sender_id, message, created_at, read_yn)
VALUES (9, 5, '테스트 채팅 메시지 39번', SYSDATE - 7, 'N'); -- 39

INSERT INTO trade_chat_message (room_id, sender_id, message, created_at, read_yn)
VALUES (10, 1, '테스트 채팅 메시지 40번', SYSDATE - 7, 'N'); -- 40

-- SYSDATE - 6

INSERT INTO trade_chat_message (room_id, sender_id, message, created_at, read_yn)
VALUES (1, 2, '테스트 채팅 메시지 41번', SYSDATE - 6, 'N'); -- 41

INSERT INTO trade_chat_message (room_id, sender_id, message, created_at, read_yn)
VALUES (2, 3, '테스트 채팅 메시지 42번', SYSDATE - 6, 'N'); -- 42

INSERT INTO trade_chat_message (room_id, sender_id, message, created_at, read_yn)
VALUES (3, 4, '테스트 채팅 메시지 43번', SYSDATE - 6, 'N'); -- 43

INSERT INTO trade_chat_message (room_id, sender_id, message, created_at, read_yn)
VALUES (4, 5, '테스트 채팅 메시지 44번', SYSDATE - 6, 'N'); -- 44

INSERT INTO trade_chat_message (room_id, sender_id, message, created_at, read_yn)
VALUES (5, 1, '테스트 채팅 메시지 45번', SYSDATE - 6, 'N'); -- 45

INSERT INTO trade_chat_message (room_id, sender_id, message, created_at, read_yn)
VALUES (6, 2, '테스트 채팅 메시지 46번', SYSDATE - 6, 'N'); -- 46

INSERT INTO trade_chat_message (room_id, sender_id, message, created_at, read_yn)
VALUES (7, 3, '테스트 채팅 메시지 47번', SYSDATE - 6, 'N'); -- 47

INSERT INTO trade_chat_message (room_id, sender_id, message, created_at, read_yn)
VALUES (8, 4, '테스트 채팅 메시지 48번', SYSDATE - 6, 'N'); -- 48

INSERT INTO trade_chat_message (room_id, sender_id, message, created_at, read_yn)
VALUES (9, 5, '테스트 채팅 메시지 49번', SYSDATE - 6, 'N'); -- 49

INSERT INTO trade_chat_message (room_id, sender_id, message, created_at, read_yn)
VALUES (10, 1, '테스트 채팅 메시지 50번', SYSDATE - 6, 'N'); -- 50

-- SYSDATE - 5 (51~70은 아직 안 읽음 N, 71~100은 읽음 Y 로 설정)

INSERT INTO trade_chat_message (room_id, sender_id, message, created_at, read_yn)
VALUES (1, 2, '테스트 채팅 메시지 51번', SYSDATE - 5, 'N'); -- 51

INSERT INTO trade_chat_message (room_id, sender_id, message, created_at, read_yn)
VALUES (2, 3, '테스트 채팅 메시지 52번', SYSDATE - 5, 'N'); -- 52

INSERT INTO trade_chat_message (room_id, sender_id, message, created_at, read_yn)
VALUES (3, 4, '테스트 채팅 메시지 53번', SYSDATE - 5, 'N'); -- 53

INSERT INTO trade_chat_message (room_id, sender_id, message, created_at, read_yn)
VALUES (4, 5, '테스트 채팅 메시지 54번', SYSDATE - 5, 'N'); -- 54

INSERT INTO trade_chat_message (room_id, sender_id, message, created_at, read_yn)
VALUES (5, 1, '테스트 채팅 메시지 55번', SYSDATE - 5, 'N'); -- 55

INSERT INTO trade_chat_message (room_id, sender_id, message, created_at, read_yn)
VALUES (6, 2, '테스트 채팅 메시지 56번', SYSDATE - 5, 'N'); -- 56

INSERT INTO trade_chat_message (room_id, sender_id, message, created_at, read_yn)
VALUES (7, 3, '테스트 채팅 메시지 57번', SYSDATE - 5, 'N'); -- 57

INSERT INTO trade_chat_message (room_id, sender_id, message, created_at, read_yn)
VALUES (8, 4, '테스트 채팅 메시지 58번', SYSDATE - 5, 'N'); -- 58

INSERT INTO trade_chat_message (room_id, sender_id, message, created_at, read_yn)
VALUES (9, 5, '테스트 채팅 메시지 59번', SYSDATE - 5, 'N'); -- 59

INSERT INTO trade_chat_message (room_id, sender_id, message, created_at, read_yn)
VALUES (10, 1, '테스트 채팅 메시지 60번', SYSDATE - 5, 'N'); -- 60

-- SYSDATE - 4

INSERT INTO trade_chat_message (room_id, sender_id, message, created_at, read_yn)
VALUES (1, 2, '테스트 채팅 메시지 61번', SYSDATE - 4, 'N'); -- 61

INSERT INTO trade_chat_message (room_id, sender_id, message, created_at, read_yn)
VALUES (2, 3, '테스트 채팅 메시지 62번', SYSDATE - 4, 'N'); -- 62

INSERT INTO trade_chat_message (room_id, sender_id, message, created_at, read_yn)
VALUES (3, 4, '테스트 채팅 메시지 63번', SYSDATE - 4, 'N'); -- 63

INSERT INTO trade_chat_message (room_id, sender_id, message, created_at, read_yn)
VALUES (4, 5, '테스트 채팅 메시지 64번', SYSDATE - 4, 'N'); -- 64

INSERT INTO trade_chat_message (room_id, sender_id, message, created_at, read_yn)
VALUES (5, 1, '테스트 채팅 메시지 65번', SYSDATE - 4, 'N'); -- 65

INSERT INTO trade_chat_message (room_id, sender_id, message, created_at, read_yn)
VALUES (6, 2, '테스트 채팅 메시지 66번', SYSDATE - 4, 'N'); -- 66

INSERT INTO trade_chat_message (room_id, sender_id, message, created_at, read_yn)
VALUES (7, 3, '테스트 채팅 메시지 67번', SYSDATE - 4, 'N'); -- 67

INSERT INTO trade_chat_message (room_id, sender_id, message, created_at, read_yn)
VALUES (8, 4, '테스트 채팅 메시지 68번', SYSDATE - 4, 'N'); -- 68

INSERT INTO trade_chat_message (room_id, sender_id, message, created_at, read_yn)
VALUES (9, 5, '테스트 채팅 메시지 69번', SYSDATE - 4, 'N'); -- 69

INSERT INTO trade_chat_message (room_id, sender_id, message, created_at, read_yn)
VALUES (10, 1, '테스트 채팅 메시지 70번', SYSDATE - 4, 'N'); -- 70

-- SYSDATE - 3 (71~90: 읽음 Y)

INSERT INTO trade_chat_message (room_id, sender_id, message, created_at, read_yn)
VALUES (1, 2, '테스트 채팅 메시지 71번', SYSDATE - 3, 'Y'); -- 71

INSERT INTO trade_chat_message (room_id, sender_id, message, created_at, read_yn)
VALUES (2, 3, '테스트 채팅 메시지 72번', SYSDATE - 3, 'Y'); -- 72

INSERT INTO trade_chat_message (room_id, sender_id, message, created_at, read_yn)
VALUES (3, 4, '테스트 채팅 메시지 73번', SYSDATE - 3, 'Y'); -- 73

INSERT INTO trade_chat_message (room_id, sender_id, message, created_at, read_yn)
VALUES (4, 5, '테스트 채팅 메시지 74번', SYSDATE - 3, 'Y'); -- 74

INSERT INTO trade_chat_message (room_id, sender_id, message, created_at, read_yn)
VALUES (5, 1, '테스트 채팅 메시지 75번', SYSDATE - 3, 'Y'); -- 75

INSERT INTO trade_chat_message (room_id, sender_id, message, created_at, read_yn)
VALUES (6, 2, '테스트 채팅 메시지 76번', SYSDATE - 3, 'Y'); -- 76

INSERT INTO trade_chat_message (room_id, sender_id, message, created_at, read_yn)
VALUES (7, 3, '테스트 채팅 메시지 77번', SYSDATE - 3, 'Y'); -- 77

INSERT INTO trade_chat_message (room_id, sender_id, message, created_at, read_yn)
VALUES (8, 4, '테스트 채팅 메시지 78번', SYSDATE - 3, 'Y'); -- 78

INSERT INTO trade_chat_message (room_id, sender_id, message, created_at, read_yn)
VALUES (9, 5, '테스트 채팅 메시지 79번', SYSDATE - 3, 'Y'); -- 79

INSERT INTO trade_chat_message (room_id, sender_id, message, created_at, read_yn)
VALUES (10, 1, '테스트 채팅 메시지 80번', SYSDATE - 3, 'Y'); -- 80

-- SYSDATE - 2

INSERT INTO trade_chat_message (room_id, sender_id, message, created_at, read_yn)
VALUES (1, 2, '테스트 채팅 메시지 81번', SYSDATE - 2, 'Y'); -- 81

INSERT INTO trade_chat_message (room_id, sender_id, message, created_at, read_yn)
VALUES (2, 3, '테스트 채팅 메시지 82번', SYSDATE - 2, 'Y'); -- 82

INSERT INTO trade_chat_message (room_id, sender_id, message, created_at, read_yn)
VALUES (3, 4, '테스트 채팅 메시지 83번', SYSDATE - 2, 'Y'); -- 83

INSERT INTO trade_chat_message (room_id, sender_id, message, created_at, read_yn)
VALUES (4, 5, '테스트 채팅 메시지 84번', SYSDATE - 2, 'Y'); -- 84

INSERT INTO trade_chat_message (room_id, sender_id, message, created_at, read_yn)
VALUES (5, 1, '테스트 채팅 메시지 85번', SYSDATE - 2, 'Y'); -- 85

INSERT INTO trade_chat_message (room_id, sender_id, message, created_at, read_yn)
VALUES (6, 2, '테스트 채팅 메시지 86번', SYSDATE - 2, 'Y'); -- 86

INSERT INTO trade_chat_message (room_id, sender_id, message, created_at, read_yn)
VALUES (7, 3, '테스트 채팅 메시지 87번', SYSDATE - 2, 'Y'); -- 87

INSERT INTO trade_chat_message (room_id, sender_id, message, created_at, read_yn)
VALUES (8, 4, '테스트 채팅 메시지 88번', SYSDATE - 2, 'Y'); -- 88

INSERT INTO trade_chat_message (room_id, sender_id, message, created_at, read_yn)
VALUES (9, 5, '테스트 채팅 메시지 89번', SYSDATE - 2, 'Y'); -- 89

INSERT INTO trade_chat_message (room_id, sender_id, message, created_at, read_yn)
VALUES (10, 1, '테스트 채팅 메시지 90번', SYSDATE - 2, 'Y'); -- 90

-- SYSDATE - 1 (91~100 최신, 읽음 Y)

INSERT INTO trade_chat_message (room_id, sender_id, message, created_at, read_yn)
VALUES (1, 2, '테스트 채팅 메시지 91번', SYSDATE - 1, 'Y'); -- 91

INSERT INTO trade_chat_message (room_id, sender_id, message, created_at, read_yn)
VALUES (2, 3, '테스트 채팅 메시지 92번', SYSDATE - 1, 'Y'); -- 92

INSERT INTO trade_chat_message (room_id, sender_id, message, created_at, read_yn)
VALUES (3, 4, '테스트 채팅 메시지 93번', SYSDATE - 1, 'Y'); -- 93

INSERT INTO trade_chat_message (room_id, sender_id, message, created_at, read_yn)
VALUES (4, 5, '테스트 채팅 메시지 94번', SYSDATE - 1, 'Y'); -- 94

INSERT INTO trade_chat_message (room_id, sender_id, message, created_at, read_yn)
VALUES (5, 1, '테스트 채팅 메시지 95번', SYSDATE - 1, 'Y'); -- 95

INSERT INTO trade_chat_message (room_id, sender_id, message, created_at, read_yn)
VALUES (6, 2, '테스트 채팅 메시지 96번', SYSDATE - 1, 'Y'); -- 96

INSERT INTO trade_chat_message (room_id, sender_id, message, created_at, read_yn)
VALUES (7, 3, '테스트 채팅 메시지 97번', SYSDATE - 1, 'Y'); -- 97

INSERT INTO trade_chat_message (room_id, sender_id, message, created_at, read_yn)
VALUES (8, 4, '테스트 채팅 메시지 98번', SYSDATE - 1, 'Y'); -- 98

INSERT INTO trade_chat_message (room_id, sender_id, message, created_at, read_yn)
VALUES (9, 5, '테스트 채팅 메시지 99번', SYSDATE - 1, 'Y'); -- 99

INSERT INTO trade_chat_message (room_id, sender_id, message, created_at, read_yn)
VALUES (10, 1, '테스트 채팅 메시지 100번', SYSDATE - 1, 'Y'); -- 100

INSERT INTO trade_post_image(trade_id,image_url,sort_order) VALUES(1,'trade1_img1.jpg',1);
INSERT INTO trade_post_image(trade_id,image_url,sort_order) VALUES(1,'trade1_img2.jpg',2);
INSERT INTO trade_post_image(trade_id,image_url,sort_order) VALUES(1,'trade1_img3.jpg',3);
INSERT INTO trade_post_image(trade_id,image_url,sort_order) VALUES(1,'trade1_img4.jpg',4);

INSERT INTO trade_post_image(trade_id,image_url,sort_order) VALUES(2,'trade2_img1.jpg',1);
INSERT INTO trade_post_image(trade_id,image_url,sort_order) VALUES(2,'trade2_img2.jpg',2);
INSERT INTO trade_post_image(trade_id,image_url,sort_order) VALUES(2,'trade2_img3.jpg',3);
INSERT INTO trade_post_image(trade_id,image_url,sort_order) VALUES(2,'trade2_img4.jpg',4);

INSERT INTO trade_post_image(trade_id,image_url,sort_order) VALUES(3,'trade3_img1.jpg',1);
INSERT INTO trade_post_image(trade_id,image_url,sort_order) VALUES(3,'trade3_img2.jpg',2);
INSERT INTO trade_post_image(trade_id,image_url,sort_order) VALUES(3,'trade3_img3.jpg',3);
INSERT INTO trade_post_image(trade_id,image_url,sort_order) VALUES(3,'trade3_img4.jpg',4);

INSERT INTO trade_post_image(trade_id,image_url,sort_order) VALUES(4,'trade4_img1.jpg',1);
INSERT INTO trade_post_image(trade_id,image_url,sort_order) VALUES(4,'trade4_img2.jpg',2);
INSERT INTO trade_post_image(trade_id,image_url,sort_order) VALUES(4,'trade4_img3.jpg',3);
INSERT INTO trade_post_image(trade_id,image_url,sort_order) VALUES(4,'trade4_img4.jpg',4);

INSERT INTO trade_post_image(trade_id,image_url,sort_order) VALUES(5,'trade5_img1.jpg',1);
INSERT INTO trade_post_image(trade_id,image_url,sort_order) VALUES(5,'trade5_img2.jpg',2);
INSERT INTO trade_post_image(trade_id,image_url,sort_order) VALUES(5,'trade5_img3.jpg',3);
INSERT INTO trade_post_image(trade_id,image_url,sort_order) VALUES(5,'trade5_img4.jpg',4);
INSERT INTO trade_post_image(trade_id,image_url,sort_order) VALUES(6,'trade6_img1.jpg',1);
INSERT INTO trade_post_image(trade_id,image_url,sort_order) VALUES(6,'trade6_img2.jpg',2);
INSERT INTO trade_post_image(trade_id,image_url,sort_order) VALUES(6,'trade6_img3.jpg',3);
INSERT INTO trade_post_image(trade_id,image_url,sort_order) VALUES(6,'trade6_img4.jpg',4);

INSERT INTO trade_post_image(trade_id,image_url,sort_order) VALUES(7,'trade7_img1.jpg',1);
INSERT INTO trade_post_image(trade_id,image_url,sort_order) VALUES(7,'trade7_img2.jpg',2);
INSERT INTO trade_post_image(trade_id,image_url,sort_order) VALUES(7,'trade7_img3.jpg',3);
INSERT INTO trade_post_image(trade_id,image_url,sort_order) VALUES(7,'trade7_img4.jpg',4);

INSERT INTO trade_post_image(trade_id,image_url,sort_order) VALUES(8,'trade8_img1.jpg',1);
INSERT INTO trade_post_image(trade_id,image_url,sort_order) VALUES(8,'trade8_img2.jpg',2);
INSERT INTO trade_post_image(trade_id,image_url,sort_order) VALUES(8,'trade8_img3.jpg',3);
INSERT INTO trade_post_image(trade_id,image_url,sort_order) VALUES(8,'trade8_img4.jpg',4);

INSERT INTO trade_post_image(trade_id,image_url,sort_order) VALUES(9,'trade9_img1.jpg',1);
INSERT INTO trade_post_image(trade_id,image_url,sort_order) VALUES(9,'trade9_img2.jpg',2);
INSERT INTO trade_post_image(trade_id,image_url,sort_order) VALUES(9,'trade9_img3.jpg',3);
INSERT INTO trade_post_image(trade_id,image_url,sort_order) VALUES(9,'trade9_img4.jpg',4);

INSERT INTO trade_post_image(trade_id,image_url,sort_order) VALUES(10,'trade10_img1.jpg',1);
INSERT INTO trade_post_image(trade_id,image_url,sort_order) VALUES(10,'trade10_img2.jpg',2);
INSERT INTO trade_post_image(trade_id,image_url,sort_order) VALUES(10,'trade10_img3.jpg',3);
INSERT INTO trade_post_image(trade_id,image_url,sort_order) VALUES(10,'trade10_img4.jpg',4);

INSERT INTO board_report(post_id,comment_id,reporter_id,reason,status,created_at)
VALUES(1,NULL,5,'스팸/홍보성 게시글입니다.','WAIT',SYSDATE-10);

INSERT INTO board_report(post_id,comment_id,reporter_id,reason,status,created_at)
VALUES(2,NULL,8,'주제와 맞지 않는 내용입니다.','WAIT',SYSDATE-9);

INSERT INTO board_report(post_id,comment_id,reporter_id,reason,status,created_at)
VALUES(3,NULL,12,'욕설 및 비방이 포함되어 있습니다.','WAIT',SYSDATE-9);

INSERT INTO board_report(post_id,comment_id,reporter_id,reason,status,created_at)
VALUES(4,NULL,7,'중복 게시글로 보입니다.','DONE',SYSDATE-8);

INSERT INTO board_report(post_id,comment_id,reporter_id,reason,status,created_at)
VALUES(5,NULL,10,'허위 정보가 포함된 것 같습니다.','WAIT',SYSDATE-8);

INSERT INTO board_report(post_id,comment_id,reporter_id,reason,status,created_at)
VALUES(6,NULL,3,'선정적인 내용이 포함되어 있습니다.','WAIT',SYSDATE-7);

INSERT INTO board_report(post_id,comment_id,reporter_id,reason,status,created_at)
VALUES(7,NULL,4,'저작권을 침해하는 이미지가 포함된 것 같습니다.','DONE',SYSDATE-7);

INSERT INTO board_report(post_id,comment_id,reporter_id,reason,status,created_at)
VALUES(8,NULL,9,'타인 사칭이 의심되는 게시글입니다.','WAIT',SYSDATE-6);

INSERT INTO board_report(post_id,comment_id,reporter_id,reason,status,created_at)
VALUES(9,NULL,2,'광고/홍보 목적의 글로 보입니다.','WAIT',SYSDATE-6);

INSERT INTO board_report(post_id,comment_id,reporter_id,reason,status,created_at)
VALUES(10,NULL,11,'비속어 사용이 심한 게시글입니다.','DONE',SYSDATE-5);

-- 댓글 신고 (comment_id 기준)
INSERT INTO board_report(post_id,comment_id,reporter_id,reason,status,created_at)
VALUES(NULL,1,5,'댓글에 욕설이 포함되어 있습니다.','WAIT',SYSDATE-5);

INSERT INTO board_report(post_id,comment_id,reporter_id,reason,status,created_at)
VALUES(NULL,2,6,'도배성 댓글로 보입니다.','WAIT',SYSDATE-5);

INSERT INTO board_report(post_id,comment_id,reporter_id,reason,status,created_at)
VALUES(NULL,3,7,'타인을 비방하는 내용입니다.','DONE',SYSDATE-4);

INSERT INTO board_report(post_id,comment_id,reporter_id,reason,status,created_at)
VALUES(NULL,4,8,'정치/사회 분쟁을 유도하는 댓글입니다.','WAIT',SYSDATE-4);

INSERT INTO board_report(post_id,comment_id,reporter_id,reason,status,created_at)
VALUES(NULL,5,9,'개인정보 노출이 우려됩니다.','WAIT',SYSDATE-4);

INSERT INTO board_report(post_id,comment_id,reporter_id,reason,status,created_at)
VALUES(NULL,6,10,'성적인 표현이 포함되어 있습니다.','DONE',SYSDATE-3);

INSERT INTO board_report(post_id,comment_id,reporter_id,reason,status,created_at)
VALUES(NULL,7,11,'상대방을 괴롭히는 내용입니다.','WAIT',SYSDATE-3);

INSERT INTO board_report(post_id,comment_id,reporter_id,reason,status,created_at)
VALUES(NULL,8,12,'지나친 비하 표현이 있습니다.','WAIT',SYSDATE-3);

INSERT INTO board_report(post_id,comment_id,reporter_id,reason,status,created_at)
VALUES(NULL,9,13,'광고 링크가 포함된 댓글입니다.','DONE',SYSDATE-2);

INSERT INTO board_report(post_id,comment_id,reporter_id,reason,status,created_at)
VALUES(NULL,10,14,'도배성 이모티콘 댓글입니다.','WAIT',SYSDATE-2);

-- 게시글 신고 추가
INSERT INTO board_report(post_id,comment_id,reporter_id,reason,status,created_at)
VALUES(11,NULL,15,'규칙 위반으로 보이는 게시글입니다.','WAIT',SYSDATE-2);

INSERT INTO board_report(post_id,comment_id,reporter_id,reason,status,created_at)
VALUES(12,NULL,16,'불쾌감을 주는 표현이 있습니다.','DONE',SYSDATE-2);

INSERT INTO board_report(post_id,comment_id,reporter_id,reason,status,created_at)
VALUES(13,NULL,17,'특정 대상을 괴롭히는 내용입니다.','WAIT',SYSDATE-1);

INSERT INTO board_report(post_id,comment_id,reporter_id,reason,status,created_at)
VALUES(14,NULL,18,'거래 사기를 유도하는 것 같습니다.','WAIT',SYSDATE-1);

INSERT INTO board_report(post_id,comment_id,reporter_id,reason,status,created_at)
VALUES(15,NULL,19,'허위 사실을 유포하는 내용 같습니다.','DONE',SYSDATE-1);

INSERT INTO board_report(post_id,comment_id,reporter_id,reason,status,created_at)
VALUES(16,NULL,20,'게시판 규칙에 맞지 않는 홍보글입니다.','WAIT',SYSDATE-1);

INSERT INTO board_report(post_id,comment_id,reporter_id,reason,status,created_at)
VALUES(17,NULL,21,'타인의 명예를 훼손하는 내용입니다.','WAIT',SYSDATE);

INSERT INTO board_report(post_id,comment_id,reporter_id,reason,status,created_at)
VALUES(18,NULL,22,'부적절한 이미지가 포함되어 있습니다.','DONE',SYSDATE);

-- 댓글 신고 추가
INSERT INTO board_report(post_id,comment_id,reporter_id,reason,status,created_at)
VALUES(NULL,11,5,'게시글과 관련 없는 내용의 댓글입니다.','WAIT',SYSDATE-1);

INSERT INTO board_report(post_id,comment_id,reporter_id,reason,status,created_at)
VALUES(NULL,12,6,'타인을 조롱하는 내용입니다.','WAIT',SYSDATE-1);

INSERT INTO board_report(post_id,comment_id,reporter_id,reason,status,created_at)
VALUES(NULL,13,7,'허위 정보를 퍼뜨리는 댓글 같습니다.','DONE',SYSDATE-1);

INSERT INTO board_report(post_id,comment_id,reporter_id,reason,status,created_at)
VALUES(NULL,14,8,'도배성 댓글 신고합니다.','WAIT',SYSDATE-1);

INSERT INTO board_report(post_id,comment_id,reporter_id,reason,status,created_at)
VALUES(NULL,15,9,'욕설이 반복적으로 사용되었습니다.','WAIT',SYSDATE);

INSERT INTO board_report(post_id,comment_id,reporter_id,reason,status,created_at)
VALUES(NULL,16,10,'개인을 공격하는 표현이 있습니다.','DONE',SYSDATE);

INSERT INTO board_report(post_id,comment_id,reporter_id,reason,status,created_at)
VALUES(NULL,17,11,'정치적 분쟁을 유도하는 댓글입니다.','WAIT',SYSDATE);

INSERT INTO board_report(post_id,comment_id,reporter_id,reason,status,created_at)
VALUES(NULL,18,12,'상업적 광고로 보입니다.','WAIT',SYSDATE);

INSERT INTO board_report(post_id,comment_id,reporter_id,reason,status,created_at)
VALUES(NULL,19,13,'불법 거래를 암시하는 내용입니다.','WAIT',SYSDATE);

INSERT INTO board_report(post_id,comment_id,reporter_id,reason,status,created_at)
VALUES(NULL,20,14,'타 커뮤니티로 유도하는 스팸 댓글입니다.','DONE',SYSDATE);

-- 게시글/댓글 혼합
INSERT INTO board_report(post_id,comment_id,reporter_id,reason,status,created_at)
VALUES(19,NULL,15,'게시판 성격과 맞지 않는 홍보성 글입니다.','WAIT',SYSDATE);

INSERT INTO board_report(post_id,comment_id,reporter_id,reason,status,created_at)
VALUES(20,NULL,16,'과도한 비방 표현이 포함된 게시글입니다.','WAIT',SYSDATE);

commit ;



